SALE TYPE,SOLD DATE,PROPERTY TYPE,ADDRESS,CITY,STATE OR PROVINCE,ZIP OR POSTAL CODE,PRICE,BEDS,BATHS,LOCATION,SQUARE FEET,LOT SIZE,YEAR BUILT,DAYS ON MARKET,$/SQUARE FEET,HOA/MONTH,STATUS,NEXT OPEN HOUSE START TIME,NEXT OPEN HOUSE END TIME,URL (SEE https://www.redfin.com/buy-a-home/comparative-market-analysis FOR INFO ON PRICING),SOURCE,MLS#,FAVORITE,INTERESTED,LATITUDE,LONGITUDE
"In accordance with local MLS rules, some MLS listings are not included in the download",,,,,,,,,,,,,,,,,,,,,,,,,,
MLS Listing,,Single Family Residential,1531 NW 90th St,Seattle,WA,98117,1550000,4,4,Ballard,3180,7800,1957,3,487,,Active,,,https://www.redfin.com/WA/Seattle/1531-NW-90th-St-98117/home/100801,NWMLS as Distributed by MLS Grid,2237151,N,Y,47.69458146,-122.3782213
PAST SALE,,Townhouse,9215 A 14th Ave NW,Seattle,WA,98117,704900,2,2,Crown Hill,1152,815,2024,1,612,49,Pending,,,https://www.redfin.com/WA/Seattle/9215-14th-Ave-NW-98117/home/190690833,NWMLS as Distributed by MLS Grid,2181084,N,Y,47.6964644,-122.3743152
PAST SALE,,Townhouse,8520 16th Ave NW Unit B,Seattle,WA,98117,759000,2,2,Crown Hill,1476,630,2023,55,514,,Pending,,,https://www.redfin.com/WA/Seattle/8520-16th-Ave-NW-98117/unit-B/home/190265455,NWMLS as Distributed by MLS Grid,2214171,N,Y,47.6912487,-122.3776057
PAST SALE,December-1-2011,Single Family Residential,8819 27th Ave NW,Seattle,WA,98117,1275000,3,3,North Beach,2390,7888,1959,1,533,,Pending,,,https://www.redfin.com/WA/Seattle/8819-27th-Ave-NW-98117/home/164068,NWMLS as Distributed by MLS Grid,2237612,N,Y,47.6934088,-122.3911403
PAST SALE,,Townhouse,8326 B (SB-2) 13th Ave NW,Seattle,WA,98117,959900,3,2.5,Crown Hill,1794,1062,2024,1,535,23,Pending,,,https://www.redfin.com/WA/Seattle/8326-B-SB-2-13th-Ave-NW-98117/home/190297555,NWMLS as Distributed by MLS Grid,2150919,N,Y,47.68954,-122.372258
MLS Listing,,Single Family Residential,6724 18th Ave NW,Seattle,WA,98117,950000,3,2.5,Loyal Heights,1640,3570,1929,1,579,,Active,May-19-2024 01:00 PM,May-19-2024 04:00 PM,https://www.redfin.com/WA/Seattle/6724-18th-Ave-NW-98117/home/164295,NWMLS as Distributed by MLS Grid,2238195,N,Y,47.678482,-122.3797254
MLS Listing,,Townhouse,7731 B Mary Ave NW,Seattle,WA,98117,964950,3,2,Whittier,1694,1454,2024,1,570,,Active,,,https://www.redfin.com/WA/Seattle/7731-Mary-Ave-NW-98117/home/496456,NWMLS as Distributed by MLS Grid,2232464,N,Y,47.6860051,-122.3757761
MLS Listing,,Single Family Residential,7519 28th Ave NW,Seattle,WA,98117,1150000,6,2.5,Ballard,2870,7023,1945,1,401,,Active,,,https://www.redfin.com/WA/Seattle/7519-28th-Ave-NW-98117/home/164887,NWMLS as Distributed by MLS Grid,2238551,N,Y,47.6837043,-122.393348
MLS Listing,,Condo/Co-op,7029 25th Ave NW Unit B,Seattle,WA,98117,839950,2,1.5,Loyal Heights,1069,1,2024,1,786,81,Active,May-18-2024 11:00 AM,May-18-2024 01:00 PM,https://www.redfin.com/WA/Seattle/7029-25th-Ave-NW-98117/unit-B/home/190814294,NWMLS as Distributed by MLS Grid,2238956,N,Y,47.6803475,-122.3890067
MLS Listing,,Townhouse,8747 NW 14th Ave Unit D,Seattle,WA,98117,1199999,4,2.5,Crown Hill,1923,1676,2021,1,624,,Active,May-17-2024 04:00 PM,May-17-2024 06:00 PM,https://www.redfin.com/WA/Seattle/8747-14th-Ave-NW-98117/unit-D/home/175727744,NWMLS as Distributed by MLS Grid,2239111,N,Y,47.6934005,-122.37432
MLS Listing,,Townhouse,809 NW 97th St Unit B,Seattle,WA,98117,796000,3,3.5,Greenwood,1460,1200,2006,1,545,,Active,,,https://www.redfin.com/WA/Seattle/809-NW-97th-St-98117/unit-B/home/12303931,NWMLS as Distributed by MLS Grid,2239008,N,Y,47.6999709,-122.3665874
MLS Listing,,Single Family Residential,6747 11th Ave NW,Seattle,WA,98117,769000,3,2,Whittier,1210,4441,1908,1,636,,Active,,,https://www.redfin.com/WA/Seattle/6747-11th-Ave-NW-98117/home/498576,NWMLS as Distributed by MLS Grid,2238809,N,Y,47.6791837,-122.3711703
MLS Listing,,Single Family Residential,9524 6th Ave NW,Seattle,WA,98117,679000,1,1,Greenwood,820,8003,1950,1,828,,Active,,,https://www.redfin.com/WA/Seattle/9524-6th-Ave-NW-98117/home/100577,NWMLS as Distributed by MLS Grid,2236779,N,Y,47.6987054,-122.3630809
MLS Listing,,Townhouse,8507 17th Ave NW,Seattle,WA,98117,878655,4,2.5,Loyal Heights,1790,1977,2008,1,491,,Active,,,https://www.redfin.com/WA/Seattle/8507-17th-Ave-NW-98117/home/18658100,NWMLS as Distributed by MLS Grid,2238669,N,Y,47.6908677,-122.3793534
MLS Listing,,Multi-Family (2-4 Unit),7309 26th Ave NW,Seattle,WA,98117,970000,4,2,Loyal Heights,1970,4250,1908,1,492,,Active,May-19-2024 01:00 PM,May-19-2024 03:00 PM,https://www.redfin.com/WA/Seattle/7309-26th-Ave-NW-98117/home/165242,NWMLS as Distributed by MLS Grid,2238733,N,Y,47.6816222,-122.3900284
PAST SALE,,Townhouse,1523 C NW 90th St,Seattle,WA,98117,865000,2,2.5,Olympic Manor,1560,1079,2016,1,554,,Pending,,,https://www.redfin.com/WA/Seattle/1523C-NW-90th-St-98117/home/190732466,NWMLS as Distributed by MLS Grid,2235290,N,Y,47.6943109,-122.3780791
PAST SALE,April-21-2017,Condo/Co-op,6535 Seaview Ave NW Unit B512,Seattle,WA,98117,875000,2,2,Sunset Hill,1120,493025,1968,1,781,1185,Pending,,,https://www.redfin.com/WA/Seattle/6535-Seaview-Ave-NW-98117/unit-B512/home/113457777,NWMLS as Distributed by MLS Grid,2229129,N,Y,47.6762011,-122.4076842
MLS Listing,,Townhouse,8543 14th Ave NW Unit B,Seattle,WA,98117,927500,3,2,Crown Hill,1694,905,2024,1,548,,Active,,,https://www.redfin.com/WA/Seattle/8543-14th-Ave-NW-98117/unit-B/home/190806097,NWMLS as Distributed by MLS Grid,2237492,N,Y,47.6911305,-122.3741068
MLS Listing,,Condo/Co-op,8009 27th Ave NW,Seattle,WA,98117,1175000,3,2.5,Loyal Heights,1705,1293,2024,1,689,90,Active,May-18-2024 12:00 PM,May-18-2024 03:00 PM,https://www.redfin.com/WA/Seattle/8009-27th-Ave-NW-98117/home/165953,NWMLS as Distributed by MLS Grid,2236929,N,Y,47.6871513,-122.3911258
MLS Listing,,Condo/Co-op,8009 27th Ave NW Unit B,Seattle,WA,98117,729950,2,2,Loyal Heights,1095,547,2024,1,667,90,Active,May-18-2024 12:00 PM,May-18-2024 03:00 PM,https://www.redfin.com/WA/Seattle/8009-27th-Ave-NW-98117/unit-B/home/190806011,NWMLS as Distributed by MLS Grid,2236936,N,Y,47.6871555,-122.3911567
MLS Listing,,Condo/Co-op,8011 27th Ave NW,Seattle,WA,98117,849950,2,2,Loyal Heights,1022,729,2024,1,832,55,Active,May-18-2024 12:00 PM,May-18-2024 03:00 PM,https://www.redfin.com/WA/Seattle/8011-27th-Ave-NW-98117/home/190806010,NWMLS as Distributed by MLS Grid,2236949,N,Y,47.6871875,-122.3911448
MLS Listing,,Single Family Residential,6528 25th Ave NW,Seattle,WA,98117,650000,2,1,Ballard,610,2550,1900,1,1066,,Active,May-17-2024 11:30 AM,May-17-2024 01:00 PM,https://www.redfin.com/WA/Seattle/6528-25th-Ave-NW-98117/home/164041,NWMLS as Distributed by MLS Grid,2237322,N,Y,47.6767585,-122.3884189
PAST SALE,,Single Family Residential,8053 27th Ave NW,Seattle,WA,98117,700000,3,1,Loyal Heights,1440,3333,1924,3,486,,Pending,,,https://www.redfin.com/WA/Seattle/8053-27th-Ave-NW-98117/home/163781,NWMLS as Distributed by MLS Grid,2236147,N,Y,47.6883297,-122.3911363
PAST SALE,October-13-2022,Single Family Residential,9540 4th Ave NW,Seattle,WA,98117,2150000,4,4.5,Greenwood,3219,6693,2024,3,668,,Pending,,,https://www.redfin.com/WA/Seattle/9540-4th-Ave-NW-98117/home/100945,NWMLS as Distributed by MLS Grid,2228408,N,Y,47.6991272,-122.3617776
PAST SALE,November-17-2023,Single Family Residential,8022 10th Ave NW,Seattle,WA,98117,1200000,4,3,Whittier,1880,3750,1982,3,638,,Pending,,,https://www.redfin.com/WA/Seattle/8022-10th-Ave-NW-98117/home/496862,NWMLS as Distributed by MLS Grid,2227460,N,Y,47.6876115,-122.369032
PAST SALE,May-1-2019,Single Family Residential,7717 28th NW,Seattle,WA,98117,1175000,3,2,Loyal Heights,2100,5019,1937,4,560,,Pending,,,https://www.redfin.com/WA/Seattle/7717-28th-Ave-NW-98117/home/165379,NWMLS as Distributed by MLS Grid,2234564,N,Y,47.685542,-122.393383
PAST SALE,April-16-2020,Single Family Residential,7403 8th Ave NW,Seattle,WA,98117,899950,4,2,Whittier,1820,4218,1913,5,494,,Pending,,,https://www.redfin.com/WA/Seattle/7403-8th-Ave-NW-98117/home/497996,NWMLS as Distributed by MLS Grid,2227811,N,Y,47.6826368,-122.3664176
PAST SALE,June-4-2021,Single Family Residential,9213 1st Ave NW,Seattle,WA,98117,1050000,3,2,Greenwood,2750,6350,1915,5,382,,Pending,,,https://www.redfin.com/WA/Seattle/9213-1st-Ave-NW-98117/home/99928,NWMLS as Distributed by MLS Grid,2227753,N,Y,47.6964611,-122.3583653
PAST SALE,,Townhouse,8541 14th Ave NW Unit A,Seattle,WA,98117,899950,4,2.5,Crown Hill,1730,1864,2024,5,520,,Pending,,,https://www.redfin.com/WA/Seattle/8541-14th-Ave-NW-98117/unit-A/home/190593170,NWMLS as Distributed by MLS Grid,2235510,N,Y,47.6918777,-122.3743882
PAST SALE,September-22-2008,Single Family Residential,324 NW 80th St,Seattle,WA,98117,675000,2,1,Greenwood,840,4800,1912,5,804,,Pending,,,https://www.redfin.com/WA/Seattle/324-NW-80th-St-98117/home/498046,NWMLS as Distributed by MLS Grid,2221852,N,Y,47.6872155,-122.3618244
PAST SALE,March-30-2018,Single Family Residential,8332 17th Ave NW,Seattle,WA,98117,1189950,3,3,Ballard,2160,4514,1924,5,551,,Pending,,,https://www.redfin.com/WA/Seattle/8332-17th-Ave-NW-98117/home/166874,NWMLS as Distributed by MLS Grid,2231929,N,Y,47.689719,-122.3786506
PAST SALE,February-20-1992,Single Family Residential,7333 19th Ave NW,Seattle,WA,98117,975000,3,2,Loyal Heights,1310,5100,1909,5,744,,Pending,,,https://www.redfin.com/WA/Seattle/7333-19th-Ave-NW-98117/home/165868,NWMLS as Distributed by MLS Grid,2234371,N,Y,47.6823192,-122.3813332
PAST SALE,September-26-2014,Single Family Residential,8536 18th Ave NW,Seattle,WA,98117,850000,3,2,Crown Hill,1510,4000,1924,5,563,,Pending,,,https://www.redfin.com/WA/Seattle/8536-18th-Ave-NW-98117/home/101104,NWMLS as Distributed by MLS Grid,2223844,N,Y,47.6917403,-122.3797158
PAST SALE,November-22-2019,Single Family Residential,218 NW 73rd St,Seattle,WA,98117,1075000,4,2,Phinney Ridge,2060,4470,1926,5,522,,Pending,,,https://www.redfin.com/WA/Seattle/218-NW-73rd-St-98117/home/495013,NWMLS as Distributed by MLS Grid,2217436,N,Y,47.6820243,-122.3603557
PAST SALE,,Townhouse,8324 B (SC-2) 13th Ave NW,Seattle,WA,98117,949900,3,2.5,Crown Hill,1794,1062,2024,5,529,23,Pending,,,https://www.redfin.com/WA/Seattle/8324-B-SC-2-13th-Ave-NW-98117/home/190073990,NWMLS as Distributed by MLS Grid,2150973,N,Y,47.689334,-122.372258
PAST SALE,,Single Family Residential,6740 5th Ave NW,Seattle,WA,98117,997000,3,2,Phinney Ridge,2440,5000,1950,5,409,,Pending,,,https://www.redfin.com/WA/Seattle/6740-5th-Ave-NW-98117/home/495636,NWMLS as Distributed by MLS Grid,2231854,N,Y,47.6790216,-122.3622596
PAST SALE,January-29-2009,Single Family Residential,8317 17th Ave NW,Seattle,WA,98117,875000,3,2,Loyal Heights,1578,4005,1925,5,554,,Pending,,,https://www.redfin.com/WA/Seattle/8317-17th-Ave-NW-98117/home/163750,NWMLS as Distributed by MLS Grid,2228106,N,Y,47.6893424,-122.3791845
PAST SALE,October-10-1997,Single Family Residential,1408 NW 73rd St,Seattle,WA,98117,825000,2,1,Ballard,1200,3750,1908,6,688,,Pending,,,https://www.redfin.com/WA/Seattle/1408-NW-73rd-St-98117/home/495830,NWMLS as Distributed by MLS Grid,2226001,N,Y,47.6816448,-122.3740676
PAST SALE,April-20-2015,Single Family Residential,6535 25th Ave NW,Seattle,WA,98117,850000,2,1,Ballard,920,3060,1903,6,924,,Pending,,,https://www.redfin.com/WA/Seattle/6535-25th-Ave-NW-98117/home/163548,NWMLS as Distributed by MLS Grid,2223056,N,Y,47.6769599,-122.3889357
PAST SALE,September-20-1984,Single Family Residential,7302 14th Ave NW,Seattle,WA,98117,835000,2,2,Ballard,2180,5000,1923,6,383,,Pending,,,https://www.redfin.com/WA/Seattle/7302-14th-Ave-NW-98117/home/497425,NWMLS as Distributed by MLS Grid,2226999,N,Y,47.6815777,-122.3733205
PAST SALE,November-17-1998,Single Family Residential,722 NW 73rd St,Seattle,WA,98117,975000,3,2,Phinney Ridge,1560,4000,1910,6,625,,Pending,,,https://www.redfin.com/WA/Seattle/722-NW-73rd-St-98117/home/496107,NWMLS as Distributed by MLS Grid,2233279,N,Y,47.682077,-122.3656254
PAST SALE,,Single Family Residential,7342 20TH Ave NW,Seattle,WA,98117,650000,4,1,Loyal Heights,1450,3570,1927,6,448,,Pending,,,https://www.redfin.com/WA/Seattle/7342-20th-Ave-NW-98117/home/165413,NWMLS as Distributed by MLS Grid,2220985,N,Y,47.6825546,-122.381907
MLS Listing,,Single Family Residential,8721 18th Ave NW,Seattle,WA,98117,750000,1,2,Crown Hill,810,6000,1940,6,926,,Active,,,https://www.redfin.com/WA/Seattle/8721-18th-Ave-NW-98117/home/99914,NWMLS as Distributed by MLS Grid,2236450,N,Y,47.6931124,-122.3802957
MLS Listing,,Townhouse,9013 B 13th Ave NW,Seattle,WA,98117,769950,3,2,Crown Hill,1292,1048,2024,6,596,,Active,May-18-2024 02:00 PM,May-18-2024 04:30 PM,https://www.redfin.com/WA/Seattle/9013-13th-Ave-NW-98117/home/100130,NWMLS as Distributed by MLS Grid,2200819,N,Y,47.6946542,-122.3731029
MLS Listing,,Single Family Residential,356 NW 80th St,Seattle,WA,98117,1375000,4,3,Greenwood,2438,4690,1908,6,564,,Active,May-19-2024 11:00 AM,May-19-2024 01:00 PM,https://www.redfin.com/WA/Seattle/356-NW-80th-St-98117/home/496913,NWMLS as Distributed by MLS Grid,2235565,N,Y,47.6871609,-122.3631038
PAST SALE,,Single Family Residential,8326 28th Ave NW Unit B,Seattle,WA,98117,860000,2,2.5,Loyal Heights,1091,2555,2024,7,788,5,Pending,,,https://www.redfin.com/WA/Seattle/8326-28th-Avenue-NW-98117/unit-B/home/190681948,NWMLS as Distributed by MLS Grid,2232700,N,Y,47.6898375,-122.3927938
PAST SALE,May-30-2001,Single Family Residential,9212 3rd Ave NW,Seattle,WA,98117,970000,3,2,Greenwood,2560,5850,1916,7,379,,Pending,,,https://www.redfin.com/WA/Seattle/9212-3rd-Ave-NW-98117/home/100445,NWMLS as Distributed by MLS Grid,2224946,N,Y,47.6964823,-122.3604739
PAST SALE,May-28-2010,Single Family Residential,9253 View Ave NW,Seattle,WA,98117,2400000,4,3,North Beach,2800,13070,1939,7,857,,Pending,,,https://www.redfin.com/WA/Seattle/9253-View-Ave-NW-98117/home/289328,NWMLS as Distributed by MLS Grid,2227007,N,Y,47.6972577,-122.3994665
MLS Listing,,Condo/Co-op,7029 25th Ave NW,Seattle,WA,98117,1349900,3,3.5,Loyal Heights,2040,,2024,7,662,81,Active,May-18-2024 11:00 AM,May-18-2024 01:00 PM,https://www.redfin.com/WA/Seattle/7029-25th-Ave-NW-98117/home/164824,NWMLS as Distributed by MLS Grid,2234783,N,Y,47.6803642,-122.3890231
MLS Listing,,Townhouse,8326 D (SB-4) 13th Ave NW,Seattle,WA,98117,989900,3,2.5,Crown Hill,1810,1434,2024,7,547,23,Active,,,https://www.redfin.com/WA/Seattle/8326-D-SB-4-13th-Ave-NW-98117/home/190734444,NWMLS as Distributed by MLS Grid,2151033,N,Y,47.68954,-122.372258
MLS Listing,,Single Family Residential,9610 13th Ave NW,Seattle,WA,98117,875000,3,2,Crown Hill,1340,6600,1951,7,653,,Active,May-19-2024 12:00 PM,May-19-2024 02:00 PM,https://www.redfin.com/WA/Seattle/9610-13th-Ave-NW-98117/home/96123,NWMLS as Distributed by MLS Grid,2227589,N,Y,47.6995711,-122.3724372
MLS Listing,,Single Family Residential,2824 NW 93rd St,Seattle,WA,98117,2495000,7,5,North Beach,5470,15300,1948,7,456,,Active,May-19-2024 11:00 AM,May-19-2024 01:00 PM,https://www.redfin.com/WA/Seattle/2824-NW-93rd-St-98117/home/289982,NWMLS as Distributed by MLS Grid,2228372,N,Y,47.6969576,-122.394028
MLS Listing,,Townhouse,9205 A 14th Ave NW,Seattle,WA,98117,724900,2,2,Crown Hill,1152,733,2024,7,629,49,Active,May-18-2024 02:30 PM,May-18-2024 04:30 PM,https://www.redfin.com/WA/Seattle/9205-14th-Ave-NW-98117/unit-A/home/178435870,NWMLS as Distributed by MLS Grid,2181094,N,Y,47.6963814,-122.374392
PAST SALE,December-8-2017,Single Family Residential,7515 26th Ave NW,Seattle,WA,98117,995000,4,2,Loyal Heights,1890,3880,1911,8,526,,Pending,,,https://www.redfin.com/WA/Seattle/7515-26th-Ave-NW-98117/home/166030,NWMLS as Distributed by MLS Grid,2230686,N,Y,47.683634,-122.3900642
MLS Listing,,Townhouse,6710 15th Ave NW,Seattle,WA,98117,820000,3,3,Ballard,1510,712,2015,8,543,,Active,,,https://www.redfin.com/WA/Seattle/6710-15th-Ave-NW-98117/home/55550953,NWMLS as Distributed by MLS Grid,2234460,N,Y,47.678137,-122.376507
PAST SALE,,Single Family Residential,8310 9th Ave NW,Seattle,WA,98117,648500,2,1,Ballard,992,1,2024,9,654,49,Pending,,,https://www.redfin.com/WA/Seattle/8310-9th-Ave-NW-98117/home/190672814,NWMLS as Distributed by MLS Grid,2232401,N,Y,47.6895038,-122.3680511
PAST SALE,,Townhouse,8324 C (SC-3) 13th Ave NW,Seattle,WA,98117,949900,3,2.5,Crown Hill,1794,1062,2024,9,529,23,Pending,,,https://www.redfin.com/WA/Seattle/8324-C-SC-3-13th-Ave-NW-98117/home/186492489,NWMLS as Distributed by MLS Grid,2209297,N,Y,47.689334,-122.372258
PAST SALE,July-2-2019,Single Family Residential,330 NW 89th St,Seattle,WA,98117,885000,3,2,Greenwood,1950,4800,1926,10,454,,Pending,,,https://www.redfin.com/WA/Seattle/330-NW-89th-St-98117/home/100221,NWMLS as Distributed by MLS Grid,2211223,N,Y,47.6936791,-122.3618955
PAST SALE,,Single Family Residential,8916 31st Ave NW Unit B,Seattle,WA,98117,859950,2,2,North Beach,1124,6500,2024,10,765,20,Pending,,,https://www.redfin.com/WA/Seattle/8916-31st-Ave-NW-98117/unit-B/home/190593546,NWMLS as Distributed by MLS Grid,2229496,N,Y,47.6941415,-122.396671
PAST SALE,March-20-2019,Single Family Residential,8045 27th Ave NW,Seattle,WA,98117,850000,3,1.5,Loyal Heights,1340,3880,1925,10,634,,Pending,,,https://www.redfin.com/WA/Seattle/8045-27th-Ave-NW-98117/home/163980,NWMLS as Distributed by MLS Grid,2224669,N,Y,47.6881458,-122.3911219
MLS Listing,,Condo/Co-op,9508 9th Ave NW,Seattle,WA,98117,684000,3,2,Crown Hill,1600,,1900,10,428,150,Active,,,https://www.redfin.com/WA/Seattle/9508-9th-Ave-NW-98117/home/189960961,NWMLS as Distributed by MLS Grid,2230885,N,Y,47.6980753,-122.3686189
PAST SALE,June-16-2003,Single Family Residential,2810 NW 87th,Seattle,WA,98117,1377000,3,2,North Beach,2600,6380,1929,11,530,,Pending,,,https://www.redfin.com/WA/Seattle/2810-NW-87th-St-98117/home/166889,NWMLS as Distributed by MLS Grid,2225456,N,Y,47.6922467,-122.3935996
PAST SALE,,Single Family Residential,7031 25th Ave NW,Seattle,WA,98117,875950,2,2.5,Loyal Heights,1070,1,2024,11,819,1,Pending,,,https://www.redfin.com/WA/Seattle/7031-25th-Ave-NW-98117/home/190671745,NWMLS as Distributed by MLS Grid,2232870,N,Y,47.6804102,-122.3890082
MLS Listing,,Single Family Residential,9221 3rd Ave NW,Seattle,WA,98117,975950,3,3.5,Greenwood,1605,1425,2024,13,608,85,Active,May-18-2024 11:00 AM,May-18-2024 01:00 PM,https://www.redfin.com/WA/Seattle/9221-3rd-Ave-NW-98117/home/190670517,NWMLS as Distributed by MLS Grid,2232902,N,Y,47.6967617,-122.3609619
MLS Listing,,Condo/Co-op,6535 Seaview Ave NW Unit 208B,Seattle,WA,98117,725000,2,2,Ballard,1059,,1968,13,685,1004,Active,,,https://www.redfin.com/WA/Seattle/6535-Seaview-Ave-NW-98117/unit-208B/home/3305,NWMLS as Distributed by MLS Grid,2228754,N,Y,47.6762011,-122.4076842
MLS Listing,,Single Family Residential,8326 28th Ave NW,Seattle,WA,98117,1686000,5,3.5,Loyal Heights,3017,3080,2024,14,559,5,Active,,,https://www.redfin.com/WA/Seattle/8326-28th-Ave-NW-98117/home/190674235,NWMLS as Distributed by MLS Grid,2231948,N,Y,47.6898375,-122.3927938
MLS Listing,,Single Family Residential,6755 25th Ave NW,Seattle,WA,98117,949950,2,2,Ballard,1869,4234,1903,14,508,17,Active,May-18-2024 02:00 PM,May-18-2024 04:00 PM,https://www.redfin.com/WA/Seattle/6755-25th-Ave-NW-98117/home/164467,NWMLS as Distributed by MLS Grid,2230477,N,Y,47.6792615,-122.3889529
MLS Listing,,Single Family Residential,2312 NW 65th St,Seattle,WA,98117,2250000,4,4,Ballard,3415,3881,2024,14,659,,Active,May-19-2024 11:00 AM,May-19-2024 02:00 PM,https://www.redfin.com/WA/Seattle/2312-NW-65th-St-98117/home/190669688,NWMLS as Distributed by MLS Grid,2224089,N,Y,47.6762156,-122.3856243
MLS Listing,,Single Family Residential,1602 NW 83rd St,Seattle,WA,98117,1300000,5,2,Loyal Heights,2040,4367,1928,15,637,,Active,May-18-2024 11:00 AM,May-18-2024 01:00 PM,https://www.redfin.com/WA/Seattle/1602-NW-83rd-St-98117/home/163245,NWMLS as Distributed by MLS Grid,2219732,N,Y,47.6889021,-122.3781083
MLS Listing,,Single Family Residential,311 NW 100th St,Seattle,WA,98117,798000,2,2,Crown Hill,1079,2243,2024,15,740,53,Active,,,https://www.redfin.com/WA/Seattle/311-NW-100th-St-98177/home/190673604,NWMLS as Distributed by MLS Grid,2211376,N,Y,47.7014083,-122.3611998
MLS Listing,,Condo/Co-op,6533 Seaview Ave NW Unit A509,Seattle,WA,98117,725000,1,1,Ballard,804,,1968,15,902,1248,Active,,,https://www.redfin.com/WA/Seattle/6533-Seaview-Ave-NW-98117/unit-A509/home/190276805,NWMLS as Distributed by MLS Grid,2196265,N,Y,47.675992,-122.408666
MLS Listing,,Multi-Family (2-4 Unit),8364 LOYAL Way NW,Seattle,WA,98117,1200000,4,2,Sunset Hill,2000,4040,1962,15,600,,Active,,,https://www.redfin.com/WA/Seattle/8364-Loyal-Way-NW-98117/home/167071,NWMLS as Distributed by MLS Grid,2230642,N,Y,47.690008,-122.3972921
MLS Listing,,Single Family Residential,9510 9th Ave NW,Seattle,WA,98117,1088000,5,3.5,Crown Hill,2780,1,1900,15,391,250,Active,,,https://www.redfin.com/WA/Seattle/9510-9th-Ave-NW-98117/home/100209,NWMLS as Distributed by MLS Grid,2230753,N,Y,47.6981437,-122.3683847
MLS Listing,,Single Family Residential,8347 12th Ave NW,Seattle,WA,98117,1899000,5,4.5,Whittier,3550,4323,2018,16,535,,Active,,,https://www.redfin.com/WA/Seattle/8347-12th-Ave-NW-98117/home/113995504,NWMLS as Distributed by MLS Grid,2229609,N,Y,47.6901898,-122.3717181
PAST SALE,November-20-2018,Single Family Residential,8527 9th Ave NW,Seattle,WA,98117,780000,3,1,Crown Hill,1400,3050,1942,19,557,,Pending,,,https://www.redfin.com/WA/Seattle/8527-9th-Ave-NW-98117/home/101192,NWMLS as Distributed by MLS Grid,2226334,N,Y,47.6914918,-122.3685435
MLS Listing,,Townhouse,8520 16th Ave NW Unit A,Seattle,WA,98117,799900,2,2,Crown Hill,1476,1563,2023,20,542,,Active,,,https://www.redfin.com/WA/Seattle/8520-16th-Ave-NW-98117/unit-A/home/2078515,NWMLS as Distributed by MLS Grid,2227971,N,Y,47.6912487,-122.3776057
MLS Listing,,Townhouse,8543 14th Ave NW Unit D,Seattle,WA,98117,874500,3,2.5,Crown Hill,1593,888,2024,21,549,,Active,May-18-2024 11:00 AM,May-18-2024 01:00 PM,https://www.redfin.com/WA/Seattle/8543-14th-Ave-NW-98117/unit-D/home/190599882,NWMLS as Distributed by MLS Grid,2228591,N,Y,47.6911305,-122.3741068
MLS Listing,,Single Family Residential,7520 33rd Ave NW,Seattle,WA,98117,1699000,4,2,Sunset Hill,2620,4750,1929,23,648,,Active,May-18-2024 12:00 PM,May-18-2024 03:00 PM,https://www.redfin.com/WA/Seattle/7520-33rd-Ave-NW-98117/home/290570,NWMLS as Distributed by MLS Grid,2226556,N,Y,47.6838243,-122.3990788
PAST SALE,,Single Family Residential,8918 31st Ave NW,Seattle,WA,98117,898950,3,2,North Beach,1095,1,2024,24,821,20,Pending,,,https://www.redfin.com/WA/Seattle/8918-31st-Ave-NW-98117/home/190390824,NWMLS as Distributed by MLS Grid,2219389,N,Y,47.6941415,-122.3965347
PAST SALE,,Single Family Residential,9222 4th Ave NW,Seattle,WA,98117,900000,4,2,Greenwood,1790,9877,1962,27,503,,Pending,,,https://www.redfin.com/WA/Seattle/9222-4th-Ave-NW-98117/home/100950,NWMLS as Distributed by MLS Grid,2031978,N,Y,47.6968241,-122.3617246
MLS Listing,,Townhouse,7500 D 15th Ave NW,Seattle,WA,98117,585000,1,2,Whittier,1326,464,2020,28,441,349,Active,May-19-2024 12:00 PM,May-19-2024 02:00 PM,https://www.redfin.com/WA/Seattle/7500D-15th-Ave-NW-98117/home/167266373,NWMLS as Distributed by MLS Grid,2225722,N,Y,47.6834557,-122.3765302
MLS Listing,,Single Family Residential,600 NW 80th St,Seattle,WA,98117,1150000,4,2,Greenwood,2384,4690,1917,28,482,,Active,,,https://www.redfin.com/WA/Seattle/600-NW-80th-St-98117/home/497942,NWMLS as Distributed by MLS Grid,2225210,N,Y,47.6871331,-122.3635735
MLS Listing,,Townhouse,223 NW 87th St,Seattle,WA,98117,1049900,3,3.5,Greenwood,2004,1638,2013,28,524,,Active,,,https://www.redfin.com/WA/Seattle/223-NW-87th-St-98117/home/52400392,NWMLS as Distributed by MLS Grid,2213956,N,Y,47.6923288,-122.3603163
MLS Listing,,Townhouse,1524 NW 87th St,Seattle,WA,98117,895000,3,2.5,Crown Hill,1728,1300,2016,28,518,,Active,,,https://www.redfin.com/WA/Seattle/1524-NW-87th-St-98117/home/112855695,NWMLS as Distributed by MLS Grid,2224962,N,Y,47.6926283,-122.3777739
MLS Listing,,Townhouse,8509 B 13th Ave NW,Seattle,WA,98117,678000,2,2,Crown Hill,1108,630,2024,29,612,,Active,May-19-2024 11:00 AM,May-19-2024 01:00 PM,https://www.redfin.com/WA/Seattle/8509-13th-Ave-NW-98117/home/189823362,NWMLS as Distributed by MLS Grid,2222605,N,Y,47.6908365,-122.3729418
MLS Listing,,Single Family Residential,9226 25th Ave NW,Seattle,WA,98117,1875000,5,4,Seattle,3580,6825,1977,29,524,,Active,,,https://www.redfin.com/WA/Seattle/9226-25th-Ave-NW-98117/home/288928,NWMLS as Distributed by MLS Grid,2220365,N,Y,47.6968465,-122.3882932
PAST SALE,,Vacant Land,7701 15th Ave NW,Seattle,WA,98117,1200000,,,Ballard,,4166,,32,,,Pending,,,https://www.redfin.com/WA/Seattle/7701-15th-Ave-NW-98117/home/190368443,NWMLS as Distributed by MLS Grid,2218145,N,Y,47.6852538,-122.3770301
MLS Listing,,Single Family Residential,9227 3rd Ave NW,Seattle,WA,98117,799000,2,2.5,Greenwood,1115,1,2024,34,717,1,Active,May-18-2024 11:00 AM,May-18-2024 01:00 PM,https://www.redfin.com/WA/Seattle/9227-3rd-Ave-NW-98117/home/190488736,NWMLS as Distributed by MLS Grid,2222822,N,Y,47.6968341,-122.3611898
MLS Listing,,Townhouse,7514 15th Ave NW Unit G,Seattle,WA,98117,689000,3,2,Ballard,1410,693,2018,35,489,,Active,,,https://www.redfin.com/WA/Seattle/7514-15th-Ave-NW-98117/unit-G/home/162606401,NWMLS as Distributed by MLS Grid,2218612,N,Y,47.6836679,-122.3765965
MLS Listing,,Single Family Residential,8715 13th Ave NW,Seattle,WA,98117,699950,3,1,Crown Hill,1230,1878,1941,35,569,16,Active,,,https://www.redfin.com/WA/Seattle/8715-13th-Ave-NW-98117/home/100751,NWMLS as Distributed by MLS Grid,2222368,N,Y,47.6928427,-122.3730938
MLS Listing,,Condo/Co-op,8512 16th Ave NW #202,Seattle,WA,98117,490000,2,2,Crown Hill,927,,1998,36,529,280,Active,May-19-2024 11:00 AM,May-19-2024 01:00 PM,https://www.redfin.com/WA/Seattle/8512-16th-Ave-NW-98117/unit-202/home/40177,NWMLS as Distributed by MLS Grid,2217276,N,Y,47.6910892,-122.3775672
MLS Listing,,Multi-Family (2-4 Unit),7352 21st Ave NW,Seattle,WA,98117,899000,2,2,Loyal Heights,2240,5100,1907,37,401,,Active,,,https://www.redfin.com/WA/Seattle/7352-21st-Ave-NW-98117/home/164133,NWMLS as Distributed by MLS Grid,2218735,N,Y,47.6827834,-122.3829539
PAST SALE,April-26-2024,Townhouse,326 B NW 87th St,Seattle,WA,98117,699900,2,2,Greenwood,1047,1369,2024,38,668,17,Pending,,,https://www.redfin.com/WA/Seattle/326-NW-87th-St-98117/home/101285,NWMLS as Distributed by MLS Grid,2194002,N,Y,47.69225,-122.3619258
PAST SALE,,Single Family Residential,303 NW 100th St,Seattle,WA,98117,798000,2,2,Crown Hill,1079,2243,2024,41,740,4,Pending,,,https://www.redfin.com/WA/Seattle/303-NW-100th-St-98177/home/183956537,NWMLS as Distributed by MLS Grid,2211371,N,Y,47.7014064,-122.36101
MLS Listing,,Single Family Residential,9225 3rd Ave NW,Seattle,WA,98117,999999,3,3.5,Greenwood,1605,1,2024,41,623,85,Active,May-18-2024 11:00 AM,May-18-2024 01:00 PM,https://www.redfin.com/WA/Seattle/9225-3rd-Ave-NW-98117/home/189950389,NWMLS as Distributed by MLS Grid,2219703,N,Y,47.696833,-122.3610784
MLS Listing,,Single Family Residential,8916 31st Ave NW,Seattle,WA,98117,1574500,4,3.5,North Beach,2253,1,2024,42,699,20,Active,,,https://www.redfin.com/WA/Seattle/8916-31st-Ave-NW-98117/home/188574251,NWMLS as Distributed by MLS Grid,2219366,N,Y,47.6941415,-122.396671
MLS Listing,,Townhouse,1808 NW 85th St,Seattle,WA,98117,589900,2,2,Ballard,925,458,2018,42,638,,Active,May-18-2024 11:00 AM,May-18-2024 01:00 PM,https://www.redfin.com/WA/Seattle/1808-NW-85th-St-98117/home/145709249,NWMLS as Distributed by MLS Grid,2210225,N,Y,47.6907143,-122.3803687
MLS Listing,,Condo/Co-op,9056 Mary Ave NW #302,Seattle,WA,98117,365000,1,1,Crown Hill,644,,1988,45,567,303,Active,,,https://www.redfin.com/WA/Seattle/9056-Mary-Ave-NW-98117/unit-302/home/21617148,NWMLS as Distributed by MLS Grid,2214750,N,Y,47.695918,-122.3751096
PAST SALE,,Townhouse,8322 C (SA-3) 13th Ave NW,Seattle,WA,98117,799900,3,2,Crown Hill,1621,924,2024,49,493,23,Pending,,,https://www.redfin.com/WA/Seattle/8322-C-SA-3-13th-Ave-NW-98117/home/190140879,NWMLS as Distributed by MLS Grid,2209469,N,Y,47.689259,-122.372516
MLS Listing,,Single Family Residential,8552 14th Ave NW,Seattle,WA,98117,998950,3,3.5,Crown Hill,1858,2016,2024,50,538,,Active,May-18-2024 02:00 PM,May-18-2024 04:00 PM,https://www.redfin.com/WA/Seattle/8552-14th-Ave-NW-98117/home/100007,NWMLS as Distributed by MLS Grid,2215565,N,Y,47.6922348,-122.3737479
MLS Listing,,Townhouse,8326 C (SB-3) 13th Ave NW,Seattle,WA,98117,959900,3,2.5,Crown Hill,1794,1062,2024,52,535,23,Active,,,https://www.redfin.com/WA/Seattle/8326-C-SB-3-13th-Ave-NW-98117/home/190276570,NWMLS as Distributed by MLS Grid,2151041,N,Y,47.68954,-122.372258
MLS Listing,,Single Family Residential,9539 3rd Ave NW,Seattle,WA,98117,749000,2,2,Greenwood,1096,1161,2024,55,683,48,Active,,,https://www.redfin.com/WA/Seattle/9539-3rd-Ave-NW-98117/home/190250235,NWMLS as Distributed by MLS Grid,2213859,N,Y,47.6990412,-122.3610755
PAST SALE,,Townhouse,8328 C (SA-7) 13th Ave NW,Seattle,WA,98117,849900,3,2,Crown Hill,1621,924,2024,56,524,23,Pending,,,https://www.redfin.com/WA/Seattle/8328-C-SA-7-13th-Ave-NW-98117/home/186217091,NWMLS as Distributed by MLS Grid,2190707,N,Y,47.689543,-122.37253
MLS Listing,,Single Family Residential,9537 3rd Ave NW,Seattle,WA,98117,1495000,5,3.5,Greenwood,2815,1956,2024,56,531,48,Active,,,https://www.redfin.com/WA/Seattle/9537-3rd-Ave-NW-98117/home/100781,NWMLS as Distributed by MLS Grid,2213584,N,Y,47.698993,-122.3610834
MLS Listing,,Single Family Residential,313 NW 100th St,Seattle,WA,98117,1398000,4,3.5,Crown Hill,2590,2796,2024,59,540,4,Active,,,https://www.redfin.com/WA/Seattle/313-NW-100th-St-98177/home/190192820,NWMLS as Distributed by MLS Grid,2211195,N,Y,47.7013923,-122.3612907
MLS Listing,,Vacant Land,8712 12th Ave NW,Seattle,WA,98117,1495000,,,Crown Hill,,428588,,64,,,Active,,,https://www.redfin.com/WA/Seattle/8712-12th-Ave-NW-98117/home/185389522,NWMLS as Distributed by MLS Grid,2209971,N,Y,47.693344,-122.370085
MLS Listing,,Single Family Residential,9702 8th Ave NW,Seattle,WA,98117,699950,3,3,Crown Hill,1660,1820,1984,72,422,,Active,,,https://www.redfin.com/WA/Seattle/9702-8th-Ave-NW-98117/home/96914,NWMLS as Distributed by MLS Grid,2206163,N,Y,47.7000279,-122.3658135
PAST SALE,,Single Family Residential,9207 1st Ave NW Unit B,Seattle,WA,98117,665000,2,2,Greenwood,1225,5715,2024,74,543,56,Pending,,,https://www.redfin.com/WA/Seattle/9207-1st-Ave-NW-98117/unit-B/home/189951944,NWMLS as Distributed by MLS Grid,2189862,N,Y,47.6962982,-122.3583934
MLS Listing,,Single Family Residential,9230 13th Ave NW,Seattle,WA,98117,995000,3,2,Crown Hill,1490,5400,1947,75,668,,Active,,,https://www.redfin.com/WA/Seattle/9230-13th-Ave-NW-98117/home/96966,NWMLS as Distributed by MLS Grid,2205867,N,Y,47.6969631,-122.3724436
PAST SALE,,Townhouse,6523 24th Ave NW Unit C,Seattle,WA,98117,599999,2,1.5,Loyal Heights,1120,1275,1997,77,536,,Pending,,,https://www.redfin.com/WA/Seattle/6523-24th-Ave-NW-98117/unit-C/home/190262692,NWMLS as Distributed by MLS Grid,2195229,N,Y,47.6765676,-122.3879712
PAST SALE,,Single Family Residential,8312 9th Ave NW,Seattle,WA,98117,548500,1,1,Ballard,806,1,2024,90,681,49,Pending,,,https://www.redfin.com/WA/Seattle/8312-9th-Ave-NW-98117/home/189730378,NWMLS as Distributed by MLS Grid,2198527,N,Y,47.689548,-122.3680509
MLS Listing,,Single Family Residential,1410 NW 77th St,Seattle,WA,98117,864950,4,2,Whittier,1405,1980,1918,91,616,,Active,,,https://www.redfin.com/WA/Seattle/1410-NW-77th-St-98117/home/496670,NWMLS as Distributed by MLS Grid,2200361,N,Y,47.685222,-122.3746849
MLS Listing,,Townhouse,8035 A Mary Ave NW,Seattle,WA,98117,924900,3,2,Whittier,1850,1730,2024,121,500,24,Active,May-19-2024 12:00 PM,May-19-2024 03:00 PM,https://www.redfin.com/WA/Seattle/8035-Mary-Ave-NW-98117/unit-A/home/181295255,NWMLS as Distributed by MLS Grid,2191647,N,Y,47.6879059,-122.3757612
MLS Listing,,Vacant Land,0 xxxx 3rd Ave NW,Seattle,WA,98117,170000,,,Greenwood,,6900,,141,,,Active,,,https://www.redfin.com/WA/Seattle/0-xxxx-3rd-Ave-NW-98117/home/189026509,NWMLS as Distributed by MLS Grid,2187444,N,Y,47.698513,-122.360397
PAST SALE,,Townhouse,8304 13th Ave NW Unit B,Seattle,WA,98117,839999,3,2.5,Crown Hill,1610,1475,2023,155,522,,Pending,,,https://www.redfin.com/WA/Seattle/8304-13th-Ave-NW-98117/unit-B/home/186379174,NWMLS as Distributed by MLS Grid,2147519,N,Y,47.6889918,-122.3722185
MLS Listing,,Single Family Residential,8308 25th Ave NW #1,Seattle,WA,98117,2595000,4,2.5,Loyal Heights,3678,3002,2022,330,706,58,Active,,,https://www.redfin.com/WA/Seattle/8308-25th-Ave-NW-98117/unit-1/home/185238112,NWMLS as Distributed by MLS Grid,2130379,N,Y,47.6893429,-122.3884205
New Construction Plan,,Townhouse,Plan A Plan,Seattle,WA,98117,995900,2,2,Seattle,1152,,,42,864,49,Active,,,https://www.redfin.com/WA/Seattle/Seattle/Plan-A/home/189914755,Zillow,8DB3C6C657CF,N,Y,47.6963814,-122.374392
New Construction Plan,,Single Family Residential,Plan B Plan,Seattle,WA,98117,689950,3,2,Seattle,1292,,,65,534,,Active,,,https://www.redfin.com/WA/Seattle/Seattle/Plan-B/home/190124594,Zillow,E982BFC679D6,N,Y,47.6946542,-122.3731029
New Construction Plan,,Single Family Residential,Plan C Plan,Seattle,WA,98117,689950,3,2,Seattle,1466,,,65,471,,Active,,,https://www.redfin.com/WA/Seattle/Seattle/Plan-C/home/190124590,Zillow,D6B3144D57E2,N,Y,47.6946542,-122.3731029
New Construction Plan,,Single Family Residential,9013C Plan,Seattle,WA,98117,689950,2,1,Seattle,1171,,,77,589,,Active,,,https://www.redfin.com/WA/Seattle/Seattle/9013C/home/189914759,Zillow,1AFE55ED4812,N,Y,47.6946542,-122.3731029
MLS Listing,,Townhouse,2517 NW 65th St,Seattle,WA,98117,899000,3,2,Ballard,1438,1276,2018,1,625,,Active,May-18-2024 02:00 PM,May-18-2024 04:00 PM,https://www.redfin.com/WA/Seattle/2517-NW-65th-St-98117/home/144466443,NWMLS as Distributed by MLS Grid,2237398,N,Y,47.6757491,-122.3893705
