SALE TYPE,SOLD DATE,PROPERTY TYPE,ADDRESS,CITY,STATE OR PROVINCE,ZIP OR POSTAL CODE,PRICE,BEDS,BATHS,LOCATION,SQUARE FEET,LOT SIZE,YEAR BUILT,DAYS ON MARKET,$/SQUARE FEET,HOA/MONTH,STATUS,NEXT OPEN HOUSE START TIME,NEXT OPEN HOUSE END TIME,URL (SEE https://www.redfin.com/buy-a-home/comparative-market-analysis FOR INFO ON PRICING),SOURCE,MLS#,FAVORITE,INTERESTED,LATITUDE,LONGITUDE
"In accordance with local MLS rules, some MLS listings are not included in the download",,,,,,,,,,,,,,,,,,,,,,,,,,
PAST SALE,November-9-2006,Single Family Residential,16065 Dayton Ave N,Shoreline,WA,98133,1188000,6,4,Highland Terrace,3440,10400,1968,6,345,,Pending,,,https://www.redfin.com/WA/Shoreline/16065-Dayton-Ave-N-98133/home/76334,NWMLS as Distributed by MLS Grid,2231986,N,Y,47.7468823,-122.3537372
MLS Listing,,Single Family Residential,10717 Interlake Ave N,Seattle,WA,98133,825000,2,1,Northgate,1360,5060,1926,7,607,,Active,May-18-2024 02:00 PM,May-18-2024 04:00 PM,https://www.redfin.com/WA/Seattle/10717-Interlake-Ave-N-98133/home/105278,NWMLS as Distributed by MLS Grid,2234226,N,Y,47.7074718,-122.3410048
MLS Listing,,Townhouse,11764 Burke Ave N,Seattle,WA,98133,825000,2,2.5,Haller Lake,1790,1659,2017,7,461,,Active,May-19-2024 11:00 AM,May-19-2024 01:00 PM,https://www.redfin.com/WA/Seattle/11764-Burke-Ave-N-98133/home/113995506,NWMLS as Distributed by MLS Grid,2226253,N,Y,47.7157941,-122.3352521
MLS Listing,,Single Family Residential,12002 Evanston Ave N,Seattle,WA,98133,1398000,4,2.5,Bitter Lake,2761,6347,1947,13,506,,Active,,,https://www.redfin.com/WA/Seattle/12002-Evanston-Ave-N-98133/home/98184,NWMLS as Distributed by MLS Grid,2229857,N,Y,47.7161213,-122.3512637
PAST SALE,August-24-2018,Single Family Residential,137 N 200th St,Shoreline,WA,98133,749995,3,2,Hillwood,1730,5603,1948,16,434,,Pending,,,https://www.redfin.com/WA/Shoreline/137-N-200th-St-98133/home/78353,NWMLS as Distributed by MLS Grid,2221633,N,Y,47.7739091,-122.3570937
MLS Listing,,Condo/Co-op,939 N 101st St #302,Seattle,WA,98133,309000,1,1,Greenwood,677,,1979,29,456,285,Active,,,https://www.redfin.com/WA/Seattle/939-N-101st-St-98133/unit-302/home/12091885,NWMLS as Distributed by MLS Grid,2218294,N,Y,47.7019896,-122.3455159
MLS Listing,,Single Family Residential,920 N 102nd St,Seattle,WA,98133,799000,4,2,Greenwood,1580,3844,1925,36,506,,Active,,,https://www.redfin.com/WA/Seattle/920-N-102nd-St-98133/home/98619,NWMLS as Distributed by MLS Grid,2208272,N,Y,47.7030991,-122.3466825
PAST SALE,,Townhouse,2123 N 148th St Unit A,Shoreline,WA,98133,867559,3,2.5,Shoreline,1729,2016,2023,166,502,343,Pending,,,https://www.redfin.com/WA/Shoreline/2123-N-148th-St-98133/unit-A/home/188809897,NWMLS as Distributed by MLS Grid,2183682,N,Y,47.7361867,-122.3333652
PAST SALE,,Townhouse,2121 N 148th St Unit A,Shoreline,WA,98133,845131,2,2.5,Shoreline,1993,2016,2023,1,424,327,Pending,,,https://www.redfin.com/WA/Shoreline/2121-N-148th-St-98133/unit-A/home/190787635,NWMLS as Distributed by MLS Grid,2237816,N,Y,47.7364259,-122.3335335
PAST SALE,,Townhouse,2121 N 148th St Unit C,Shoreline,WA,98133,717082,2,2.5,Shoreline,1462,2016,2023,1,490,327,Pending,,,https://www.redfin.com/WA/Shoreline/2121-N-148th-St-98133/unit-C/home/190787525,NWMLS as Distributed by MLS Grid,2237792,N,Y,47.7364259,-122.3335335
MLS Listing,,Condo/Co-op,715 N 101st St,Seattle,WA,98133,749950,2,1,Greenwood,1236,3844,1942,1,607,5,Active,,,https://www.redfin.com/WA/Seattle/715-N-101st-St-98133/home/98352,NWMLS as Distributed by MLS Grid,2239443,N,Y,47.7019786,-122.349339
MLS Listing,,Single Family Residential,214 N 168th St,Shoreline,WA,98133,750000,3,1.5,Richmond Highlands,1550,9200,1958,1,484,,Active,May-18-2024 01:00 PM,May-18-2024 04:00 PM,https://www.redfin.com/WA/Shoreline/214-N-168th-St-98133/home/76332,NWMLS as Distributed by MLS Grid,2236877,N,Y,47.751268,-122.3558957
MLS Listing,,Single Family Residential,417 N 122nd St,Seattle,WA,98133,975000,4,2,Bitter Lake,1970,6672,1949,1,495,,Active,May-18-2024 12:00 AM,May-18-2024 11:59 PM,https://www.redfin.com/WA/Seattle/417-N-122nd-St-98133/home/97842,NWMLS as Distributed by MLS Grid,2239159,N,Y,47.7175819,-122.3534221
MLS Listing,,Townhouse,14552 Westminster Way N,Shoreline,WA,98133,735567,3,3.5,Westminster,1574,,2023,1,467,405,Active,,,https://www.redfin.com/WA/Shoreline/14552-Westminster-Way-N-98133/home/190816702,NWMLS as Distributed by MLS Grid,2239217,N,Y,47.7354471,-122.3542913
MLS Listing,,Townhouse,1409 N Northgate Way Unit B,Seattle,WA,98133,545000,3,2,Northgate,1160,995,2008,1,470,,Active,May-18-2024 12:00 PM,May-18-2024 03:00 PM,https://www.redfin.com/WA/Seattle/1409-N-Northgate-Way-98133/unit-B/home/12307134,NWMLS as Distributed by MLS Grid,2237195,N,Y,47.7047376,-122.3402769
MLS Listing,,Single Family Residential,15305 Ashworth Pl N,Shoreline,WA,98133,795000,4,2,Parkwood,1460,5935,1951,1,545,,Active,May-18-2024 12:00 PM,May-18-2024 02:00 PM,https://www.redfin.com/WA/Shoreline/15305-Ashworth-Pl-N-98133/home/81667,NWMLS as Distributed by MLS Grid,2239089,N,Y,47.7397592,-122.340655
MLS Listing,,Townhouse,14550 Westminster Way N,Shoreline,WA,98133,733942,3,3.5,Westminster,1574,,2023,1,466,405,Active,,,https://www.redfin.com/WA/Shoreline/14550-Westminster-Way-N-98133/home/189783563,NWMLS as Distributed by MLS Grid,2239203,N,Y,47.7353512,-122.3540679
MLS Listing,,Single Family Residential,15545 Midvale Ave N,Shoreline,WA,98133,1425000,5,3,Shoreline,2512,8161,2016,1,567,,Active,,,https://www.redfin.com/WA/Shoreline/15545-Midvale-Ave-N-98133/home/22229825,NWMLS as Distributed by MLS Grid,2239082,N,Y,47.7427479,-122.3443829
MLS Listing,,Townhouse,14548 Westminster Way N,Shoreline,WA,98133,729990,3,3.5,Westminster,1574,,2023,1,464,405,Active,,,https://www.redfin.com/WA/Shoreline/14548-Westminster-Way-N-98133/home/190812934,NWMLS as Distributed by MLS Grid,2239161,N,Y,47.7354471,-122.3542913
MLS Listing,,Single Family Residential,2136 N 159th St,Shoreline,WA,98133,999000,4,2.5,Shoreline,2200,9351,1962,1,454,,Active,May-17-2024 04:00 PM,May-17-2024 06:30 PM,https://www.redfin.com/WA/Shoreline/2136-N-159th-St-98133/home/81926,NWMLS as Distributed by MLS Grid,2227137,N,Y,47.7447676,-122.3328121
MLS Listing,,Single Family Residential,2129 N 155th St,Shoreline,WA,98133,650000,2,1,Parkwood,890,7200,1951,1,730,,Active,May-18-2024 01:00 PM,May-18-2024 04:00 PM,https://www.redfin.com/WA/Shoreline/2129-N-155th-St-98133/home/81220,NWMLS as Distributed by MLS Grid,2236762,N,Y,47.7412214,-122.3332902
PAST SALE,,Townhouse,13333 Greenwood Ave N Unit C,Seattle,WA,98133,695000,3,3.5,Bitter Lake,1573,965,2021,1,442,322,Pending,,,https://www.redfin.com/WA/Seattle/13333-Greenwood-Ave-N-98133/unit-C/home/183994592,NWMLS as Distributed by MLS Grid,2227455,N,Y,47.7261949,-122.3563903
PAST SALE,,Vacant Land,12 XX NE 166th Ct,Shoreline,WA,98133,549900,,,Ridgecrest,,10000,,1,,,Pending,,,https://www.redfin.com/WA/Shoreline/12-XX-NE-166th-Ct-98155/home/178689530,NWMLS as Distributed by MLS Grid,1885648,N,Y,47.750212,-122.34349
PAST SALE,,Townhouse,2119 N N 148th St Unit D,Shoreline,WA,98133,735000,2,2.5,Shoreline,1462,2016,2024,1,503,343,Pending,,,https://www.redfin.com/WA/Shoreline/2119-N-148th-St-98133/unit-D/home/190559797,NWMLS as Distributed by MLS Grid,2226382,N,Y,47.7364259,-122.3335335
MLS Listing,,Single Family Residential,1735 A N 128th St,Seattle,WA,98133,969500,2,2,Haller Lake,1500,7280,2019,1,646,,Active,May-18-2024 12:00 PM,May-18-2024 02:00 PM,https://www.redfin.com/WA/Seattle/1735-A-N-128th-St-98133/home/190802872,NWMLS as Distributed by MLS Grid,2233724,N,Y,47.721448,-122.335696
MLS Listing,,Condo/Co-op,11550 Stone Ave N #301,Seattle,WA,98133,369500,2,1,Northgate,822,,2000,1,450,540,Active,May-18-2024 11:00 AM,May-18-2024 01:00 PM,https://www.redfin.com/WA/Seattle/11550-Stone-Ave-N-98133/unit-301/home/2071666,NWMLS as Distributed by MLS Grid,2236821,N,Y,47.713939,-122.341618
MLS Listing,,Single Family Residential,922 N 105th St,Seattle,WA,98133,697900,2,1,Northgate,2076,5320,1917,1,336,,Active,May-19-2024 10:30 AM,May-19-2024 01:00 PM,https://www.redfin.com/WA/Seattle/922-N-105th-St-98133/home/99780,NWMLS as Distributed by MLS Grid,2234744,N,Y,47.7051927,-122.3464605
PAST SALE,,Single Family Residential,10217 Evanston Ave N,Seattle,WA,98133,474900,2,1.5,Greenwood,776,1389,2022,2,612,78,Pending,,,https://www.redfin.com/WA/Seattle/10217-Evanston-Ave-N-98133/home/179330095,NWMLS as Distributed by MLS Grid,2228671,N,Y,47.7032132,-122.3510726
MLS Listing,,Single Family Residential,2323 N 122nd St,Seattle,WA,98133,1499995,4,2.5,Haller Lake,2340,9385,2013,2,641,,Active,May-18-2024 12:00 PM,May-18-2024 02:00 PM,https://www.redfin.com/WA/Seattle/2323-N-122nd-St-98133/home/103736,NWMLS as Distributed by MLS Grid,2237260,N,Y,47.7168151,-122.3299912
PAST SALE,February-17-2023,Single Family Residential,11232 A Fremont Ave N,Seattle,WA,98133,650000,4,3,Greenwood,1770,5500,1977,3,367,,Pending,,,https://www.redfin.com/WA/Seattle/11232-Fremont-Ave-N-98133/unit-A/home/97995,NWMLS as Distributed by MLS Grid,2219780,N,Y,47.7115176,-122.349923
PAST SALE,February-17-2021,Single Family Residential,18325 Evanston Ave N,Shoreline,WA,98133,1050000,5,3,Richmond Highlands,2440,8400,1955,3,430,,Pending,,,https://www.redfin.com/WA/Shoreline/18325-Evanston-Ave-N-98133/home/80949,NWMLS as Distributed by MLS Grid,2235046,N,Y,47.7622487,-122.353346
PAST SALE,June-28-2002,Single Family Residential,10510 Linden Ave N,Seattle,WA,98133,799000,3,2,Northgate,1440,7440,1942,3,555,,Pending,,,https://www.redfin.com/WA/Seattle/10510-Linden-Ave-N-98133/home/98948,NWMLS as Distributed by MLS Grid,2226111,N,Y,47.7054001,-122.3471224
MLS Listing,,Condo/Co-op,1160 N 198th St Unit H102,Shoreline,WA,98133,350000,2,1,Shoreline,741,,1986,3,472,317,Active,,,https://www.redfin.com/WA/Shoreline/1160-N-198th-St-98133/unit-H102/home/2117491,NWMLS as Distributed by MLS Grid,2225253,N,Y,47.7724165,-122.3444296
PAST SALE,,Townhouse,18528 Wallingford Ave N Unit B,Shoreline,WA,98133,869950,4,2.5,Echo Lake,1922,929,2022,4,453,161,Pending,,,https://www.redfin.com/WA/Shoreline/18528-Wallingford-Ave-N-98133/unit-B/home/190503101,NWMLS as Distributed by MLS Grid,2219858,N,Y,47.7641024,-122.3372508
PAST SALE,,Townhouse,14584 Westminster Way N,Shoreline,WA,98133,808397,3,3.5,Westminster,1729,,2024,4,468,406,Pending,,,https://www.redfin.com/WA/Shoreline/14584-Westminster-Way-N-98133/home/190104129,NWMLS as Distributed by MLS Grid,2208994,N,Y,47.73556,-122.3546035
PAST SALE,July-27-2022,Single Family Residential,18809 Wallingford Ave N,Shoreline,WA,98133,850000,3,2,Echo Lake,1520,7940,1957,4,559,,Pending,,,https://www.redfin.com/WA/Shoreline/18809-Wallingford-Ave-N-98133/home/79032,NWMLS as Distributed by MLS Grid,2235745,N,Y,47.765795,-122.338279
PAST SALE,February-24-1988,Single Family Residential,15045 Wallingford Ave N,Shoreline,WA,98133,1195000,5,3,Shoreline,3743,8310,1968,4,319,,Pending,,,https://www.redfin.com/WA/Shoreline/15045-Wallingford-Ave-N-98133/home/81424,NWMLS as Distributed by MLS Grid,2235014,N,Y,47.7390102,-122.3374712
PAST SALE,February-5-2003,Single Family Residential,11631 Meridian Ave N,Seattle,WA,98133,985000,3,3.5,Haller Lake,2900,11625,1948,4,340,,Pending,,,https://www.redfin.com/WA/Seattle/11631-Meridian-Ave-N-98133/home/104047,NWMLS as Distributed by MLS Grid,2211841,N,Y,47.7139204,-122.3344144
MLS Listing,,Single Family Residential,133 N 205th St,Shoreline,WA,98133,765000,6,3,Hillwood,2880,13067,1977,4,266,,Active,,,https://www.redfin.com/WA/Shoreline/133-N-205th-St-98133/home/78635,NWMLS as Distributed by MLS Grid,2234699,N,Y,47.777439,-122.3573874
PAST SALE,October-13-2017,Single Family Residential,126 N 193rd St,Shoreline,WA,98133,899000,4,3,Shoreline,2040,7605,1955,5,441,,Pending,,,https://www.redfin.com/WA/Shoreline/126-N-193rd-St-98133/home/77829,NWMLS as Distributed by MLS Grid,2228089,N,Y,47.769229,-122.3574287
PAST SALE,February-19-2019,Single Family Residential,734 N 100th St,Seattle,WA,98133,775000,2,1,Greenwood,990,3844,1949,5,783,,Pending,,,https://www.redfin.com/WA/Seattle/734-N-100th-St-98133/home/98613,NWMLS as Distributed by MLS Grid,2228370,N,Y,47.7016319,-122.3485329
PAST SALE,July-22-2008,Single Family Residential,2123 N 161st Pl,Shoreline,WA,98133,1199999,4,3,Shoreline,2920,9085,2007,5,411,,Pending,,,https://www.redfin.com/WA/Shoreline/2123-N-161st-Pl-98133/home/12315232,NWMLS as Distributed by MLS Grid,2223990,N,Y,47.7457609,-122.3331866
PAST SALE,August-26-2016,Single Family Residential,118 N 181st St,Shoreline,WA,98133,679000,3,1,Richmond Highlands,1060,7332,1953,5,641,,Pending,,,https://www.redfin.com/WA/Shoreline/118-N-181st-St-98133/home/76080,NWMLS as Distributed by MLS Grid,2234691,N,Y,47.7607022,-122.3577061
PAST SALE,February-28-2018,Single Family Residential,326 N 103rd St,Seattle,WA,98133,799000,3,2,Greenwood,1500,3844,1942,5,533,,Pending,,,https://www.redfin.com/WA/Seattle/326-N-103rd-St-98133/home/98716,NWMLS as Distributed by MLS Grid,2235159,N,Y,47.7038349,-122.3542653
PAST SALE,July-24-2020,Townhouse,840 N 161st Pl #55,Shoreline,WA,98133,465000,2,1.5,Highland Terrace,1049,,1979,5,443,582,Pending,,,https://www.redfin.com/WA/Shoreline/840-N-161st-Pl-98133/unit-55/home/15106,NWMLS as Distributed by MLS Grid,2227513,N,Y,47.746237,-122.3494786
PAST SALE,April-10-1989,Single Family Residential,2328 N 171 St,Shoreline,WA,98133,670000,3,2,Meridian Park,1460,8811,1950,6,459,,Pending,,,https://www.redfin.com/WA/Shoreline/2328-N-171st-St-98133/home/83857,NWMLS as Distributed by MLS Grid,2234078,N,Y,47.7530632,-122.3315365
PAST SALE,March-4-2022,Single Family Residential,2119 N 115th St,Seattle,WA,98133,995000,4,2,Haller Lake,2560,7200,1950,6,389,,Pending,,,https://www.redfin.com/WA/Seattle/2119-N-115th-St-98133/home/104006,NWMLS as Distributed by MLS Grid,2225864,N,Y,47.7116943,-122.3330351
PAST SALE,November-21-2002,Single Family Residential,15320 Ashworth Pl N,Shoreline,WA,98133,699950,3,1,Shoreline,1100,6564,1948,6,636,,Pending,,,https://www.redfin.com/WA/Shoreline/15320-Ashworth-Pl-N-98133/home/82029,NWMLS as Distributed by MLS Grid,2221434,N,Y,47.7405172,-122.3404289
PAST SALE,October-29-2021,Condo/Co-op,939 N 101st St #201,Seattle,WA,98133,299950,1,1,Greenwood,683,683,1979,6,439,288,Pending,,,https://www.redfin.com/WA/Seattle/939-N-101st-St-98133/unit-201/home/12091027,NWMLS as Distributed by MLS Grid,2216622,N,Y,47.7019896,-122.3455159
PAST SALE,September-2-2016,Single Family Residential,111 N 136th St,Seattle,WA,98133,1100000,4,2,Broadview,2520,5985,1947,6,437,,Pending,,,https://www.redfin.com/WA/Seattle/111-N-136th-St-98133/home/96724,NWMLS as Distributed by MLS Grid,2221916,N,Y,47.7280282,-122.3577175
PAST SALE,April-29-2020,Single Family Residential,115 N 101st St,Seattle,WA,98133,875000,3,2,Greenwood,1640,5454,1940,6,534,,Pending,,,https://www.redfin.com/WA/Seattle/115-N-101st-St-98133/home/100765,NWMLS as Distributed by MLS Grid,2231421,N,Y,47.7020209,-122.3574311
PAST SALE,,Single Family Residential,2312 N 156th Pl,Shoreline,WA,98133,850000,5,2,Meridian Park,2080,8715,1963,6,409,,Pending,,,https://www.redfin.com/WA/Shoreline/2312-N-156th-Pl-98133/home/81794,NWMLS as Distributed by MLS Grid,2234599,N,Y,47.7431718,-122.3310753
PAST SALE,June-4-2019,Single Family Residential,2304 N 193rd St,Shoreline,WA,98133,719000,4,1,Echo Lake,1280,8101,1954,6,562,,Pending,,,https://www.redfin.com/WA/Shoreline/2304-N-193rd-St-98133/home/79145,NWMLS as Distributed by MLS Grid,2234471,N,Y,47.7693928,-122.3322612
MLS Listing,,Townhouse,18528 Wallingford Ave N Unit A,Shoreline,WA,98133,869950,4,2.5,Echo Lake,1922,929,2022,6,453,161,Active,,,https://www.redfin.com/WA/Shoreline/18528-Wallingford-Ave-N-98133/unit-A/home/190603162,NWMLS as Distributed by MLS Grid,2236418,N,Y,47.7641024,-122.3372508
MLS Listing,,Townhouse,916 N 100th St Unit B,Seattle,WA,98133,549950,2,1.5,Licton Springs,900,1,2022,6,611,42,Active,May-19-2024 03:00 PM,May-19-2024 05:00 PM,https://www.redfin.com/WA/Seattle/916-N-100th-St-98133/unit-B/home/181794084,NWMLS as Distributed by MLS Grid,2236332,N,Y,47.7016482,-122.347203
MLS Listing,,Single Family Residential,10317 Linden Ave N,Seattle,WA,98133,725000,3,2,Greenwood,940,4114,1922,6,771,,Active,,,https://www.redfin.com/WA/Seattle/10317-Linden-Ave-N-98133/home/98832,NWMLS as Distributed by MLS Grid,2234963,N,Y,47.7041732,-122.3476556
PAST SALE,,Townhouse,14560 Westminster Way N,Shoreline,WA,98133,734481,3,3.5,Westminster,1574,,2023,7,467,405,Pending,,,https://www.redfin.com/WA/Shoreline/14560-Westminster-Way-N-98133/home/190250727,NWMLS as Distributed by MLS Grid,2213568,N,Y,47.7351535,-122.3538649
PAST SALE,,Townhouse,2121 N 148th Unit B,Shoreline,WA,98133,729990,2,2.5,Parkwood,1474,888,2023,7,495,343,Pending,,,https://www.redfin.com/WA/Shoreline/2121-N-148th-St-98133/unit-B/home/190380423,NWMLS as Distributed by MLS Grid,2218556,N,Y,47.7364259,-122.3335335
PAST SALE,February-2-2015,Single Family Residential,13751 Meridian Ave N,Seattle,WA,98133,1199995,3,2.5,Haller Lake,2346,4056,2015,7,512,55,Pending,,,https://www.redfin.com/WA/Seattle/13751-Meridian-Ave-N-98133/home/45464347,NWMLS as Distributed by MLS Grid,2219003,N,Y,47.7299734,-122.3345292
PAST SALE,October-27-2017,Single Family Residential,1733 N 125th St,Seattle,WA,98133,885000,3,1.5,Haller Lake,1530,6524,1952,7,578,,Pending,,,https://www.redfin.com/WA/Seattle/1733-N-125th-St-98133/home/103846,NWMLS as Distributed by MLS Grid,2227793,N,Y,47.7193633,-122.3370764
PAST SALE,February-24-1983,Single Family Residential,19275 Stone Ave N,Shoreline,WA,98133,799990,2,2,Echo Lake,1180,3010,1983,7,678,,Pending,,,https://www.redfin.com/WA/Shoreline/19275-Stone-Ave-N-98133/home/79463,NWMLS as Distributed by MLS Grid,2222447,N,Y,47.769934,-122.3427373
PAST SALE,June-23-1995,Single Family Residential,14323 Meridian Ave N,Seattle,WA,98133,1174950,5,3,Seattle,2430,5250,1995,7,484,,Pending,,,https://www.redfin.com/WA/Seattle/14323-Meridian-Ave-N-98133/home/102669,NWMLS as Distributed by MLS Grid,2222377,N,Y,47.733015,-122.3345417
MLS Listing,,Single Family Residential,18033 Ashworth Ave N,Shoreline,WA,98133,700000,3,2,Shoreline,1310,7200,1946,7,534,,Active,May-18-2024 02:00 AM,May-18-2024 04:00 PM,https://www.redfin.com/WA/Shoreline/18033-Ashworth-Ave-N-98133/home/83358,NWMLS as Distributed by MLS Grid,2235514,N,Y,47.7607402,-122.3407071
MLS Listing,,Single Family Residential,11729 Palatine Ave N,Seattle,WA,98133,1249000,4,2,Broadview,2630,7679,1948,7,475,,Active,,,https://www.redfin.com/WA/Seattle/11729-Palatine-Ave-N-98133/home/96944,NWMLS as Distributed by MLS Grid,2233694,N,Y,47.7149841,-122.3571849
MLS Listing,,Single Family Residential,12000 Greenwood Ave N,Seattle,WA,98133,895000,4,2.5,Greenwood,1930,1657,2019,7,464,,Active,,,https://www.redfin.com/WA/Seattle/12000-Greenwood-Ave-N-98133/home/145709492,NWMLS as Distributed by MLS Grid,2235317,N,Y,47.71611,-122.3552191
PAST SALE,October-14-2016,Townhouse,10319 Midvale Ave N Unit B,Seattle,WA,98133,599950,2,2.5,Northgate,1320,1034,1996,8,455,,Pending,,,https://www.redfin.com/WA/Seattle/10319-Midvale-Ave-N-98133/unit-B/home/104629,NWMLS as Distributed by MLS Grid,2233771,N,Y,47.7039455,-122.3437357
PAST SALE,,Townhouse,14718 Meridian Ave N Unit A,Shoreline,WA,98133,887487,3,3.5,Shoreline,1729,2016,2023,8,513,343,Pending,,,https://www.redfin.com/WA/Shoreline/14718-Meridian-Ave-N-98133/unit-A/home/189718217,NWMLS as Distributed by MLS Grid,2198941,N,Y,47.736058,-122.334013
PAST SALE,May-13-1996,Single Family Residential,2126 N 158th St,Shoreline,WA,98133,675000,3,1,Parkwood,1580,8174,1952,8,427,,Pending,,,https://www.redfin.com/WA/Shoreline/2126-N-158th-St-98133/home/82416,NWMLS as Distributed by MLS Grid,2227588,N,Y,47.7439102,-122.3333553
MLS Listing,,Condo/Co-op,750 N 143rd St #101,Seattle,WA,98133,300000,1,1,Bitter Lake,700,,1978,8,429,260,Active,,,https://www.redfin.com/WA/Seattle/750-N-143rd-St-98133/unit-101/home/12305447,NWMLS as Distributed by MLS Grid,2233736,N,Y,47.7328299,-122.3485443
MLS Listing,,Single Family Residential,2123 N 189th St,Shoreline,WA,98133,1228000,4,2.5,Shoreline,2280,5269,2000,8,539,,Active,May-19-2024 12:00 PM,May-19-2024 02:00 PM,https://www.redfin.com/WA/Shoreline/2123-N-189th-St-98133/home/79990,NWMLS as Distributed by MLS Grid,2234859,N,Y,47.7658701,-122.333844
PAST SALE,,Townhouse,916 N 100th St,Seattle,WA,98133,549950,2,1.5,Licton Springs,900,1,2022,9,611,42,Pending,,,https://www.redfin.com/WA/Seattle/916-N-100th-St-98133/home/183673731,NWMLS as Distributed by MLS Grid,2225713,N,Y,47.7016514,-122.3465365
PAST SALE,,Townhouse,14594 Westminster Way N,Shoreline,WA,98133,699990,2,2.5,Westminster,1372,,2023,9,510,405,Pending,,,https://www.redfin.com/WA/Shoreline/14594-Westminster-Way-N-98133/home/190611381,NWMLS as Distributed by MLS Grid,2229532,N,Y,47.7355611,-122.3546023
MLS Listing,,Single Family Residential,14327 Fremont Ave N,Seattle,WA,98133,930000,4,3,Bitter Lake,1989,8540,1950,9,468,,Active,,,https://www.redfin.com/WA/Seattle/14327-Fremont-Ave-N-98133/home/102310,NWMLS as Distributed by MLS Grid,2233798,N,Y,47.7331242,-122.3508118
PAST SALE,,Townhouse,2117 N 148th St Unit C,Shoreline,WA,98133,729990,2,2.5,Parkwood,1462,2016,2023,10,499,343,Pending,,,https://www.redfin.com/WA/Shoreline/2117-N-148th-St-98133/unit-C/home/190487897,NWMLS as Distributed by MLS Grid,2222033,N,Y,47.7361751,-122.3336413
PAST SALE,,Condo/Co-op,14598 Westminster Way N #312,Shoreline,WA,98133,726615,2,2,Westminster,1491,,2023,10,487,522,Pending,,,https://www.redfin.com/WA/Shoreline/14598-Westminster-Way-N-98133/unit-312/home/190187648,NWMLS as Distributed by MLS Grid,2211161,N,Y,47.7356061,-122.354109
PAST SALE,October-12-2021,Townhouse,2142 N 147th St Unit E,Shoreline,WA,98133,927132,4,3.5,Parkwood,1733,2016,2023,10,535,343,Pending,,,https://www.redfin.com/WA/Shoreline/2142-N-147th-St-98133/unit-E/home/185885470,NWMLS as Distributed by MLS Grid,2219616,N,Y,47.735724,-122.3326213
PAST SALE,,Townhouse,14554 Westminster Way N,Shoreline,WA,98133,804169,3,3.5,Westminster,1729,,2024,11,465,406,Pending,,,https://www.redfin.com/WA/Shoreline/14554-Westminster-Way-N-98133/home/189951257,NWMLS as Distributed by MLS Grid,2205250,N,Y,47.7354471,-122.3542913
PAST SALE,,Single Family Residential,14328 Phinney Ave N,Seattle,WA,98133,828800,2,2.5,Bitter Lake,1053,3546,2024,11,787,4,Pending,,,https://www.redfin.com/WA/Seattle/14328-Phinney-Ave-N-98133/home/190389526,NWMLS as Distributed by MLS Grid,2215014,N,Y,47.7331223,-122.3539695
MLS Listing,,Townhouse,14590 Westminster Way N,Shoreline,WA,98133,747419,3,3.5,Westminster,1574,,2023,11,475,405,Active,,,https://www.redfin.com/WA/Shoreline/14590-Westminster-Way-N-98133/home/190694554,NWMLS as Distributed by MLS Grid,2233354,N,Y,47.7355607,-122.3546028
PAST SALE,July-29-2019,Single Family Residential,10540 N Park Ave N,Seattle,WA,98133,715000,2,1,Greenwood,900,5580,1965,12,794,,Pending,,,https://www.redfin.com/WA/Seattle/10540-N-Park-Ave-N-98133/home/99591,NWMLS as Distributed by MLS Grid,2223216,N,Y,47.7061935,-122.3484485
PAST SALE,,Townhouse,14718 Meridian Ave N Unit E,Shoreline,WA,98133,883470,4,3.5,Shoreline,1712,1174,2024,12,516,343,Pending,,,https://www.redfin.com/WA/Shoreline/14718-Meridian-Ave-N-98133/unit-E/home/189718103,NWMLS as Distributed by MLS Grid,2198951,N,Y,47.736058,-122.334013
MLS Listing,,Single Family Residential,1402 N 145th St,Shoreline,WA,98133,674900,4,1,Shoreline,1430,9000,1950,12,472,,Active,,,https://www.redfin.com/WA/Shoreline/1402-N-145th-St-98133/home/81664,NWMLS as Distributed by MLS Grid,2231741,N,Y,47.7343296,-122.3407591
MLS Listing,,Condo/Co-op,19428 Aurora Ave N #437,Shoreline,WA,98133,299000,1,1,Echo Lake,615,,1968,13,486,549,Active,May-19-2024 10:00 AM,May-19-2024 01:00 PM,https://www.redfin.com/WA/Shoreline/19428-Aurora-Ave-N-98133/unit-437/home/1711,NWMLS as Distributed by MLS Grid,2231811,N,Y,47.7697923,-122.344742
PAST SALE,November-13-2014,Single Family Residential,820 N 145th St,Shoreline,WA,98133,649950,3,2,Westminster,1570,8184,1949,13,414,,Pending,,,https://www.redfin.com/WA/Shoreline/820-N-145th-St-98133/home/81129,NWMLS as Distributed by MLS Grid,1991807,N,Y,47.7343172,-122.346753
PAST SALE,,Townhouse,14718 Meridian Ave N Unit C,Shoreline,WA,98133,830151,3,3,Parkwood,1674,2012,2024,13,496,343,Pending,,,https://www.redfin.com/WA/Shoreline/14718-Meridian-Ave-N-98133/unit-C/home/189881909,NWMLS as Distributed by MLS Grid,2203227,N,Y,47.736058,-122.334013
PAST SALE,October-2-2009,Single Family Residential,826 N 145th St,Shoreline,WA,98133,649950,4,1,Westminster,2320,8052,1949,13,280,,Pending,,,https://www.redfin.com/WA/Shoreline/826-N-145th-St-98133/home/81538,NWMLS as Distributed by MLS Grid,1991806,N,Y,47.7343546,-122.3465013
MLS Listing,,Townhouse,1766 N Northgate Way Unit G,Seattle,WA,98133,525000,2,1.5,Haller Lake,1020,937,2001,13,515,,Active,,,https://www.redfin.com/WA/Seattle/1766-N-Northgate-Way-98133/unit-G/home/104935,NWMLS as Distributed by MLS Grid,2232904,N,Y,47.7073868,-122.3363621
MLS Listing,,Condo/Co-op,14598 Westminster Way N #301,Shoreline,WA,98133,703323,2,2,Westminster,1487,,2024,13,473,522,Active,,,https://www.redfin.com/WA/Shoreline/14598-Westminster-Way-N-98133/unit-301/home/190684535,NWMLS as Distributed by MLS Grid,2232868,N,Y,47.7356061,-122.354109
PAST SALE,,Townhouse,14728 Meridian Ave N Unit A,Shoreline,WA,98133,905894,4,3.5,Parkwood,1712,2016,2024,14,529,343,Pending,,,https://www.redfin.com/WA/Shoreline/14728-Meridian-Ave-N-98133/unit-A/home/190049797,NWMLS as Distributed by MLS Grid,2207672,N,Y,47.7359591,-122.333996
MLS Listing,,Single Family Residential,10505 Evanston Ave N,Seattle,WA,98133,1500000,4,2.5,Broadview,2518,5040,2015,14,596,,Active,,,https://www.redfin.com/WA/Seattle/10505-Evanston-Ave-N-98133/home/69356687,NWMLS as Distributed by MLS Grid,2232156,N,Y,47.7054379,-122.3517985
MLS Listing,,Single Family Residential,10705 Interlake Ave N,Seattle,WA,98133,850000,1,1,Northgate,1200,5060,1926,14,708,,Active,,,https://www.redfin.com/WA/Seattle/10705-Interlake-Ave-N-98133/home/105101,NWMLS as Distributed by MLS Grid,2232223,N,Y,47.7071439,-122.3409777
MLS Listing,,Single Family Residential,568 N 185th Pl,Shoreline,WA,98133,749950,3,1,Shoreline,1050,12909,1954,14,714,,Active,May-18-2024 12:00 PM,May-18-2024 02:00 PM,https://www.redfin.com/WA/Shoreline/568-N-185th-Pl-98133/home/80545,NWMLS as Distributed by MLS Grid,2225370,N,Y,47.7633891,-122.3528617
MLS Listing,,Condo/Co-op,937 N 200th St Unit B302,Shoreline,WA,98133,340000,1,1,Hillwood,579,,1989,15,587,400,Active,,,https://www.redfin.com/WA/Shoreline/937-N-200th-St-98133/unit-B302/home/17080967,NWMLS as Distributed by MLS Grid,2231472,N,Y,47.7739281,-122.347517
MLS Listing,,Single Family Residential,757 N 202nd St,Shoreline,WA,98133,995000,3,2.5,Shoreline,2140,10336,1984,15,465,,Active,,,https://www.redfin.com/WA/Shoreline/757-N-202nd-St-98133/home/78820,NWMLS as Distributed by MLS Grid,2230279,N,Y,47.7757338,-122.3489894
PAST SALE,,Single Family Residential,727 1/2 N 100th St,Seattle,WA,98133,450000,2,1,Greenwood,660,2356,1928,16,682,,Pending,,,https://www.redfin.com/WA/Seattle/727-1-2-N-100th-St-98133/home/190571888,NWMLS as Distributed by MLS Grid,2202455,N,Y,47.7010699,-122.3487463
PAST SALE,June-30-2021,Single Family Residential,10737 Evanston Ave N,Seattle,WA,98133,765000,3,1,Greenwood,1200,3827,1930,16,638,,Pending,,,https://www.redfin.com/WA/Seattle/10737-Evanston-Ave-N-98133/home/40264292,NWMLS as Distributed by MLS Grid,2218849,N,Y,47.7080314,-122.3517518
MLS Listing,,Condo/Co-op,939 N 101st St #304,Seattle,WA,98133,387000,2,1,Greenwood,958,11083,1979,16,404,404,Active,,,https://www.redfin.com/WA/Seattle/939-N-101st-St-98133/unit-304/home/12091887,NWMLS as Distributed by MLS Grid,2215271,N,Y,47.7019896,-122.3455159
MLS Listing,,Single Family Residential,312 N 101st St,Seattle,WA,98133,665000,3,1,Greenwood,1720,3390,1921,16,387,,Active,,,https://www.redfin.com/WA/Seattle/312-N-101st-St-98133/home/99449,NWMLS as Distributed by MLS Grid,2230375,N,Y,47.7023751,-122.3547407
MLS Listing,,Single Family Residential,314 N 101st St,Seattle,WA,98133,625000,2,1,Greenwood,858,3390,2024,16,728,,Active,,,https://www.redfin.com/WA/Seattle/314-N-101st-St-98133/home/190642748,NWMLS as Distributed by MLS Grid,2230441,N,Y,47.702403,-122.3546567
MLS Listing,,Townhouse,14718 N Meridian St Unit B,Shoreline,WA,98133,772250,2,2.5,Shoreline,1462,2016,2024,18,528,343,Active,,,https://www.redfin.com/WA/Shoreline/14718-Meridian-Ave-N-98133/unit-B/home/189881916,NWMLS as Distributed by MLS Grid,2229779,N,Y,47.736058,-122.334013
PAST SALE,June-16-2016,Single Family Residential,20121 Fremont Ave N,Shoreline,WA,98133,1195000,3,2.5,Shoreline,2510,8110,1998,19,476,,Pending,,,https://www.redfin.com/WA/Shoreline/20121-Fremont-Ave-N-98133/home/77919,NWMLS as Distributed by MLS Grid,2221107,N,Y,47.7756628,-122.3518037
PAST SALE,June-15-2021,Single Family Residential,10065 Wallingford Ave N #16,Seattle,WA,98133,825000,2,2.5,Northgate,1618,98573,1988,20,510,1183,Pending,,,https://www.redfin.com/WA/Seattle/10065-Wallingford-Ave-N-98133/unit-16/home/1563,NWMLS as Distributed by MLS Grid,2226377,N,Y,47.7026529,-122.3361595
PAST SALE,August-31-2008,Single Family Residential,16835 Fremont Ave N,Shoreline,WA,98133,1399950,5,3,Richmond Highlands,2714,6109,2024,20,516,,Pending,,,https://www.redfin.com/WA/Shoreline/16835-Fremont-Ave-N-98133/home/189748460,NWMLS as Distributed by MLS Grid,2229299,N,Y,47.752117,-122.351728
MLS Listing,,Condo/Co-op,300 N 130th St #4102,Seattle,WA,98133,360000,1,1,Greenwood,707,,1988,20,509,454,Active,,,https://www.redfin.com/WA/Seattle/300-N-130th-St-98133/unit-4102/home/12538157,NWMLS as Distributed by MLS Grid,2227986,N,Y,47.7239491,-122.3535716
MLS Listing,,Multi-Family (2-4 Unit),913 N 130th St,Seattle,WA,98133,649959,2,2,Bitter Lake,1340,3597,1952,20,485,,Active,,,https://www.redfin.com/WA/Seattle/913-N-130th-St-98133/home/97854,NWMLS as Distributed by MLS Grid,2228892,N,Y,47.7227569,-122.3472152
MLS Listing,,Condo/Co-op,13551 Linden Ave N Unit B-108,Seattle,WA,98133,509950,2,2,Bitter Lake,1157,,1972,21,441,640,Active,,,https://www.redfin.com/WA/Seattle/13551-Linden-Ave-N-98133/unit-B108/home/172244005,NWMLS as Distributed by MLS Grid,2217903,N,Y,47.7274993,-122.3488667
MLS Listing,,Vacant Land,2118 N 146th St,Shoreline,WA,98133,1000000,,,Parkwood,,10045,,21,,,Active,,,https://www.redfin.com/WA/Shoreline/2118-N-146th-St-98133/home/81575,NWMLS as Distributed by MLS Grid,2227734,N,Y,47.7349075,-122.3334423
MLS Listing,,Single Family Residential,723 N 190th St,Shoreline,WA,98133,975000,3,2,Shoreline,2420,6600,1926,22,403,,Active,,,https://www.redfin.com/WA/Shoreline/723-N-190th-St-98133/home/77648,NWMLS as Distributed by MLS Grid,2226870,N,Y,47.7666432,-122.3502116
PAST SALE,,Condo/Co-op,14598 Westminster Way N #311,Shoreline,WA,98133,702148,2,2,Westminster,1487,,2023,24,472,522,Pending,,,https://www.redfin.com/WA/Shoreline/14598-Westminster-Way-N-98133/unit-311/home/182457792,NWMLS as Distributed by MLS Grid,2211061,N,Y,47.7356061,-122.354109
PAST SALE,August-2-1993,Condo/Co-op,10106 Greenwood Ave N #204,Seattle,WA,98133,455000,2,2,Greenwood,944,,1984,25,482,549,Pending,,,https://www.redfin.com/WA/Seattle/10106-Greenwood-Ave-N-98133/unit-204/home/87,NWMLS as Distributed by MLS Grid,2220751,N,Y,47.7023991,-122.3551075
PAST SALE,,Townhouse,14542 Westminster Way N,Shoreline,WA,98133,724990,3,3.5,Westminster,1574,,2023,27,461,405,Pending,,,https://www.redfin.com/WA/Shoreline/14542-Westminster-Way-N-98133/home/190402497,NWMLS as Distributed by MLS Grid,2219797,N,Y,47.7352327,-122.3545256
MLS Listing,,Single Family Residential,16520 Ashworth Ave N,Shoreline,WA,98133,1494950,5,3,Shoreline,2870,7238,1955,27,521,,Active,,,https://www.redfin.com/WA/Shoreline/16520-Ashworth-Ave-N-98133/home/83896,NWMLS as Distributed by MLS Grid,2216796,N,Y,47.7493743,-122.3398651
MLS Listing,,Townhouse,13717 Greenwood Ave N Unit A,Seattle,WA,98133,625000,3,2.5,Greenwood,1670,1825,2008,28,374,,Active,May-18-2024 12:00 PM,May-18-2024 03:00 PM,https://www.redfin.com/WA/Seattle/13717-Greenwood-Ave-N-98133/unit-A/home/22230186,NWMLS as Distributed by MLS Grid,2222209,N,Y,47.7293763,-122.3558644
PAST SALE,November-10-2010,Multi-Family (2-4 Unit),319 N 105th St,Seattle,WA,98133,1450000,8,4,Crown Hill,3788,4900,1960,29,383,,Pending,,,https://www.redfin.com/WA/Seattle/319-N-105th-St-98133/home/2085593,NWMLS as Distributed by MLS Grid,2211907,N,Y,47.7049142,-122.3544567
MLS Listing,,Single Family Residential,14319 Courtland Pl N,Seattle,WA,98133,750000,2,2.5,Haller Lake,1089,2061,2024,29,689,21,Active,May-19-2024 11:00 AM,May-19-2024 02:00 PM,https://www.redfin.com/WA/Seattle/14319-Courtland-Pl-N-98133/home/190540254,NWMLS as Distributed by MLS Grid,2223873,N,Y,47.7328613,-122.3382412
PAST SALE,August-13-2013,Single Family Residential,14318 Densmore Ave N,Seattle,WA,98133,675000,2,1.5,Haller Lake,850,2990,1944,30,794,21,Pending,,,https://www.redfin.com/WA/Seattle/14318-Densmore-Ave-N-98133/home/102956,NWMLS as Distributed by MLS Grid,2213474,N,Y,47.7328775,-122.3383797
MLS Listing,,Condo/Co-op,700 N 160th St Unit A101,Shoreline,WA,98133,339999,1,1,Shoreline,580,,1986,30,586,315,Active,,,https://www.redfin.com/WA/Shoreline/700-N-160th-St-98133/unit-A101/home/45483609,NWMLS as Distributed by MLS Grid,2223385,N,Y,47.7455255,-122.3501102
MLS Listing,,Condo/Co-op,14598 Westminster Way N #201,Shoreline,WA,98133,712472,2,2,Westminster,1487,,2024,32,479,522,Active,,,https://www.redfin.com/WA/Shoreline/14598-Westminster-Way-N-98133/unit-201/home/190511524,NWMLS as Distributed by MLS Grid,2223214,N,Y,47.7356061,-122.354109
MLS Listing,,Condo/Co-op,14598 Westminster Way N #211,Shoreline,WA,98133,721747,2,2,Westminster,1487,,2024,32,485,522,Active,,,https://www.redfin.com/WA/Shoreline/14598-Westminster-Way-N-98133/unit-211/home/190511507,NWMLS as Distributed by MLS Grid,2223212,N,Y,47.7356061,-122.354109
MLS Listing,,Condo/Co-op,14598 Westminster Way N #101,Shoreline,WA,98133,740985,2,2,Westminster,1487,,2024,32,498,522,Active,,,https://www.redfin.com/WA/Shoreline/14598-Westminster-Way-N-98133/unit-101/home/190511478,NWMLS as Distributed by MLS Grid,2223210,N,Y,47.7356061,-122.354109
MLS Listing,,Condo/Co-op,14598 Westminster Way N #406,Shoreline,WA,98133,598196,1,1,Shoreline,955,,2023,33,626,522,Active,,,https://www.redfin.com/WA/Shoreline/14598-Westminster-Way-N-98133/unit-406/home/190509535,NWMLS as Distributed by MLS Grid,2223103,N,Y,47.7356061,-122.354109
MLS Listing,,Condo/Co-op,14598 Westminster Way N #404,Shoreline,WA,98133,667418,2,2,Shoreline,1186,,2023,33,563,522,Active,,,https://www.redfin.com/WA/Shoreline/14598-Westminster-Way-N-98133/unit-404/home/190509466,NWMLS as Distributed by MLS Grid,2223099,N,Y,47.7356061,-122.354109
PAST SALE,,Single Family Residential,11217 Dayton Ave N,Seattle,WA,98133,725000,2,1.5,Greenwood,1000,2393,2024,34,725,2,Pending,,,https://www.redfin.com/WA/Seattle/11217-Dayton-Ave-N-98133/home/190429827,NWMLS as Distributed by MLS Grid,2216255,N,Y,47.7110518,-122.3531576
MLS Listing,,Single Family Residential,1610 N 143rd St,Seattle,WA,98133,849900,3,2.5,Haller Lake,1306,2750,2020,34,651,,Active,May-18-2024 11:00 AM,May-18-2024 01:00 PM,https://www.redfin.com/WA/Seattle/1610-N-143rd-St-98133/home/103220,NWMLS as Distributed by MLS Grid,2209447,N,Y,47.7325824,-122.3394804
MLS Listing,,Townhouse,10306 C Midvale Ave N,Seattle,WA,98133,694900,3,2.5,Licton Springs,1224,640,2024,34,568,,Active,May-19-2024 02:30 PM,May-19-2024 04:30 PM,https://www.redfin.com/WA/Seattle/10306-Midvale-Ave-N-98133/home/105182,NWMLS as Distributed by MLS Grid,2215489,N,Y,47.7034972,-122.343006
MLS Listing,,Single Family Residential,10336 Wallingford Ave N,Seattle,WA,98133,1649000,6,5,Northgate,3930,9222,2018,35,420,,Active,,,https://www.redfin.com/WA/Seattle/10336-Wallingford-Ave-N-98133/home/104602,NWMLS as Distributed by MLS Grid,2218937,N,Y,47.7043335,-122.3352975
MLS Listing,,Townhouse,217 N 117th St,Seattle,WA,98133,699800,4,3,Greenwood,1580,1316,2005,36,443,,Active,,,https://www.redfin.com/WA/Seattle/217-N-117th-St-98133/home/2115890,NWMLS as Distributed by MLS Grid,2220433,N,Y,47.7139986,-122.3561118
PAST SALE,,Townhouse,14728 Meridian Ave N Unit D,Shoreline,WA,98133,897277,4,3.5,Parkwood,1712,2016,2023,39,524,343,Pending,,,https://www.redfin.com/WA/Shoreline/14728-Meridian-Ave-N-98133/unit-D/home/190050144,NWMLS as Distributed by MLS Grid,2207687,N,Y,47.7359591,-122.333996
PAST SALE,,Townhouse,14540 Westminster Way N,Shoreline,WA,98133,728021,3,3.5,Westminster,1574,,2023,41,463,405,Pending,,,https://www.redfin.com/WA/Shoreline/14540-Westminster-Way-N-98133/home/190401942,NWMLS as Distributed by MLS Grid,2219722,N,Y,47.7352327,-122.3545256
MLS Listing,,Townhouse,307 N 138th St Unit A,Seattle,WA,98133,749950,3,2.5,Bitter Lake,1479,879,2023,41,507,,Active,May-18-2024 11:00 AM,May-18-2024 01:00 PM,https://www.redfin.com/WA/Seattle/307-N-138th-St-98133/unit-A/home/190403260,NWMLS as Distributed by MLS Grid,2219887,N,Y,47.7294506,-122.3549805
MLS Listing,,Condo/Co-op,132 N 132nd St #305,Seattle,WA,98133,393767,2,2,Broadview,1115,,1978,42,353,927,Active,,,https://www.redfin.com/WA/Seattle/132-N-132nd-St-98133/unit-305/home/32245,NWMLS as Distributed by MLS Grid,2218575,N,Y,47.7252807,-122.3565637
PAST SALE,,Vacant Land,2311 N 135th St,Seattle,WA,98133,450000,,,Haller Lake,,7200,,43,,,Pending,,,https://www.redfin.com/WA/Seattle/2311-NE-135th-St-98125/home/22457630,NWMLS as Distributed by MLS Grid,2163954,N,Y,47.726567,-122.330926
MLS Listing,,Townhouse,13435 Greenwood Ave N Unit A,Seattle,WA,98133,575000,2,1.5,Broadview,1190,1265,2005,44,483,,Active,,,https://www.redfin.com/WA/Seattle/13435-Greenwood-Ave-N-98133/unit-A/home/2063721,NWMLS as Distributed by MLS Grid,2217639,N,Y,47.7274582,-122.3569893
MLS Listing,,Townhouse,309 N 138th St Unit D,Seattle,WA,98133,719950,3,2.5,Bitter Lake,1479,879,2023,44,487,,Active,May-18-2024 11:00 AM,May-18-2024 01:00 PM,https://www.redfin.com/WA/Seattle/309-N-138th-St-98133/unit-D/home/187313419,NWMLS as Distributed by MLS Grid,2217362,N,Y,47.7293823,-122.3549863
MLS Listing,,Condo/Co-op,2152 N 112th St #207,Seattle,WA,98133,289950,1,1,Northgate,554,,1988,45,523,477,Active,,,https://www.redfin.com/WA/Seattle/2152-N-112th-St-98133/unit-207/home/46347,NWMLS as Distributed by MLS Grid,2211248,N,Y,47.7099783,-122.331604
PAST SALE,March-22-2021,Single Family Residential,536 N 102nd St,Seattle,WA,98133,434900,1,1,Greenwood,550,2050,1927,46,791,78,Pending,,,https://www.redfin.com/WA/Seattle/536-N-102nd-St-98133/home/98963,NWMLS as Distributed by MLS Grid,2197630,N,Y,47.7031473,-122.3510685
PAST SALE,,Townhouse,14728 Meridian Ave N Unit B,Shoreline,WA,98133,843733,3,3.5,Shoreline,1674,2016,2024,51,504,343,Pending,,,https://www.redfin.com/WA/Shoreline/14728-Meridian-Ave-N-98133/unit-B/home/190050588,NWMLS as Distributed by MLS Grid,2207712,N,Y,47.7359591,-122.333996
MLS Listing,,Vacant Land,14547 Whitman Ave N,Shoreline,WA,98133,2750000,,,Seattle,,16200,,51,,,Active,,,https://www.redfin.com/WA/Shoreline/14547-Whitman-Ave-N-98133/home/81975,NWMLS as Distributed by MLS Grid,2214455,N,Y,47.7354662,-122.34665
MLS Listing,,Condo/Co-op,14598 Westminster Way N #309,Shoreline,WA,98133,662982,2,2,Westminster,1332,,2024,52,498,522,Active,,,https://www.redfin.com/WA/Shoreline/14598-Westminster-Way-N-98133/unit-309/home/190286790,NWMLS as Distributed by MLS Grid,2214862,N,Y,47.7356061,-122.354109
MLS Listing,,Single Family Residential,14545 Whitman Ave N,Shoreline,WA,98133,2750000,3,1,Seattle,2120,16200,1955,54,1297,,Active,,,https://www.redfin.com/WA/Shoreline/14545-Whitman-Ave-N-98133/home/81974,NWMLS as Distributed by MLS Grid,2214151,N,Y,47.7352988,-122.3466656
MLS Listing,,Townhouse,14012 Midvale Ave N,Seattle,WA,98133,625000,2,2,Bitter Lake,1250,1076,2021,56,500,25,Active,,,https://www.redfin.com/WA/Seattle/14012-Midvale-Ave-N-98133/home/102547,NWMLS as Distributed by MLS Grid,2213562,N,Y,47.7308572,-122.3438452
MLS Listing,,Multi-Family (5+ Unit),1824 N 103rd St,Seattle,WA,98133,2950000,18,18,Northgate,9975,7330,1986,58,296,,Active,,,https://www.redfin.com/WA/Seattle/1824-N-103rd-St-98133/home/2084476,NWMLS as Distributed by MLS Grid,2212458,N,Y,47.7034596,-122.3346008
MLS Listing,,Condo/Co-op,14598 Westminster Way N #310,Shoreline,WA,98133,499990,1,1,Westminster,955,,2023,62,524,522,Active,,,https://www.redfin.com/WA/Shoreline/14598-Westminster-Way-N-98133/unit-310/home/186160934,NWMLS as Distributed by MLS Grid,2211136,N,Y,47.735467,-122.354073
PAST SALE,,Condo/Co-op,19428 Aurora Ave N #327,Shoreline,WA,98133,265000,1,1,Echo Lake,605,,1976,64,438,500,Pending,,,https://www.redfin.com/WA/Shoreline/19428-Aurora-Ave-N-98133/unit-327/home/190571860,NWMLS as Distributed by MLS Grid,2197286,N,Y,47.7697923,-122.344742
MLS Listing,,Townhouse,14576 Westminster Way N,Shoreline,WA,98133,699990,2,2.5,Westminster,1372,,2023,70,510,405,Active,,,https://www.redfin.com/WA/Shoreline/14576-Westminster-Way-N-98133/home/190050341,NWMLS as Distributed by MLS Grid,2207678,N,Y,47.7349382,-122.3544142
MLS Listing,,Vacant Land,12200 Aurora Ave N,Seattle,WA,98133,3000000,,,Haller Lake,,27443,,72,,,Active,,,https://www.redfin.com/WA/Seattle/12200-Aurora-Ave-N-98133/home/176996827,NWMLS as Distributed by MLS Grid,2207033,N,Y,47.717643,-122.3443079
PAST SALE,,Townhouse,14580 Westminster Way N,Shoreline,WA,98133,735180,3,3.5,Westminster,1574,,2023,74,467,405,Pending,,,https://www.redfin.com/WA/Shoreline/14580-Westminster-Way-N-98133/home/189571652,NWMLS as Distributed by MLS Grid,2195119,N,Y,47.7349382,-122.3544142
MLS Listing,,Multi-Family (5+ Unit),207 N 104th St,Seattle,WA,98133,2850000,13,13,Seattle,10808,8334,1977,76,264,,Active,,,https://www.redfin.com/WA/Seattle/207-N-104th-St-98133/home/2078829,NWMLS as Distributed by MLS Grid,2205800,N,Y,47.7041751,-122.3561984
MLS Listing,,Multi-Family (5+ Unit),11023 Greenwood Ave N,Seattle,WA,98133,2850000,15,9,Seattle,8708,7232,1977,76,327,,Active,,,https://www.redfin.com/WA/Seattle/11023-Greenwood-Ave-N-98133/home/2067849,NWMLS as Distributed by MLS Grid,2205792,N,Y,47.7093755,-122.3559118
MLS Listing,,Townhouse,14546 Westminster Way N,Shoreline,WA,98133,811115,4,3.5,Westminster,1751,,2024,77,463,406,Active,,,https://www.redfin.com/WA/Shoreline/14546-Westminster-Way-N-98133/home/189950375,NWMLS as Distributed by MLS Grid,2205123,N,Y,47.7354471,-122.3542913
MLS Listing,,Townhouse,10036 C Stone Ave N,Seattle,WA,98133,879000,4,2.5,Licton Springs,1834,1183,2023,77,479,,Active,,,https://www.redfin.com/WA/Seattle/10036-Stone-Ave-N-98133/home/185905306,NWMLS as Distributed by MLS Grid,2205119,N,Y,47.7025433,-122.341653
MLS Listing,,Single Family Residential,14504 Meridian Ave N,Shoreline,WA,98133,795000,3,1,Parkwood,1339,6638,1953,80,594,,Active,,,https://www.redfin.com/WA/Shoreline/14504-Meridian-Ave-N-98133/home/82139,NWMLS as Distributed by MLS Grid,2203691,N,Y,47.7343779,-122.3340333
MLS Listing,,Condo/Co-op,13717 Linden Ave N #225,Seattle,WA,98133,349888,2,1,Bitter Lake,1007,,1982,86,347,469,Active,,,https://www.redfin.com/WA/Seattle/13717-Linden-Ave-N-98133/unit-225/home/39637,NWMLS as Distributed by MLS Grid,2201344,N,Y,47.7283285,-122.3485329
MLS Listing,,Townhouse,947 N 103rd St,Seattle,WA,98133,499950,2,1.5,Greenwood,980,1073,2006,87,510,,Active,,,https://www.redfin.com/WA/Seattle/947-N-103rd-St-98133/home/8189832,NWMLS as Distributed by MLS Grid,2201220,N,Y,47.7034674,-122.3454005
MLS Listing,,Vacant Land,0 145XX Meridian Ave N,Shoreline,WA,98133,3250000,,,Parkwood,,29467,,90,,,Active,,,https://www.redfin.com/WA/Seattle/0-145XX-Meridian-Ave-N-98133/home/190365006,NWMLS as Distributed by MLS Grid,2200809,N,Y,47.734315,-122.33398
PAST SALE,,Townhouse,14578 Westminster Way N,Shoreline,WA,98133,724990,3,3.5,Westminster,1574,,2023,96,461,405,Pending,,,https://www.redfin.com/WA/Shoreline/14578-Westminster-Way-N-98133/home/189464334,NWMLS as Distributed by MLS Grid,2192830,N,Y,47.7349382,-122.3544142
MLS Listing,,Condo/Co-op,19414 Aurora Ave N #203,Shoreline,WA,98133,349000,2,1,Echo Lake,850,,1968,97,411,578,Active,May-18-2024 01:00 PM,May-18-2024 03:00 PM,https://www.redfin.com/WA/Shoreline/19414-Aurora-Ave-N-98133/unit-203/home/43656,NWMLS as Distributed by MLS Grid,2190606,N,Y,47.77006,-122.345342
MLS Listing,,Multi-Family (2-4 Unit),501 N 105 St Unit A,Seattle,WA,98133,1475000,6,7.5,Northgate,3480,3844,2009,97,424,,Active,,,https://www.redfin.com/WA/Seattle/501-N-105th-St-98133/unit-A/home/99216,NWMLS as Distributed by MLS Grid,2196967,N,Y,47.7048534,-122.3525486
MLS Listing,,Condo/Co-op,132 N 132nd St #404,Seattle,WA,98133,399000,2,2,Broadview,1117,,1978,98,357,944,Active,May-19-2024 02:00 PM,May-19-2024 04:00 PM,https://www.redfin.com/WA/Seattle/132-N-132nd-St-98133/unit-404/home/33621,NWMLS as Distributed by MLS Grid,2197964,N,Y,47.7252807,-122.3565637
MLS Listing,,Townhouse,2117 N 148th St Unit D,Shoreline,WA,98133,776783,2,2.5,Shoreline,1462,896,2023,105,531,343,Active,,,https://www.redfin.com/WA/Shoreline/2117-N-148th-St-98133/unit-D/home/190549698,NWMLS as Distributed by MLS Grid,2196361,N,Y,47.7361751,-122.3336413
MLS Listing,,Multi-Family (5+ Unit),2312 N 134TH St,Seattle,WA,98133,2400000,14,10.5,Northgate,6450,7363,1965,106,372,,Active,,,https://www.redfin.com/WA/Seattle/2312-N-134th-St-98133/home/2083524,NWMLS as Distributed by MLS Grid,2195748,N,Y,47.7262842,-122.3307205
MLS Listing,,Vacant Land,10520 Greenwood Ave N,Seattle,WA,98133,4000000,,,Greenwood,,15481,,107,,,Active,,,https://www.redfin.com/WA/Seattle/10520-Greenwood-Ave-N-98133/home/189564699,NWMLS as Distributed by MLS Grid,2183331,N,Y,47.7057564,-122.3550619
MLS Listing,,Multi-Family (5+ Unit),10532 Greenwood Ave N,Seattle,WA,98133,1795000,6,5.75,Greenwood,6466,7200,1978,108,278,,Active,,,https://www.redfin.com/WA/Seattle/10532-Greenwood-Ave-N-98133/home/2081713,NWMLS as Distributed by MLS Grid,2193148,N,Y,47.7060756,-122.3550628
PAST SALE,January-19-2011,Condo/Co-op,750 N 143rd St #316,Seattle,WA,98133,420000,2,1.5,Bitter Lake,1241,,1978,110,338,368,Pending,,,https://www.redfin.com/WA/Seattle/750-N-143rd-St-98133/unit-316/home/12305461,NWMLS as Distributed by MLS Grid,2192312,N,Y,47.7328299,-122.3485443
MLS Listing,,Condo/Co-op,14598 Westminster Way N #204,Shoreline,WA,98133,635214,2,2,Westminster,1186,,2024,118,536,522,Active,,,https://www.redfin.com/WA/Shoreline/14598-Westminster-Way-N-98133/unit-204/home/182457902,NWMLS as Distributed by MLS Grid,2192918,N,Y,47.7356061,-122.354109
MLS Listing,,Single Family Residential,14526 Meridian Ave N,Shoreline,WA,98133,775000,3,1,Parkwood,1250,6300,1952,125,620,,Active,,,https://www.redfin.com/WA/Shoreline/14526-Meridian-Ave-N-98133/home/81576,NWMLS as Distributed by MLS Grid,2190712,N,Y,47.7347819,-122.3336611
MLS Listing,,Condo/Co-op,500 N 149th St #301,Shoreline,WA,98133,350000,1,1,Westminster,632,,1979,147,554,257,Active,,,https://www.redfin.com/WA/Shoreline/500-N-149th-St-98133/unit-301/home/190390707,NWMLS as Distributed by MLS Grid,2186657,N,Y,47.7370996,-122.3525965
MLS Listing,,Single Family Residential,14040 Ashworth Ave N,Seattle,WA,98133,615000,2,1,Haller Lake,820,5250,1940,163,750,,Active,,,https://www.redfin.com/WA/Seattle/14040-Ashworth-Ave-N-98133/home/103014,NWMLS as Distributed by MLS Grid,2184020,N,Y,47.7316852,-122.3393104
PAST SALE,,Townhouse,14544 Westminster Way N,Shoreline,WA,98133,798992,3,3.5,Shoreline,1729,2016,2023,183,462,450,Pending,,,https://www.redfin.com/WA/Shoreline/14544-Westminster-Way-N-98133/home/186318640,NWMLS as Distributed by MLS Grid,2147044,N,Y,47.7352327,-122.3545256
PAST SALE,,Condo/Co-op,14598 Westminster Way N #212,Shoreline,WA,98133,699990,2,2,Shoreline,1491,,2023,231,469,522,Pending,,,https://www.redfin.com/WA/Shoreline/14598-Westminster-Way-N-98133/unit-212/home/186161029,NWMLS as Distributed by MLS Grid,2141861,N,Y,47.735467,-122.354073
PAST SALE,October-19-2009,Single Family Residential,10710 Whitman Ave N,Seattle,WA,98133,695000,3,2,Greenwood,1890,2908,1926,234,368,,Pending,,,https://www.redfin.com/WA/Seattle/10710-Whitman-Ave-N-98133/home/17076924,NWMLS as Distributed by MLS Grid,2160139,N,Y,47.7070702,-122.3457854
MLS Listing,,Single Family Residential,2112 N 146th St,Shoreline,WA,98133,875000,3,1.5,Parkwood,1170,9644,1959,264,748,,Active,,,https://www.redfin.com/WA/Shoreline/2112-N-146th-St-98133/home/81572,NWMLS as Distributed by MLS Grid,2153450,N,Y,47.7347319,-122.3335909
MLS Listing,,Condo/Co-op,14598 Westminster Way N #305,Shoreline,WA,98133,654990,2,2,Shoreline,1332,,2023,301,492,522,Active,,,https://www.redfin.com/WA/Shoreline/14598-Westminster-Way-N-98133/unit-305/home/186160993,NWMLS as Distributed by MLS Grid,2141846,N,Y,47.735467,-122.354073
PAST SALE,,Townhouse,14564 Westminster Way N,Shoreline,WA,98133,826990,3,3.5,Westminster,1729,,2023,352,478,500,Pending,,,https://www.redfin.com/WA/Shoreline/14564-Westminster-Way-N-98133/home/179423598,NWMLS as Distributed by MLS Grid,1932394,N,Y,47.7349392,-122.3539889
New Construction Home,,Townhouse,14588 Westminster Way N,Shoreline,WA,98133,702921,2,2.5,Shoreline,1372,,2024,7,512,,Active,,,https://www.redfin.com/WA/Shoreline/14588-Westminster-Way-N-98133/home/190694523,Zillow,89683270E30B,N,Y,47.7355604,-122.354603
New Construction Home,,Townhouse,14526 Westminster Way N,Shoreline,WA,98133,813305,4,3.5,Shoreline,1751,,2024,23,464,,Active,,,https://www.redfin.com/WA/Shoreline/14526-Westminster-Way-N-98133/home/190559616,Zillow,FBF44D5D08C7,N,Y,47.7348701,-122.3550055
New Construction Home,,Townhouse,2117 N 148th St Unit B,Seattle,WA,98133,734990,2,2.5,Seattle,1462,,2024,27,503,,Active,,,https://www.redfin.com/WA/Shoreline/2117-N-148th-St-98133/unit-B/home/189625466,Zillow,A4A689D9722A,N,Y,47.7361751,-122.3336413
New Construction Plan,,Townhouse,Unit 16.02 Plan,Shoreline,WA,98133,759990,3,3.5,Shoreline,1674,,,6,454,,Active,,,https://www.redfin.com/WA/Shoreline/Shoreline/Unit-16-02/home/188261542,Zillow,F416279889AF,N,Y,47.735724,-122.3326213
New Construction Plan,,Townhouse,10036 A-C Plan,Seattle,WA,98133,799000,4,2.5,Seattle,1800,,,49,444,,Active,,,https://www.redfin.com/WA/Seattle/Seattle/10036-A-C/home/190289940,Zillow,986338883D7C,N,Y,47.7025433,-122.341653
New Construction Plan,,Condo/Co-op,Anacortes Plan,Seattle,WA,98133,514990,1,1,Seattle,955,,,77,539,,Active,,,https://www.redfin.com/WA/Shoreline/Seattle/Anacortes/home/188281656,Zillow,539D748EFF8D,N,Y,47.7353512,-122.3540679
New Construction Plan,,Townhouse,Unit 18.03 Plan,Seattle,WA,98133,709990,4,3.5,Seattle,1751,,,77,405,,Active,,,https://www.redfin.com/WA/Shoreline/Seattle/Unit-18-03/home/188275249,Zillow,22FE0D918021,N,Y,47.7353512,-122.3540679
New Construction Plan,,Condo/Co-op,Clarkston Plan,Seattle,WA,98133,619990,2,2,Seattle,1332,,,77,465,,Active,,,https://www.redfin.com/WA/Shoreline/Seattle/Clarkston/home/188281584,Zillow,D475FDB25FBC,N,Y,47.7353512,-122.3540679
New Construction Plan,,Condo/Co-op,Easton Plan,Seattle,WA,98133,659990,2,2,Seattle,1487,,,77,444,,Active,,,https://www.redfin.com/WA/Shoreline/Seattle/Easton/home/188280530,Zillow,9.1212E+11,N,Y,47.7353512,-122.3540679
New Construction Plan,,Condo/Co-op,Dayton Plan,Seattle,WA,98133,664990,2,2,Seattle,1491,,,77,446,,Active,,,https://www.redfin.com/WA/Shoreline/Seattle/Dayton/home/188284548,Zillow,7D8D0CCCAA05,N,Y,47.7353512,-122.3540679
New Construction Plan,,Condo/Co-op,Bellingham Plan,Seattle,WA,98133,579990,2,2,Seattle,1186,,,77,489,,Active,,,https://www.redfin.com/WA/Shoreline/Seattle/Bellingham/home/188279807,Zillow,6D8504EA6C58,N,Y,47.7353512,-122.3540679
New Construction Plan,,Townhouse,Unit 16.03 Plan,Seattle,WA,98133,649990,3,3.5,Seattle,1574,,,77,413,,Active,,,https://www.redfin.com/WA/Shoreline/Seattle/Unit-16-03/home/188275266,Zillow,280EAAC9BAC7,N,Y,47.7353512,-122.3540679
New Construction Plan,,Townhouse,Unit 16.01 Plan,Seattle,WA,98133,619990,2,2.5,Seattle,1372,,,77,452,,Active,,,https://www.redfin.com/WA/Shoreline/Seattle/Unit-16-01/home/188275542,Zillow,E2E7E64456D3,N,Y,47.7353512,-122.3540679
New Construction Plan,,Townhouse,Unit 18.02 Plan,Seattle,WA,98133,724990,3,3.5,Seattle,1729,,,77,419,,Active,,,https://www.redfin.com/WA/Shoreline/Seattle/Unit-18-02/home/188275852,Zillow,49105441FB14,N,Y,47.7353512,-122.3540679
New Construction Plan,,Townhouse,Unit 16.03 Plan,Seattle,WA,98133,699990,2,2.5,Seattle,1462,,,190,479,,Active,,,https://www.redfin.com/WA/Shoreline/Seattle/Unit-16-03/home/188261649,Zillow,C63F3AA34597,N,Y,47.735724,-122.3326213
New Construction Plan,,Townhouse,Unit 16.01 Plan,Seattle,WA,98133,694990,2,2.5,Seattle,1474,,,190,471,,Active,,,https://www.redfin.com/WA/Shoreline/Seattle/Unit-16-01/home/188262060,Zillow,2314BF11EFD3,N,Y,47.735724,-122.3326213
PAST SALE,,Townhouse,2119 N N 148th St Unit B,Shoreline,WA,98133,760000,2,2.5,Shoreline,1462,2016,2024,2,520,343,Pending,,,https://www.redfin.com/WA/Shoreline/2202-NE-171st-St-98155/unit-B/home/190581434,NWMLS as Distributed by MLS Grid,2227553,N,Y,47.7532705,-122.3047434
