SALE TYPE,SOLD DATE,PROPERTY TYPE,ADDRESS,CITY,STATE OR PROVINCE,ZIP OR POSTAL CODE,PRICE,BEDS,BATHS,LOCATION,SQUARE FEET,LOT SIZE,YEAR BUILT,DAYS ON MARKET,$/SQUARE FEET,HOA/MONTH,STATUS,NEXT OPEN HOUSE START TIME,NEXT OPEN HOUSE END TIME,URL (SEE https://www.redfin.com/buy-a-home/comparative-market-analysis FOR INFO ON PRICING),SOURCE,MLS#,FAVORITE,INTERESTED,LATITUDE,LONGITUDE
"In accordance with local MLS rules, some MLS listings are not included in the download",,,,,,,,,,,,,,,,,,,,,,,,,,
PAST SALE,February-15-2018,Condo/Co-op,827 Hiawatha Pl S #409,Seattle,WA,98144,475000,2,1,Seattle,858,,2009,22,554,596,Pending,,,https://www.redfin.com/WA/Seattle/827-Hiawatha-Pl-S-98144/unit-409/home/28624798,NWMLS as Distributed by MLS Grid,2221143,N,Y,47.5950625,-122.3101657
MLS Listing,,Single Family Residential,3205 S Judkins St,Seattle,WA,98144,1450000,4,2.5,Leschi,3120,3280,1914,48,465,,Active,,,https://www.redfin.com/WA/Seattle/3205-S-Judkins-St-98144/home/141303,NWMLS as Distributed by MLS Grid,2216422,N,Y,47.5919303,-122.290953
MLS Listing,,Townhouse,1761 16th Ave S,Seattle,WA,98144,679000,3,2,Beacon Hill,1140,768,2020,56,596,,Active,,,https://www.redfin.com/WA/Seattle/1761-16th-Ave-S-98144/home/175252602,NWMLS as Distributed by MLS Grid,2212234,N,Y,47.5873755,-122.313167
MLS Listing,,Townhouse,1306 Yakima Ave S,Seattle,WA,98144,870000,3,2.5,Leschi,1610,1199,2020,71,540,,Active,May-18-2024 11:00 AM,May-18-2024 01:00 PM,https://www.redfin.com/WA/Seattle/1306-Yakima-Ave-S-98144/home/171920606,NWMLS as Distributed by MLS Grid,2205732,N,Y,47.5919409,-122.2941079
MLS Listing,,Condo/Co-op,1723 13th Ave S #402,Seattle,WA,98144,349950,1,1,N Beacon Hill,620,,1968,1,564,386,Active,May-19-2024 12:00 PM,May-19-2024 02:00 PM,https://www.redfin.com/WA/Seattle/1723-13th-Ave-S-98144/unit-402/home/4589,NWMLS as Distributed by MLS Grid,2238927,N,Y,47.5876423,-122.3163951
MLS Listing,,Townhouse,1631 S Weller St Unit A,Seattle,WA,98144,700000,3,2.5,Judkins,1240,1220,2006,1,565,,Active,,,https://www.redfin.com/WA/Seattle/1631-S-Weller-St-98144/unit-A/home/8187861,NWMLS as Distributed by MLS Grid,2239129,N,Y,47.5971992,-122.3102347
MLS Listing,,Single Family Residential,3260 McClintock Ave S,Seattle,WA,98144,849000,3,2,Mt Baker,1230,3600,1913,1,690,,Active,May-17-2024 05:00 PM,May-17-2024 07:00 PM,https://www.redfin.com/WA/Seattle/3260-McClintock-Ave-S-98144/home/171445,NWMLS as Distributed by MLS Grid,2238859,N,Y,47.5745391,-122.2919822
MLS Listing,,Townhouse,2326 15th Ave S Unit D,Seattle,WA,98144,629950,2,2,Beacon Hill,1060,588,2023,1,594,,Active,May-18-2024 04:00 PM,May-18-2024 06:00 PM,https://www.redfin.com/WA/Seattle/2326-15th-Ave-S-98144/unit-D/home/190810884,NWMLS as Distributed by MLS Grid,2239015,N,Y,47.5821405,-122.3131468
MLS Listing,,Condo/Co-op,827 Hiawatha Pl S #515,Seattle,WA,98144,450000,2,1,Judkins,860,,2009,1,523,596,Active,May-18-2024 11:00 AM,May-18-2024 02:00 PM,https://www.redfin.com/WA/Seattle/827-Hiawatha-Pl-S-98144/unit-515/home/28624761,NWMLS as Distributed by MLS Grid,2238697,N,Y,47.5950625,-122.3101657
MLS Listing,,Single Family Residential,2523 34th Ave S,Seattle,WA,98144,1695000,3,2.5,Mt Baker,3110,5000,1910,1,545,,Active,May-18-2024 12:00 PM,May-18-2024 02:00 PM,https://www.redfin.com/WA/Seattle/2523-34th-Ave-S-98144/home/488923,NWMLS as Distributed by MLS Grid,2233271,N,Y,47.5802711,-122.290077
MLS Listing,,Single Family Residential,502 32nd Ave S,Seattle,WA,98144,1649000,4,2,Leschi,2280,9600,1925,1,723,,Active,May-17-2024 05:00 PM,May-17-2024 07:00 PM,https://www.redfin.com/WA/Seattle/502-32nd-Ave-S-98144/home/141199,NWMLS as Distributed by MLS Grid,2234209,N,Y,47.5977956,-122.291213
PAST SALE,July-28-2003,Single Family Residential,3201 S Dearborn St,Seattle,WA,98144,2495000,6,5.5,Leschi,3997,4000,2020,2,624,,Pending,,,https://www.redfin.com/WA/Seattle/3201-S-Dearborn-St-98144/home/141874,NWMLS as Distributed by MLS Grid,2214632,N,Y,47.5955867,-122.2912981
MLS Listing,,Single Family Residential,812 24th Ave S,Seattle,WA,98144,800000,3,2,Judkins,1175,1224,2015,2,681,,Active,May-17-2024 04:00 PM,May-17-2024 07:00 PM,https://www.redfin.com/WA/Seattle/812-24th-Ave-S-98144/home/106722323,NWMLS as Distributed by MLS Grid,2236703,N,Y,47.5951412,-122.3010646
PAST SALE,March-20-2024,Single Family Residential,1804 29th Ave S,Seattle,WA,98144,1125000,3,2,Mt Baker,1680,4119,1903,4,670,,Pending,,,https://www.redfin.com/WA/Seattle/1804-29th-Ave-S-98144/home/170551,NWMLS as Distributed by MLS Grid,2230758,N,Y,47.5867309,-122.2952397
MLS Listing,,Single Family Residential,1136 Yakima St S,Seattle,WA,98144,937500,3,2.5,Leschi,1640,2027,2003,5,572,,Active,,,https://www.redfin.com/WA/Seattle/1136-Yakima-Ave-S-98144/home/148556,NWMLS as Distributed by MLS Grid,2236603,N,Y,47.5929309,-122.2941793
PAST SALE,August-21-2014,Single Family Residential,2540 32nd Ave S,Seattle,WA,98144,1600000,3,2,Mt Baker,2510,6000,1920,5,637,,Pending,,,https://www.redfin.com/WA/Seattle/2540-32nd-Ave-S-98144/home/488358,NWMLS as Distributed by MLS Grid,2227478,N,Y,47.5798355,-122.2915971
PAST SALE,May-16-2022,Single Family Residential,3425 21st Ave S,Seattle,WA,98144,1199000,5,3,Beacon Hill,2021,3970,1908,5,593,,Pending,,,https://www.redfin.com/WA/Seattle/3425-21st-Ave-S-98144/home/169007,NWMLS as Distributed by MLS Grid,2222337,N,Y,47.5723488,-122.304952
PAST SALE,May-31-2014,Single Family Residential,1101 32nd Ave S,Seattle,WA,98144,2645000,4,3.5,Leschi,3400,7000,1900,5,778,,Pending,,,https://www.redfin.com/WA/Seattle/1101-32nd-Ave-S-98144/home/141548,NWMLS as Distributed by MLS Grid,2234482,N,Y,47.5932753,-122.2918453
PAST SALE,November-25-2013,Single Family Residential,3225 36th Ave S,Seattle,WA,98144,695000,2,1,Mt Baker,1320,4080,1925,5,527,,Pending,,,https://www.redfin.com/WA/Seattle/3225-36th-Ave-S-98144/home/171506,NWMLS as Distributed by MLS Grid,2232946,N,Y,47.5744572,-122.2880293
PAST SALE,May-3-2017,Single Family Residential,2340 19th Ave S,Seattle,WA,98144,1555000,4,5,Beacon Hill,3072,6000,2017,5,506,,Pending,,,https://www.redfin.com/WA/Seattle/2340-19th-Ave-S-98144/home/179741377,NWMLS as Distributed by MLS Grid,2229495,N,Y,47.5817357,-122.3078619
PAST SALE,,Single Family Residential,3112 S Dose Ter,Seattle,WA,98144,1450000,5,2.5,Mt Baker,3580,7121,1914,6,405,,Pending,,,https://www.redfin.com/WA/Seattle/3112-S-Dose-Ter-98144/home/488384,NWMLS as Distributed by MLS Grid,2229784,N,Y,47.5838106,-122.2924218
PAST SALE,February-28-2020,Single Family Residential,3014 21st Ave S,Seattle,WA,98144,675000,2,1,N Beacon Hill,820,1800,1916,6,823,,Pending,,,https://www.redfin.com/WA/Seattle/3014-21st-Ave-S-98144/home/168358,NWMLS as Distributed by MLS Grid,2226636,N,Y,47.57623,-122.3049192
PAST SALE,May-3-2024,Single Family Residential,3333 S Mt Baker Blvd,Seattle,WA,98144,1200000,3,2,Mt Baker,2900,7621,1924,6,414,,Pending,,,https://www.redfin.com/WA/Seattle/3333-S-Mount-Baker-Blvd-98144/home/171696,NWMLS as Distributed by MLS Grid,2220651,N,Y,47.576348,-122.2900949
PAST SALE,,Townhouse,1912 S Grand St,Seattle,WA,98144,639950,2,2,N Beacon Hill,1142,567,2023,6,560,68,Pending,,,https://www.redfin.com/WA/Seattle/1912-S-Grand-St-98144/home/185867849,NWMLS as Distributed by MLS Grid,2194256,N,Y,47.5870526,-122.3077518
MLS Listing,,Single Family Residential,3107 Mt Rainier Dr S,Seattle,WA,98144,1595000,3,3,Mt Baker,2230,8409,1937,6,715,,Active,May-18-2024 11:00 AM,May-18-2024 01:00 PM,https://www.redfin.com/WA/Seattle/3107-Mount-Rainier-Dr-S-98144/home/171827,NWMLS as Distributed by MLS Grid,2236168,N,Y,47.5757867,-122.2855711
PAST SALE,March-9-2000,Single Family Residential,3014 S Walden St,Seattle,WA,98144,719000,4,2.5,Mt Baker,1600,3600,1999,8,449,,Pending,,,https://www.redfin.com/WA/Seattle/3014-S-Walden-St-98144/home/171147,NWMLS as Distributed by MLS Grid,2216609,N,Y,47.5733064,-122.2934528
PAST SALE,June-29-2012,Single Family Residential,2810 S Irving St,Seattle,WA,98144,850000,1,2,Judkins,1380,2670,2012,8,616,,Pending,,,https://www.redfin.com/WA/Seattle/2810-S-Irving-St-98144/home/22699805,NWMLS as Distributed by MLS Grid,2231352,N,Y,47.5913809,-122.2957915
MLS Listing,,Single Family Residential,2303 32nd Ave S,Seattle,WA,98144,2228000,4,4.5,Mt Baker,5334,5600,1921,8,418,,Active,,,https://www.redfin.com/WA/Seattle/2303-32nd-Ave-S-98144/home/488636,NWMLS as Distributed by MLS Grid,2231900,N,Y,47.5823578,-122.2922809
MLS Listing,,Townhouse,916 22nd Ave S Unit A,Seattle,WA,98144,1085000,3,2.5,Judkins,1676,2456,2024,8,647,,Active,,,https://www.redfin.com/WA/Seattle/916-22nd-Ave-S-98144/unit-A/home/190723140,NWMLS as Distributed by MLS Grid,2228691,N,Y,47.5940421,-122.3030557
MLS Listing,,Townhouse,2023 S Washington St Unit G,Seattle,WA,98144,617900,2,2.5,Judkins,1017,1002,2021,8,608,,Active,,,https://www.redfin.com/WA/Seattle/2023-S-Washington-St-98144/unit-G/home/176355939,NWMLS as Distributed by MLS Grid,2228863,N,Y,47.6006016,-122.3052881
PAST SALE,November-3-2021,Townhouse,1904 S Grand St,Seattle,WA,98144,654000,2,2,N Beacon Hill,1236,675,2023,9,529,,Pending,,,https://www.redfin.com/WA/Seattle/1904-S-Grand-St-98144/home/168903,NWMLS as Distributed by MLS Grid,2145986,N,Y,47.587064,-122.3079468
PAST SALE,,Single Family Residential,1514 Lake Washington Blvd S,Seattle,WA,98144,1325000,3,2.5,Leschi,1940,6300,1922,10,683,,Pending,,,https://www.redfin.com/WA/Seattle/1514-Lake-Washington-Blvd-S-98144/home/488196,NWMLS as Distributed by MLS Grid,2228127,N,Y,47.5883681,-122.2889501
MLS Listing,,Condo/Co-op,827 Hiawatha Pl S #313,Seattle,WA,98144,360000,1,1,Judkins,553,25615,2009,10,651,388,Active,,,https://www.redfin.com/WA/Seattle/827-Hiawatha-Pl-S-98144/unit-313/home/28624679,NWMLS as Distributed by MLS Grid,2233003,N,Y,47.5950625,-122.3101657
PAST SALE,November-6-2014,Townhouse,728 26th Ave S Unit A,Seattle,WA,98144,675000,2,1.5,Central Area,1240,1331,2007,12,544,,Pending,,,https://www.redfin.com/WA/Seattle/728-26th-Ave-S-98144/unit-A/home/18659318,NWMLS as Distributed by MLS Grid,2231965,N,Y,47.5958914,-122.2983508
MLS Listing,,Townhouse,1607 S State St,Seattle,WA,98144,825000,3,2,Beacon Hill,1620,1585,2020,12,509,150,Active,,,https://www.redfin.com/WA/Seattle/1607-S-State-St-98144/home/173429312,NWMLS as Distributed by MLS Grid,2231533,N,Y,47.5874532,-122.3112493
MLS Listing,,Townhouse,305 16th Ave S,Seattle,WA,98144,675000,3,2.5,Central Area,1350,944,2007,13,500,,Active,,,https://www.redfin.com/WA/Seattle/305-16th-Ave-S-98144/home/12304855,NWMLS as Distributed by MLS Grid,2232387,N,Y,47.599699,-122.311919
MLS Listing,,Single Family Residential,415 26th Ave S,Seattle,WA,98144,999950,3,3.5,Central Area,1824,1494,2017,14,548,,Active,,,https://www.redfin.com/WA/Seattle/415-26th-Ave-S-98144/home/101611039,NWMLS as Distributed by MLS Grid,2232058,N,Y,47.5988035,-122.2991588
MLS Listing,,Single Family Residential,3345 Lakewood Ave S,Seattle,WA,98144,2750000,3,2.5,Mt Baker,3780,7403,1925,14,728,,Active,,,https://www.redfin.com/WA/Seattle/3345-Lakewood-Ave-S-98144/home/489150,NWMLS as Distributed by MLS Grid,2231539,N,Y,47.5719388,-122.2820707
MLS Listing,,Single Family Residential,1500 Lakeside Ave S,Seattle,WA,98144,5850000,4,5.5,Mt Baker,6240,43352,1924,14,938,,Active,May-18-2024 01:00 PM,May-18-2024 04:00 PM,https://www.redfin.com/WA/Seattle/1500-Lakeside-Ave-S-98144/home/141077,NWMLS as Distributed by MLS Grid,2230928,N,Y,47.5886169,-122.2857118
MLS Listing,,Townhouse,3311 Claremont Ave S Unit C,Seattle,WA,98144,685000,3,2,Mt Baker,1275,700,2017,15,537,,Active,May-18-2024 12:30 PM,May-18-2024 02:00 PM,https://www.redfin.com/WA/Seattle/3311-Claremont-Ave-S-98144/unit-C/home/190656865,NWMLS as Distributed by MLS Grid,2231016,N,Y,47.5732106,-122.2960125
MLS Listing,,Townhouse,522 25th Ave S,Seattle,WA,98144,949950,2,2.5,Central Area,1540,1798,2007,15,617,,Active,,,https://www.redfin.com/WA/Seattle/522-25th-Ave-S-98144/home/12304069,NWMLS as Distributed by MLS Grid,2231399,N,Y,47.5972942,-122.2997057
MLS Listing,,Multi-Family (2-4 Unit),504 25th Ave S,Seattle,WA,98144,859000,5,2,Central Area,2120,3600,1900,15,405,,Active,May-18-2024 12:00 PM,May-18-2024 02:00 PM,https://www.redfin.com/WA/Seattle/504-25th-Ave-S-98144/home/145342,NWMLS as Distributed by MLS Grid,2228640,N,Y,47.59787,-122.2996775
MLS Listing,,Townhouse,1504 S Walker St,Seattle,WA,98144,599000,2,2,N Beacon Hill,1030,655,2020,15,582,,Active,,,https://www.redfin.com/WA/Seattle/1504-S-Walker-St-98144/home/171991812,NWMLS as Distributed by MLS Grid,2222077,N,Y,47.5838415,-122.3130863
PAST SALE,,Single Family Residential,3201 S Judkins St,Seattle,WA,98144,879990,4,2,Leschi,2130,3280,1913,19,413,,Pending,,,https://www.redfin.com/WA/Seattle/3201-S-Judkins-St-98144/home/141304,NWMLS as Distributed by MLS Grid,2172336,N,Y,47.5919109,-122.2911506
MLS Listing,,Condo/Co-op,334 Lakeside Ave S #301,Seattle,WA,98144,495000,1,1,Leschi,551,,1965,20,898,767,Active,,,https://www.redfin.com/WA/Seattle/334-Lakeside-Ave-S-98144/unit-301/home/23824,NWMLS as Distributed by MLS Grid,2229137,N,Y,47.5992753,-122.2858346
MLS Listing,,Single Family Residential,1323 13th Ave S,Seattle,WA,98144,1395000,7,4.5,N Beacon Hill,4300,6000,1909,21,324,,Active,,,https://www.redfin.com/WA/Seattle/1323-13th-Ave-S-98144/home/144433,NWMLS as Distributed by MLS Grid,2228633,N,Y,47.5908371,-122.3163047
MLS Listing,,Condo/Co-op,510 Lakeside Ave S #5,Seattle,WA,98144,889950,2,1.5,Leschi,832,,1986,21,1070,1109,Active,May-17-2024 02:00 PM,May-17-2024 04:00 PM,https://www.redfin.com/WA/Seattle/510-Lakeside-Ave-S-98144/unit-5/home/18361,NWMLS as Distributed by MLS Grid,2228354,N,Y,47.5974273,-122.2866722
MLS Listing,,Single Family Residential,3327 Hunter Blvd S,Seattle,WA,98144,1675000,3,1.5,Mt Baker,2790,4500,1908,21,600,,Active,,,https://www.redfin.com/WA/Seattle/3327-Hunter-Blvd-S-98144/home/171202,NWMLS as Distributed by MLS Grid,2227097,N,Y,47.5728955,-122.2853815
MLS Listing,,Townhouse,2363 Beacon Ave S,Seattle,WA,98144,639950,2,2,Beacon Hill,1079,633,2023,21,593,,Active,May-18-2024 01:30 PM,May-18-2024 03:30 PM,https://www.redfin.com/WA/Seattle/2363-Beacon-Ave-S-98144/home/176363468,NWMLS as Distributed by MLS Grid,2227655,N,Y,47.581748,-122.31553
MLS Listing,,Townhouse,2713 B S Norman St,Seattle,WA,98144,775000,3,2,Judkins,1274,1076,2024,21,608,2,Active,May-18-2024 02:00 PM,May-18-2024 04:00 PM,https://www.redfin.com/WA/Seattle/2713-B-S-Norman-St-98144/home/190599506,NWMLS as Distributed by MLS Grid,2203355,N,Y,47.593057,-122.297099
MLS Listing,,Single Family Residential,1457 S Columbian Way,Seattle,WA,98144,674950,3,3,Beacon Hill,1420,918,2015,21,475,,Active,May-18-2024 01:30 PM,May-18-2024 03:30 PM,https://www.redfin.com/WA/Seattle/1457-S-Columbian-Way-98144/home/105510837,NWMLS as Distributed by MLS Grid,2228065,N,Y,47.5710974,-122.3145702
MLS Listing,,Single Family Residential,916 32nd Ave S,Seattle,WA,98144,3645000,5,5,Leschi,4683,6433,2024,22,778,,Active,May-19-2024 02:00 PM,May-19-2024 04:00 PM,https://www.redfin.com/WA/Seattle/916-32nd-Ave-S-98144/home/140389,NWMLS as Distributed by MLS Grid,2225842,N,Y,47.5939919,-122.2911996
MLS Listing,,Townhouse,2016 15th Ave S,Seattle,WA,98144,909000,3,2.5,N Beacon Hill,1440,1742,2021,22,631,,Active,,,https://www.redfin.com/WA/Seattle/2016-15th-Ave-S-98144/home/175222328,NWMLS as Distributed by MLS Grid,2226634,N,Y,47.5849661,-122.3132024
MLS Listing,,Vacant Land,2307 Rainier Ave S,Seattle,WA,98144,3480000,,,Mt Baker,,14000,,22,,,Active,,,https://www.redfin.com/WA/Seattle/2307-Rainier-Ave-S-98144/home/177148176,NWMLS as Distributed by MLS Grid,2228237,N,Y,47.5826837,-122.3019134
MLS Listing,,Townhouse,1910 S State St,Seattle,WA,98144,659995,3,2,Beacon Hill,1225,612,2023,22,539,100,Active,May-18-2024 10:00 AM,May-18-2024 12:00 PM,https://www.redfin.com/WA/Unknown/1910-S-State-St-Unknown/home/185891234,NWMLS as Distributed by MLS Grid,2202057,N,Y,47.587883,-122.307948
MLS Listing,,Single Family Residential,2813 15th Ave S,Seattle,WA,98144,799000,3,1.5,N Beacon Hill,1950,3600,1913,23,410,,Active,,,https://www.redfin.com/WA/Seattle/2813-15th-Ave-S-98144/home/167398,NWMLS as Distributed by MLS Grid,2226786,N,Y,47.5781521,-122.3136654
MLS Listing,,Condo/Co-op,1515 12th Ave S #205,Seattle,WA,98144,460000,3,2,Beacon Hill,1164,,1983,23,395,575,Active,,,https://www.redfin.com/WA/Seattle/1515-12th-Ave-S-98144/unit-205/home/62614,NWMLS as Distributed by MLS Grid,2227420,N,Y,47.5896151,-122.3176819
MLS Listing,,Single Family Residential,1112 33rd Ave S,Seattle,WA,98144,898000,2,1,Leschi,1864,4560,1916,23,482,,Active,May-18-2024 12:00 AM,May-18-2024 11:59 PM,https://www.redfin.com/WA/Seattle/1112-33rd-Ave-S-98144/home/141468,NWMLS as Distributed by MLS Grid,2220659,N,Y,47.593058,-122.2900885
MLS Listing,,Condo/Co-op,1311 12th Ave S Unit C102,Seattle,WA,98144,399950,2,1,N Beacon Hill,866,,1985,25,462,687,Active,,,https://www.redfin.com/WA/Seattle/1311-12th-Ave-S-98144/unit-C102/home/2119189,NWMLS as Distributed by MLS Grid,2214091,N,Y,47.5913358,-122.3176421
MLS Listing,,Single Family Residential,420 26th Ave S Unit B,Seattle,WA,98144,949950,3,2.5,Central Area,1960,1613,2016,29,485,,Active,,,https://www.redfin.com/WA/Seattle/420-26th-Ave-S-98144/unit-B/home/109660412,NWMLS as Distributed by MLS Grid,2224752,N,Y,47.5986338,-122.2982026
MLS Listing,,Townhouse,1525 C 17th Ave S,Seattle,WA,98144,729950,3,2,Beacon Hill,1234,1506,2023,29,592,,Active,May-18-2024 12:00 PM,May-18-2024 02:00 PM,https://www.redfin.com/WA/Seattle/1525-17th-Ave-S-98144/home/171934566,NWMLS as Distributed by MLS Grid,2223612,N,Y,47.5892154,-122.3108727
MLS Listing,,Vacant Land,3219 Claremont Ave S,Seattle,WA,98144,1195000,,,Mt Baker,,3936,,29,,,Active,,,https://www.redfin.com/WA/Seattle/3219-Claremont-Ave-S-98144/home/172305,NWMLS as Distributed by MLS Grid,2224494,N,Y,47.5736816,-122.2963412
PAST SALE,January-23-2004,Multi-Family (2-4 Unit),2107 S College St,Seattle,WA,98144,1200000,5,3,N Beacon Hill,2030,6000,1922,30,591,,Pending,,,https://www.redfin.com/WA/Seattle/2107-S-College-St-98144/home/168268,NWMLS as Distributed by MLS Grid,2217518,N,Y,47.5828357,-122.3050314
MLS Listing,,Townhouse,1750 12th Ave S,Seattle,WA,98144,649000,3,2.5,N Beacon Hill,1024,667,2004,34,634,,Active,,,https://www.redfin.com/WA/Seattle/1750-12th-Ave-S-98144/home/2072010,NWMLS as Distributed by MLS Grid,2222539,N,Y,47.5871004,-122.3171652
PAST SALE,June-24-2020,Townhouse,2214 C 14th Ave S,Seattle,WA,98144,709000,3,2.5,N Beacon Hill,1047,680,2020,35,677,,Pending,,,https://www.redfin.com/WA/Seattle/2214-14th-Ave-S-98144/home/173651466,NWMLS as Distributed by MLS Grid,2218363,N,Y,47.5832699,-122.3142485
MLS Listing,,Vacant Land,13 XX 16th Ave S,Seattle,WA,98144,809000,,,Beacon Hill,,15000,,36,,,Active,,,https://www.redfin.com/WA/Seattle/13-XX-16th-Ave-S-98144/home/176575629,NWMLS as Distributed by MLS Grid,2219706,N,Y,47.591349,-122.31304
PAST SALE,,Townhouse,2715 A S Norman St,Seattle,WA,98144,839950,3,2,Judkins,1388,1,2024,37,605,2,Pending,,,https://www.redfin.com/WA/Seattle/2715-A-S-Norman-St-98144/home/190192441,NWMLS as Distributed by MLS Grid,2203975,N,Y,47.593119,-122.297052
MLS Listing,,Single Family Residential,1321 16th Ave S,Seattle,WA,98144,825000,2,1,Beacon Hill,2040,7708,1910,39,404,,Active,,,https://www.redfin.com/WA/Seattle/1321-16th-Ave-S-98144/home/143296,NWMLS as Distributed by MLS Grid,2214082,N,Y,47.5908988,-122.3128825
PAST SALE,,Townhouse,2030 S Lane St,Seattle,WA,98144,1199880,3,3.5,Central Area,2132,1357,2024,40,563,25,Pending,,,https://www.redfin.com/WA/Seattle/2030-S-Lane-St-98144/home/190051986,NWMLS as Distributed by MLS Grid,2216010,N,Y,47.5969808,-122.305084
MLS Listing,,Multi-Family (5+ Unit),200 27th Ave S,Seattle,WA,98144,1300000,6,5,Judkins,3900,5000,1900,40,333,,Active,,,https://www.redfin.com/WA/Seattle/200-27th-Ave-S-98144/home/2065096,NWMLS as Distributed by MLS Grid,2219644,N,Y,47.6007427,-122.2976203
MLS Listing,,Single Family Residential,1730 Lakeside Ave S,Seattle,WA,98144,4999999,4,3,Leschi,3280,17583,1931,41,1524,,Active,,,https://www.redfin.com/WA/Seattle/1730-Lakeside-Ave-S-98144/home/141227,NWMLS as Distributed by MLS Grid,2215904,N,Y,47.5868059,-122.2863014
MLS Listing,,Condo/Co-op,1810 S Charles St #201,Seattle,WA,98144,412888,2,1,Judkins,785,,2004,42,526,448,Active,May-18-2024 12:00 PM,May-18-2024 02:00 PM,https://www.redfin.com/WA/Seattle/1810-S-Charles-St-98144/unit-201/home/2089371,NWMLS as Distributed by MLS Grid,2218926,N,Y,47.5947933,-122.3087659
MLS Listing,,Single Family Residential,2026 S Lane St,Seattle,WA,98144,1199880,5,2,Judkins,2150,3575,1978,43,558,,Active,,,https://www.redfin.com/WA/Seattle/2026-S-Lane-St-98144/home/142255,NWMLS as Distributed by MLS Grid,2218106,N,Y,47.5968429,-122.3051147
MLS Listing,,Condo/Co-op,425 23rd Ave S Unit A311,Seattle,WA,98144,369000,1,1,Central Area,672,22471,2005,44,549,432,Active,,,https://www.redfin.com/WA/Seattle/425-23rd-Ave-S-98144/unit-A311/home/2098226,NWMLS as Distributed by MLS Grid,2217711,N,Y,47.5982517,-122.302551
MLS Listing,,Townhouse,212 31st Ave S,Seattle,WA,98144,995000,3,2.5,Leschi,2220,2058,1988,45,448,,Active,May-18-2024 01:00 PM,May-18-2024 03:00 PM,https://www.redfin.com/WA/Seattle/212-31st-Ave-S-98144/home/140669,NWMLS as Distributed by MLS Grid,2215053,N,Y,47.600446,-122.2923432
MLS Listing,,Townhouse,1918 S Grand St,Seattle,WA,98144,639950,2,2,N Beacon Hill,1142,568,2023,49,560,68,Active,,,https://www.redfin.com/WA/Seattle/1918-S-Grand-St-98144/home/190326442,NWMLS as Distributed by MLS Grid,2216029,N,Y,47.5870505,-122.3075928
PAST SALE,,Single Family Residential,1526 Lakeside Ave S,Seattle,WA,98144,8500000,4,5,Leschi,6900,72969,1969,51,1232,,Pending,,,https://www.redfin.com/WA/Seattle/1526-Lakeside-Ave-S-98144/home/141078,NWMLS as Distributed by MLS Grid,2195343,N,Y,47.5881295,-122.2857194
PAST SALE,,Vacant Land,1518 Lakeside Ave S,Seattle,WA,98144,2500000,,,Leschi,,17639,,51,,,Pending,,,https://www.redfin.com/WA/Seattle/1518-Lakeside-Ave-S-98144/home/182978632,NWMLS as Distributed by MLS Grid,2195359,N,Y,47.5882799,-122.2857667
PAST SALE,December-7-2023,Single Family Residential,3010 S Court St,Seattle,WA,98144,499900,2,1,Columbia City,1180,6427,1942,52,424,,Pending,,,https://www.redfin.com/WA/Seattle/3010-S-Court-St-98144/home/172319,NWMLS as Distributed by MLS Grid,2198515,N,Y,47.5710397,-122.2939626
MLS Listing,,Single Family Residential,913 23rd Ave S,Seattle,WA,98144,899990,5,2,Judkins,2390,3200,1907,55,377,,Active,,,https://www.redfin.com/WA/Seattle/913-23rd-Ave-S-98144/home/145145,NWMLS as Distributed by MLS Grid,2203277,N,Y,47.5941058,-122.3025282
MLS Listing,,Townhouse,3638 36th Ave S Unit D,Seattle,WA,98144,499000,2,1.5,Mt Baker,807,487,2021,57,618,,Active,,,https://www.redfin.com/WA/Seattle/3638-36th-Ave-S-98144/unit-D/home/176724217,NWMLS as Distributed by MLS Grid,2212375,N,Y,47.5704665,-122.2880725
MLS Listing,,Vacant Land,3207 & 3215 Rainier Ave S,Seattle,WA,98144,3500000,,,Mt Baker,,16200,,57,,,Active,,,https://www.redfin.com/WA/Seattle/3207-Rainier-Ave-S-98144/home/175991994,NWMLS as Distributed by MLS Grid,2194173,N,Y,47.574635,-122.2957177
PAST SALE,February-1-1985,Single Family Residential,2714 12th Ave S,Seattle,WA,98144,970000,2,2,Beacon Hill,2030,5200,1941,58,478,,Pending,,,https://www.redfin.com/WA/Seattle/2714-12th-Ave-S-98144/home/167250,NWMLS as Distributed by MLS Grid,2200708,N,Y,47.5790369,-122.3170932
MLS Listing,,Multi-Family (2-4 Unit),1701 A & B 19th Ave S,Seattle,WA,98144,1150000,4,2,N Beacon Hill,1723,5000,1981,58,667,,Active,,,https://www.redfin.com/WA/Seattle/1701-A-B-19th-Ave-S-98144/home/185855694,NWMLS as Distributed by MLS Grid,2210657,N,Y,47.588293,-122.308725
MLS Listing,,Townhouse,907 Hiawatha Pl S Unit G,Seattle,WA,98144,569900,2,2.5,Judkins,1228,700,2023,60,464,10,Active,,,https://www.redfin.com/WA/Seattle/907-Hiawatha-Pl-S-98144/unit-G/home/190260255,NWMLS as Distributed by MLS Grid,2210875,N,Y,47.5942268,-122.3091921
MLS Listing,,Townhouse,909 Hiawatha Pl S Unit B,Seattle,WA,98144,559900,2,2.5,Judkins,1228,504,2023,62,456,1,Active,,,https://www.redfin.com/WA/Seattle/909-Hiawatha-Pl-S-98144/unit-B/home/187047654,NWMLS as Distributed by MLS Grid,2210874,N,Y,47.594046,-122.3093481
MLS Listing,,Townhouse,1506 Bradner Pl S,Seattle,WA,98144,965000,3,3.5,Mt Baker,1892,1166,2017,63,510,,Active,,,https://www.redfin.com/WA/Seattle/1506-Bradner-Pl-S-98144/home/113995008,NWMLS as Distributed by MLS Grid,2210322,N,Y,47.5892118,-122.2956487
PAST SALE,,Townhouse,2324 15th Ave S Unit C,Seattle,WA,98144,629950,2,2,Beacon Hill,1073,588,2023,65,587,,Pending,,,https://www.redfin.com/WA/Seattle/2324-15th-Ave-S-98144/unit-C/home/190272212,NWMLS as Distributed by MLS Grid,2209431,N,Y,47.5821504,-122.3130488
MLS Listing,,Multi-Family (5+ Unit),812 29th Ave S,Seattle,WA,98144,4350000,16,8,Leschi,6400,15000,1963,65,680,,Active,,,https://www.redfin.com/WA/Seattle/812-29th-Ave-S-98144/home/179649255,NWMLS as Distributed by MLS Grid,2206035,N,Y,47.5953319,-122.2951205
MLS Listing,,Single Family Residential,2305 24th Ave S,Seattle,WA,98144,699000,4,2,N Beacon Hill,1200,3500,1924,68,583,,Active,,,https://www.redfin.com/WA/Seattle/2305-24th-Ave-S-98144/home/169570,NWMLS as Distributed by MLS Grid,2208112,N,Y,47.5826325,-122.3025518
PAST SALE,,Townhouse,3609 36th Ave S,Seattle,WA,98144,739000,3,2,Mt Baker,1511,1102,2023,70,489,,Pending,,,https://www.redfin.com/WA/Seattle/3609-36th-Ave-S-98144/home/189732170,NWMLS as Distributed by MLS Grid,2199866,N,Y,47.5712299,-122.2884805
MLS Listing,,Single Family Residential,2724 S Elmwood Pl,Seattle,WA,98144,895000,3,2.5,Judkins,1500,2310,1996,71,597,,Active,,,https://www.redfin.com/WA/Seattle/2724-S-Elmwood-Pl-98144/home/148605,NWMLS as Distributed by MLS Grid,2205172,N,Y,47.5928071,-122.2967316
MLS Listing,,Multi-Family (2-4 Unit),1493 S Columbian Way,Seattle,WA,98144,1500000,4,4,Seattle,3460,6490,1959,72,434,,Active,,,https://www.redfin.com/WA/Seattle/1493-S-Columbian-Way-98144/home/2088901,NWMLS as Distributed by MLS Grid,2206750,N,Y,47.5695972,-122.3140126
MLS Listing,,Townhouse,2715 D S Norman St,Seattle,WA,98144,919950,4,3,Judkins,1721,1,2024,77,535,2,Active,May-18-2024 02:00 PM,May-18-2024 04:00 PM,https://www.redfin.com/WA/Seattle/2715-D-S-Norman-St-98144/home/189936700,NWMLS as Distributed by MLS Grid,2203306,N,Y,47.593119,-122.297052
MLS Listing,,Single Family Residential,1523 15th Ave S,Seattle,WA,98144,715000,2,1,Beacon Hill,1150,3000,1903,83,622,,Active,,,https://www.redfin.com/WA/Seattle/1523-15th-Ave-S-98144/home/169220,NWMLS as Distributed by MLS Grid,2201743,N,Y,47.5892556,-122.314092
MLS Listing,,Single Family Residential,3425 34th Ave S,Seattle,WA,98144,709000,5,2,Mt Baker,1940,2937,1918,84,365,,Active,,,https://www.redfin.com/WA/Seattle/3425-34th-Ave-S-98144/home/171482,NWMLS as Distributed by MLS Grid,2202239,N,Y,47.5717086,-122.2902407
MLS Listing,,Condo/Co-op,2901 S Jackson St #101,Seattle,WA,98144,320000,1,1,Leschi,451,,2004,91,710,418,Active,,,https://www.redfin.com/WA/Seattle/2901-S-Jackson-St-98144/unit-101/home/12090883,NWMLS as Distributed by MLS Grid,2200715,N,Y,47.5989827,-122.2947457
MLS Listing,,Single Family Residential,2126 20th Ave S,Seattle,WA,98144,630000,2,1,N Beacon Hill,1390,4500,1904,94,453,,Active,,,https://www.redfin.com/WA/Seattle/2126-20th-Ave-S-98144/home/168701,NWMLS as Distributed by MLS Grid,2190199,N,Y,47.5838116,-122.3065854
MLS Listing,,Multi-Family (5+ Unit),1120 14th Ave S,Seattle,WA,98144,2799000,14,13.75,N Beacon Hill,6424,13074,1958,101,436,,Active,,,https://www.redfin.com/WA/Seattle/1120-14th-Ave-S-98144/home/2067748,NWMLS as Distributed by MLS Grid,2196971,N,Y,47.5918706,-122.314654
MLS Listing,,Single Family Residential,1700 Lakeside Ave S,Seattle,WA,98144,3998000,3,3,Leschi,2998,24324,1925,104,1334,,Active,,,https://www.redfin.com/WA/Seattle/1700-Lakeside-Ave-S-98144/home/141079,NWMLS as Distributed by MLS Grid,2191228,N,Y,47.587503,-122.2858533
MLS Listing,,Vacant Land,1224 S Lane St,Seattle,WA,98144,899000,,,Seattle,,6000,,105,,,Active,,,https://www.redfin.com/WA/Seattle/1224-S-Lane-St-98144/home/2060786,NWMLS as Distributed by MLS Grid,2196282,N,Y,47.5969634,-122.3160105
MLS Listing,,Condo/Co-op,831 S Hiawatha Pl Unit B,Seattle,WA,98144,488888,1,1.5,Seattle,941,,2009,108,520,,Active,,,https://www.redfin.com/WA/Seattle/831-Hiawatha-Pl-S-98144/unit-B/home/189553466,NWMLS as Distributed by MLS Grid,2195105,N,Y,47.5950929,-122.309851
MLS Listing,,Vacant Land,3318 Parcel A Claremont Ave S,Seattle,WA,98144,395000,,,Columbia City,,2194,,112,,,Active,,,https://www.redfin.com/WA/Seattle/3318-Parcel-A-Claremont-Ave-S-98144/home/189625116,NWMLS as Distributed by MLS Grid,2194182,N,Y,47.573111,-122.295227
MLS Listing,,Single Family Residential,2326 28th Ave S,Seattle,WA,98144,988000,4,3,Mt Baker,1820,6000,1947,114,543,,Active,,,https://www.redfin.com/WA/Seattle/2326-28th-Ave-S-98144/home/170654,NWMLS as Distributed by MLS Grid,2193537,N,Y,47.5820811,-122.2961501
MLS Listing,,Multi-Family (2-4 Unit),415 Martin Luther King Jr Way S,Seattle,WA,98144,1200000,4,4,Judkins,2256,3600,1920,115,532,,Active,,,https://www.redfin.com/WA/Seattle/415-Martin-Luther-King-Jr-Way-S-98144/home/2065628,NWMLS as Distributed by MLS Grid,2193014,N,Y,47.5987671,-122.2977793
MLS Listing,,Vacant Land,2119 Rainier Ave S,Seattle,WA,98144,995999,,,Rainier Valley,,8122,,116,,,Active,,,https://www.redfin.com/WA/Seattle/2119-Rainier-Ave-S-98144/home/189453692,NWMLS as Distributed by MLS Grid,2190762,N,Y,47.583847,-122.3026738
MLS Listing,,Single Family Residential,808 Lakeside Ave S,Seattle,WA,98144,8650000,3,4,Leschi,3632,14130,1948,121,2382,,Active,,,https://www.redfin.com/WA/Seattle/808-Lakeside-Ave-S-98144/home/142008,NWMLS as Distributed by MLS Grid,2190595,N,Y,47.5953632,-122.2873855
MLS Listing,,Townhouse,2367 S Forest St,Seattle,WA,98144,959000,6,3,Beacon Hill,1830,3159,1990,163,524,,Active,,,https://www.redfin.com/WA/Seattle/2367-S-Forest-St-98144/home/167942,NWMLS as Distributed by MLS Grid,2184155,N,Y,47.5772501,-122.3016045
MLS Listing,,Single Family Residential,1804 14th Ave S,Seattle,WA,98144,999990,4,3.5,Beacon Hill,2000,7200,1900,195,500,,Active,,,https://www.redfin.com/WA/Seattle/1804-14th-Ave-S-98144/home/169241,NWMLS as Distributed by MLS Grid,2161093,N,Y,47.58682,-122.3143874
PAST SALE,May-17-2021,Condo/Co-op,827 Hiawatha Pl S #203,Seattle,WA,98144,480000,2,1,Judkins,851,,2009,205,564,659,Pending,,,https://www.redfin.com/WA/Seattle/827-Hiawatha-Pl-S-98144/unit-203/home/28624706,NWMLS as Distributed by MLS Grid,2159317,N,Y,47.5950625,-122.3101657
MLS Listing,,Vacant Land,1906 28th Ave S,Seattle,WA,98144,850000,,,Mt Baker,,11392,,242,,,Active,,,https://www.redfin.com/WA/Seattle/1906-28th-Ave-S-98144/home/167122857,NWMLS as Distributed by MLS Grid,2158805,N,Y,47.585958,-122.2960272
MLS Listing,,Townhouse,909 Hiawatha Pl S Unit A,Seattle,WA,98144,549900,2,2.5,Judkins,1133,697,2023,245,485,10,Active,,,https://www.redfin.com/WA/Seattle/909-Hiawatha-Pl-S-98144/unit-A/home/187454569,NWMLS as Distributed by MLS Grid,2159548,N,Y,47.594046,-122.3093481
MLS Listing,,Vacant Land,0 12th Ave S,Burien,WA,98144,199500,,,Burien,,18873,,254,,,Active,,,https://www.redfin.com/WA/Seattle/12th-Ave-S-98144/home/167299,NWMLS as Distributed by MLS Grid,2144302,N,Y,47.575312,-122.316976
MLS Listing,,Vacant Land,1531 XX Sturgus Ave S,Seattle,WA,98144,295000,,,N Beacon Hill,,2979,,276,,,Active,,,https://www.redfin.com/WA/Seattle/1531-XX-Sturgus-Ave-S-98144/home/175080412,NWMLS as Distributed by MLS Grid,2150714,N,Y,47.589039,-122.31188
MLS Listing,,Vacant Land,1261 S King St,Seattle,WA,98144,1390000,,,International District,,4400,,360,,,Active,,,https://www.redfin.com/WA/Seattle/1261-S-King-St-98144/home/145556,NWMLS as Distributed by MLS Grid,2035867,N,Y,47.5981746,-122.3146786
For-Sale-by-Owner Listing,,Unknown,3541 Anthony Pl S,Seattle,WA,98144,468000,2,1,Seattle,867,6800,2024,90,540,,Active,,,https://www.redfin.com/WA/Seattle/3541-Anthony-Pl-S-98144/home/22442574,Fizber.com,11518117,N,Y,47.5713394,-122.298357
