SALE TYPE,SOLD DATE,PROPERTY TYPE,ADDRESS,CITY,STATE OR PROVINCE,ZIP OR POSTAL CODE,PRICE,BEDS,BATHS,LOCATION,SQUARE FEET,LOT SIZE,YEAR BUILT,DAYS ON MARKET,$/SQUARE FEET,HOA/MONTH,STATUS,NEXT OPEN HOUSE START TIME,NEXT OPEN HOUSE END TIME,URL (SEE https://www.redfin.com/buy-a-home/comparative-market-analysis FOR INFO ON PRICING),SOURCE,MLS#,FAVORITE,INTERESTED,LATITUDE,LONGITUDE
"In accordance with local MLS rules, some MLS listings are not included in the download",,,,,,,,,,,,,,,,,,,,,,,,,,
PAST SALE,,Condo/Co-op,101 101st Ave SE Unit 202B,Bellevue,WA,98004,1697000,2,2,West Bellevue,1681,,1975,5,1010,1683,Pending,,,https://www.redfin.com/WA/Bellevue/101-101st-Ave-SE-98004/unit-202B/home/63511,NWMLS as Distributed by MLS Grid,2232623,N,Y,47.6082045,-122.2068136
PAST SALE,March-8-2019,Condo/Co-op,10700 NE 4th St #706,Bellevue,WA,98004,1119000,1,1.5,Downtown,1352,,2008,16,828,1115,Pending,,,https://www.redfin.com/WA/Bellevue/10700-NE-4th-St-98004/unit-706/home/21882658,NWMLS as Distributed by MLS Grid,2217478,N,Y,47.6141801,-122.1977166
MLS Listing,,Condo/Co-op,420 Bellevue Way SE #103,Bellevue,WA,98004,990000,3,2.5,West Bellevue,1704,,1994,49,581,730,Active,,,https://www.redfin.com/WA/Bellevue/420-Bellevue-Way-SE-98004/unit-103/home/56559,NWMLS as Distributed by MLS Grid,2214761,N,Y,47.6062808,-122.2010151
MLS Listing,,Townhouse,10411 NE 32nd Pl Unit B102,Bellevue,WA,98004,625000,2,1.5,Bellevue,1159,,1980,62,539,615,Active,,,https://www.redfin.com/WA/Bellevue/10411-NE-32nd-Pl-98004/unit-B102/home/46568,NWMLS as Distributed by MLS Grid,2209712,N,Y,47.639316,-122.2011535
MLS Listing,,Condo/Co-op,130 105th Ave SE Unit A108,Bellevue,WA,98004,475000,2,1,Downtown,835,,1959,99,569,760,Active,,,https://www.redfin.com/WA/Bellevue/130-105th-Ave-SE-98004/unit-A108/home/12093202,NWMLS as Distributed by MLS Grid,2197196,N,Y,47.6091817,-122.1991604
PAST SALE,,Condo/Co-op,10232 NE 10th St #1701,Bellevue,WA,98004,2349000,3,2,Downtown,1496,,2024,1,1570,1556,Pending,,,https://www.redfin.com/WA/Bellevue/10232-NE-10th-St-98004/unit-1701/home/185809921,NWMLS as Distributed by MLS Grid,2224967,N,Y,47.6195335,-122.2032468
PAST SALE,,Condo/Co-op,10232 NE 10th St #1607,Bellevue,WA,98004,2499000,3,2,Downtown,1544,,2024,1,1619,1605,Pending,,,https://www.redfin.com/WA/Bellevue/10232-NE-10th-St-98004/unit-1607/home/190638895,NWMLS as Distributed by MLS Grid,2230722,N,Y,47.6195335,-122.2032468
MLS Listing,,Condo/Co-op,9909 NE 1st St #203,Bellevue,WA,98004,799000,2,2,Downtown,1156,,1970,1,691,524,Active,,,https://www.redfin.com/WA/Bellevue/9909-NE-1st-St-98004/unit-203/home/2062473,NWMLS as Distributed by MLS Grid,2238621,N,Y,47.6116729,-122.2081162
MLS Listing,,Condo/Co-op,1100 106th Ave NE #511,Bellevue,WA,98004,769900,2,2,Downtown Bellevue,1109,43078,2002,1,694,1196,Active,May-18-2024 01:00 PM,May-18-2024 03:00 PM,https://www.redfin.com/WA/Bellevue/1100-106th-Ave-NE-98004/unit-511/home/2084658,NWMLS as Distributed by MLS Grid,2228434,N,Y,47.6203603,-122.1987406
MLS Listing,,Single Family Residential,106 97th Ave NE,Bellevue,WA,98004,5795000,5,5.5,Bellevue,5594,15292,2018,1,1036,,Active,May-18-2024 01:00 PM,May-18-2024 03:00 PM,https://www.redfin.com/WA/Bellevue/106-97th-Ave-NE-98004/home/251563,NWMLS as Distributed by MLS Grid,2235681,N,Y,47.6137964,-122.2110772
MLS Listing,,Townhouse,10610 NE 9th Pl Unit TH19,Bellevue,WA,98004,1780000,2,3.5,Downtown,3192,,2008,1,558,3440,Active,,,https://www.redfin.com/WA/Bellevue/10610-NE-9th-Pl-98004/unit-TH19/home/190806372,NWMLS as Distributed by MLS Grid,2237166,N,Y,47.6186482,-122.1983422
MLS Listing,,Condo/Co-op,511 100th Ave NE #210,Bellevue,WA,98004,639900,1,1,Downtown,643,,1959,1,995,419,Active,May-18-2024 01:00 PM,May-18-2024 03:00 PM,https://www.redfin.com/WA/Bellevue/511-100th-Ave-NE-98004/unit-210/home/190806295,NWMLS as Distributed by MLS Grid,2238542,N,Y,47.6154597,-122.2074112
PAST SALE,,Condo/Co-op,838 103rd Ave NE Unit 26xx,Bellevue,WA,98004,14350000,3,3.5,Downtown,4772,,2023,1,3007,5821,Pending,,,https://www.redfin.com/WA/Bellevue/838-103rd-Ave-NE-98004/unit-26xx/home/186133890,NWMLS as Distributed by MLS Grid,2140349,N,Y,47.6186548,-122.203043
PAST SALE,,Condo/Co-op,838 103rd Ave NE #2502,Bellevue,WA,98004,8975000,3,3,Downtown,3018,,2023,1,2974,3705,Pending,,,https://www.redfin.com/WA/Bellevue/838-103rd-Ave-NE-98004/unit-2502/home/185648931,NWMLS as Distributed by MLS Grid,2071361,N,Y,47.6186548,-122.203043
PAST SALE,,Condo/Co-op,838 103rd Ave NE #2504,Bellevue,WA,98004,7375000,3,3,Downtown,2454,,2023,1,3005,3013,Pending,,,https://www.redfin.com/WA/Bellevue/838-103rd-Ave-NE-98004/unit-2504/home/185656367,NWMLS as Distributed by MLS Grid,2071369,N,Y,47.6186548,-122.203043
PAST SALE,,Condo/Co-op,889 103rd Ave NE #301,Bellevue,WA,98004,1499000,2,2,Downtown,998,,2023,1,1502,989,Pending,,,https://www.redfin.com/WA/Bellevue/889-103rd-Ave-NE-98004/unit-301/home/184708285,NWMLS as Distributed by MLS Grid,2031850,N,Y,47.6187501,-122.2030413
MLS Listing,,Multi-Family (2-4 Unit),1301 Bellevue Way SE,Bellevue,WA,98004,2550000,12,9,Bellevue,5782,20897,1980,1,441,,Active,,,https://www.redfin.com/WA/Bellevue/1301-Bellevue-Way-SE-98004/home/2070560,NWMLS as Distributed by MLS Grid,2238299,N,Y,47.5985702,-122.1996932
MLS Listing,,Single Family Residential,11030 SE 30th St,Bellevue,WA,98004,2300000,3,2.5,Enatai,2440,8089,1952,1,943,,Active,May-17-2024 04:00 PM,May-17-2024 06:00 PM,https://www.redfin.com/WA/Bellevue/11030-SE-30th-St-98004/home/510609,NWMLS as Distributed by MLS Grid,2228625,N,Y,47.5836189,-122.1928366
MLS Listing,,Single Family Residential,9516 NE 31st St,Clyde Hill,WA,98004,6995000,5,4.5,Clyde Hill,7030,20002,2007,1,995,,Active,May-18-2024 01:00 PM,May-18-2024 03:00 PM,https://www.redfin.com/WA/Clyde-Hill/9516-NE-31st-St-98004/home/252149,NWMLS as Distributed by MLS Grid,2237413,N,Y,47.6385847,-122.2141698
MLS Listing,,Vacant Land,9878 NE 34th Pl,Bellevue,WA,98004,950000,,,Clyde Hill,,16274,,2,,,Active,,,https://www.redfin.com/WA/Bellevue/9878-NE-34th-St-98004/home/171054801,NWMLS as Distributed by MLS Grid,2237833,N,Y,47.6417513,-122.2062373
MLS Listing,,Vacant Land,9858 NE 34th Pl,Bellevue,WA,98004,950000,,,Clyde Hill,,15308,,2,,,Active,,,https://www.redfin.com/WA/Bellevue/9858-NE-34th-St-98004/home/171054802,NWMLS as Distributed by MLS Grid,2237819,N,Y,47.6417528,-122.2062557
MLS Listing,,Condo/Co-op,10700 NE 4th St #1914,Bellevue,WA,98004,1650000,2,2,Downtown,1503,105864,2008,2,1098,1239,Active,,,https://www.redfin.com/WA/Bellevue/10700-NE-4th-St-98004/unit-1914/home/21883358,NWMLS as Distributed by MLS Grid,2237252,N,Y,47.6141801,-122.1977166
PAST SALE,,Condo/Co-op,838 103rd Ave NE #1104,Bellevue,WA,98004,1149000,1,1,Downtown,628,,2023,2,1830,770,Pending,,,https://www.redfin.com/WA/Bellevue/838-103rd-Ave-NE-98004/unit-1104/home/184921806,NWMLS as Distributed by MLS Grid,2051487,N,Y,47.6186548,-122.203043
PAST SALE,August-19-1986,Single Family Residential,1505 90th Pl NE,Clyde Hill,WA,98004,4999000,5,4.5,Clyde Hill,5933,21033,1964,2,843,,Pending,,,https://www.redfin.com/WA/Clyde-Hill/1505-90th-Pl-NE-98004/home/252422,NWMLS as Distributed by MLS Grid,2208789,N,Y,47.6239053,-122.2219466
PAST SALE,,Condo/Co-op,10000 Main St #307,Bellevue,WA,98004,880000,1,1.5,Downtown,946,,2009,2,930,1015,Pending,,,https://www.redfin.com/WA/Bellevue/10000-Main-St-98004/unit-307/home/190616309,NWMLS as Distributed by MLS Grid,2225561,N,Y,47.6103963,-122.2059619
PAST SALE,,Condo/Co-op,889 103rd Ave NE #901,Bellevue,WA,98004,1899000,2,2,Downtown,991,,2023,2,1916,1135,Pending,,,https://www.redfin.com/WA/Bellevue/889-103rd-Ave-NE-98004/unit-901/home/187484909,NWMLS as Distributed by MLS Grid,2161639,N,Y,47.6187501,-122.2030413
MLS Listing,,Single Family Residential,9404 NE 20th St,Clyde Hill,WA,98004,9250000,5,6.5,Clyde Hill,6516,14384,2018,2,1420,,Active,,,https://www.redfin.com/WA/Clyde-Hill/9404-NE-20th-St-98004/home/251383,NWMLS as Distributed by MLS Grid,2237174,N,Y,47.6284846,-122.2147162
MLS Listing,,Single Family Residential,10035 NE 26th St,Bellevue,WA,98004,5475000,4,5.5,West Bellevue,5082,20253,1965,2,1077,,Active,May-18-2024 12:00 PM,May-18-2024 02:00 PM,https://www.redfin.com/WA/Bellevue/10035-NE-26th-St-98004/home/506674,NWMLS as Distributed by MLS Grid,2237574,N,Y,47.633501,-122.2058172
MLS Listing,,Single Family Residential,2537 103 Ave SE,Bellevue,WA,98004,10588000,4,4.5,Enatai,3965,29579,1960,2,2670,,Active,May-18-2024 01:00 PM,May-18-2024 04:00 PM,https://www.redfin.com/WA/Bellevue/2537-103rd-Ave-SE-98004/home/253372,NWMLS as Distributed by MLS Grid,2235825,N,Y,47.587091,-122.205219
MLS Listing,,Single Family Residential,2643 106th Ave NE,Bellevue,WA,98004,1950000,3,2,Clyde Hill,1190,8346,1953,2,1639,,Active,,,https://www.redfin.com/WA/Bellevue/2643-106th-Ave-NE-98004/home/506221,NWMLS as Distributed by MLS Grid,2237264,N,Y,47.6345376,-122.1999869
PAST SALE,,Condo/Co-op,10232 NE 10th St #709,Bellevue,WA,98004,1439000,2,2,Downtown,1113,,2024,3,1293,992,Pending,,,https://www.redfin.com/WA/Bellevue/10232-NE-10th-St-98004/unit-709/home/188261027,NWMLS as Distributed by MLS Grid,2176860,N,Y,47.6195335,-122.2032468
PAST SALE,,Condo/Co-op,838 103rd Ave NE #2003,Bellevue,WA,98004,3569000,2,2,Downtown,1649,,2023,3,2164,2025,Pending,,,https://www.redfin.com/WA/Bellevue/838-103rd-Ave-NE-98004/unit-2003/home/185258688,NWMLS as Distributed by MLS Grid,2061069,N,Y,47.6186548,-122.203043
PAST SALE,March-2-2016,Condo/Co-op,10000 Main St #206,Bellevue,WA,98004,839950,1,1.5,Downtown,867,,2009,3,969,910,Pending,,,https://www.redfin.com/WA/Bellevue/10000-Main-St-98004/unit-206/home/12302158,NWMLS as Distributed by MLS Grid,2214712,N,Y,47.6103963,-122.2059619
PAST SALE,,Condo/Co-op,430 Bellevue Way SE #203,Bellevue,WA,98004,599000,2,2,Bellevue,856,,1979,3,700,485,Pending,,,https://www.redfin.com/WA/Bellevue/430-Bellevue-Way-SE-98004/unit-203/home/190253240,NWMLS as Distributed by MLS Grid,2221331,N,Y,47.6058927,-122.2009882
PAST SALE,,Single Family Residential,2025 87th Pl NE,Clyde Hill,WA,98004,2998000,5,3,Clyde Hill,3930,18259,1966,4,763,,Pending,,,https://www.redfin.com/WA/Clyde-Hill/2025-87th-Ave-NE-98004/home/251245,NWMLS as Distributed by MLS Grid,2235104,N,Y,47.629086,-122.2242592
PAST SALE,February-28-2013,Single Family Residential,10411 SE 20th St,Bellevue,WA,98004,3995000,4,3.5,Enatai,4070,9568,2008,5,982,,Pending,,,https://www.redfin.com/WA/Bellevue/10411-SE-20th-St-98004/home/511002,NWMLS as Distributed by MLS Grid,2230603,N,Y,47.5922115,-122.2007452
PAST SALE,March-31-2014,Condo/Co-op,500 106th Ave NE #2411,Bellevue,WA,98004,1590000,2,2,Downtown,1593,,2008,5,998,1314,Pending,,,https://www.redfin.com/WA/Bellevue/500-106th-Ave-NE-98004/unit-2411/home/21882834,NWMLS as Distributed by MLS Grid,2225855,N,Y,47.6144882,-122.1978236
PAST SALE,,Condo/Co-op,10232 NE 10th St #615,Bellevue,WA,98004,1094000,1,1,Downtown,849,,2024,5,1289,883,Pending,,,https://www.redfin.com/WA/Bellevue/10232-NE-10th-St-98004/unit-615/home/190094420,NWMLS as Distributed by MLS Grid,2208729,N,Y,47.6195335,-122.2032468
PAST SALE,,Single Family Residential,10503 Enatai Dr,Bellevue,WA,98004,2200000,3,3,Enatai,2530,11780,1977,5,870,,Pending,,,https://www.redfin.com/WA/Bellevue/10503-Enatai-Dr-98004/home/253598,NWMLS as Distributed by MLS Grid,2227700,N,Y,47.5827717,-122.2008556
PAST SALE,,Townhouse,1744 Bellevue Way NE,Bellevue,WA,98004,2088000,3,2.5,Bellevue,2458,411654,1987,5,849,979,Pending,,,https://www.redfin.com/WA/Bellevue/1744-Bellevue-Way-NE-98004/home/190668701,NWMLS as Distributed by MLS Grid,2232243,N,Y,47.626809,-122.2014468
PAST SALE,April-29-2019,Single Family Residential,2400 100th Ave NE,Bellevue,WA,98004,4350000,4,3.5,Clyde Hill,4440,14650,1992,5,980,,Pending,,,https://www.redfin.com/WA/Bellevue/2400-100th-Ave-NE-98004/home/506294,NWMLS as Distributed by MLS Grid,2208790,N,Y,47.6323233,-122.2068436
PAST SALE,,Condo/Co-op,10232 NE 10th St #803,Bellevue,WA,98004,629000,0,1,Downtown,464,,2024,5,1356,482,Pending,,,https://www.redfin.com/WA/Bellevue/10232-NE-10th-St-98004/unit-803/home/190094268,NWMLS as Distributed by MLS Grid,2208173,N,Y,47.6195335,-122.2032468
PAST SALE,October-12-2010,Single Family Residential,9225 NE 20th St,Clyde Hill,WA,98004,5188000,4,3.5,Clyde Hill,3610,16875,1950,5,1437,,Pending,,,https://www.redfin.com/WA/Clyde-Hill/9225-NE-20th-St-98004/home/252827,NWMLS as Distributed by MLS Grid,2219473,N,Y,47.6281033,-122.21675
PAST SALE,April-26-2010,Single Family Residential,9509 NE 1st St,Bellevue,WA,98004,8500000,4,4,Meydenbauer,6434,11984,2012,5,1321,,Pending,,,https://www.redfin.com/WA/Bellevue/9509-NE-1st-St-98004/home/22446048,NWMLS as Distributed by MLS Grid,2208792,N,Y,47.6147959,-122.2147093
PAST SALE,April-30-1992,Single Family Residential,1020 88th Ave NE,Bellevue,WA,98004,3680000,4,3,West Bellevue,3332,23499,1955,5,1104,,Pending,,,https://www.redfin.com/WA/Bellevue/1020-88th-Ave-NE-98004/home/251107,NWMLS as Distributed by MLS Grid,2232209,N,Y,47.6208484,-122.2216666
PAST SALE,October-10-1977,Single Family Residential,9429 Vineyard Crst,Bellevue,WA,98004,3400000,5,3,Vuecrest,3160,10897,1949,5,1076,25,Pending,,,https://www.redfin.com/WA/Bellevue/9429-Vineyard-Crst-98004/home/251261,NWMLS as Distributed by MLS Grid,2235215,N,Y,47.6190055,-122.2144501
PAST SALE,,Single Family Residential,109 109th Ave SE,Bellevue,WA,98004,1880000,5,2,Surrey Downs,2680,7564,1955,5,701,,Pending,,,https://www.redfin.com/WA/Bellevue/109-109th-Ave-SE-98004/home/510143,NWMLS as Distributed by MLS Grid,2233551,N,Y,47.609058,-122.1954312
PAST SALE,February-11-2020,Condo/Co-op,1601 102nd Pl NE Unit E-2,Bellevue,WA,98004,799000,3,2,Downtown,1300,,1974,6,615,768,Pending,,,https://www.redfin.com/WA/Bellevue/1601-102nd-Pl-NE-98004/unit-E-2/home/175950675,NWMLS as Distributed by MLS Grid,2234730,N,Y,47.6248122,-122.2039814
PAST SALE,January-20-2023,Single Family Residential,10241 NE 21st Pl,Bellevue,WA,98004,4800000,5,5,West Bellevue,4664,8640,2024,6,1029,,Pending,,,https://www.redfin.com/WA/Bellevue/10241-NE-21st-Pl-98004/home/505857,NWMLS as Distributed by MLS Grid,2195706,N,Y,47.6294506,-122.2032465
PAST SALE,,Single Family Residential,1411 112th Ave NE,Bellevue,WA,98004,1425000,3,1,West Bellevue,2300,9469,1950,6,620,,Pending,,,https://www.redfin.com/WA/Bellevue/1411-112th-Ave-NE-98004/home/506123,NWMLS as Distributed by MLS Grid,2224927,N,Y,47.6236626,-122.1914136
PAST SALE,January-12-1981,Single Family Residential,208 106th Ave SE,Bellevue,WA,98004,1450000,4,2,West Bellevue,1260,8276,1952,6,1151,,Pending,,,https://www.redfin.com/WA/Bellevue/208-106th-Ave-SE-98004/home/510630,NWMLS as Distributed by MLS Grid,2211812,N,Y,47.6079061,-122.1985595
PAST SALE,June-29-2021,Condo/Co-op,1625 103rd Pl NE Unit M3,Bellevue,WA,98004,795000,3,2,Downtown,1300,,1974,6,612,768,Pending,,,https://www.redfin.com/WA/Bellevue/1625-103rd-Pl-NE-98004/unit-M3/home/67540,NWMLS as Distributed by MLS Grid,2224527,N,Y,47.6254989,-122.2026135
MLS Listing,,Single Family Residential,1521 102nd Ave NE,Bellevue,WA,98004,6690000,6,6.5,Clyde Hill,6100,10404,2014,6,1097,,Active,,,https://www.redfin.com/WA/Bellevue/1521-102nd-Ave-NE-98004/home/506569,NWMLS as Distributed by MLS Grid,2223542,N,Y,47.6245723,-122.2052628
PAST SALE,,Condo/Co-op,10232 NE 10th St #1707,Bellevue,WA,98004,2429000,3,2,Downtown,1544,,2024,7,1573,1374,Pending,,,https://www.redfin.com/WA/Bellevue/10232-NE-10th-St-98004/unit-1707/home/186067117,NWMLS as Distributed by MLS Grid,2137658,N,Y,47.6195335,-122.2032468
PAST SALE,February-9-2006,Townhouse,9801 NE 4th St Unit D,Bellevue,WA,98004,2095000,3,2.5,Bellevue,2050,,2005,7,1022,,Pending,,,https://www.redfin.com/WA/Bellevue/9801-NE-4th-St-98004/unit-D/home/175697997,NWMLS as Distributed by MLS Grid,2198814,N,Y,47.6134437,-122.2093508
PAST SALE,November-17-1989,Single Family Residential,10254 NE 20th Pl,Bellevue,WA,98004,1988000,3,1,West Bellevue,1450,8640,1952,7,1371,,Pending,,,https://www.redfin.com/WA/Bellevue/10254-NE-20th-Pl-98004/home/506703,NWMLS as Distributed by MLS Grid,2225207,N,Y,47.6290051,-122.202757
PAST SALE,,Single Family Residential,9703 NE 14th St,Clyde Hill,WA,98004,2300000,3,2,Clyde Hill,1580,11160,1953,7,1456,,Pending,,,https://www.redfin.com/WA/Clyde-Hill/9703-NE-14th-St-98004/home/250812,NWMLS as Distributed by MLS Grid,2164232,N,Y,47.6226158,-122.211397
PAST SALE,November-22-2019,Condo/Co-op,10650 NE 9th Pl #623,Bellevue,WA,98004,849000,1,1,Bellevue,995,,2008,7,853,1133,Pending,,,https://www.redfin.com/WA/Bellevue/10650-NE-9th-Pl-98004/unit-623/home/167289553,NWMLS as Distributed by MLS Grid,2221525,N,Y,47.6188605,-122.1976576
PAST SALE,,Condo/Co-op,10232 NE 10th St #309,Bellevue,WA,98004,1289000,2,2,Downtown,950,,2024,7,1357,843,Pending,,,https://www.redfin.com/WA/Bellevue/10232-NE-10th-St-98004/unit-309/home/185546011,NWMLS as Distributed by MLS Grid,2073805,N,Y,47.6195335,-122.2032468
MLS Listing,,Condo/Co-op,10232 NE 10th St #1509,Bellevue,WA,98004,1774000,2,2,Downtown,1113,,2024,7,1594,1157,Active,May-18-2024 03:00 PM,May-18-2024 05:00 PM,https://www.redfin.com/WA/Bellevue/10232-NE-10th-St-98004/unit-1509/home/190735040,NWMLS as Distributed by MLS Grid,2235854,N,Y,47.6195335,-122.2032468
MLS Listing,,Condo/Co-op,10232 NE 10th St #705,Bellevue,WA,98004,624000,0,1,Downtown,435,,2024,7,1434,452,Active,May-18-2024 03:00 PM,May-18-2024 05:00 PM,https://www.redfin.com/WA/Bellevue/10232-NE-10th-St-98004/unit-705/home/190734949,NWMLS as Distributed by MLS Grid,2235178,N,Y,47.6195335,-122.2032468
MLS Listing,,Condo/Co-op,511 100th Ave NE #306,Bellevue,WA,98004,525000,1,1,Downtown,539,,1959,7,974,356,Active,,,https://www.redfin.com/WA/Bellevue/511-100th-Ave-NE-98004/unit-306/home/190734828,NWMLS as Distributed by MLS Grid,2234786,N,Y,47.6154597,-122.2074112
MLS Listing,,Single Family Residential,9240 SE Shoreland Dr,Bellevue,WA,98004,6180000,4,3.5,Meydenbauer,3710,14100,1987,7,1666,,Active,,,https://www.redfin.com/WA/Bellevue/9240-SE-Shoreland-Dr-98004/home/253594,NWMLS as Distributed by MLS Grid,2233075,N,Y,47.6084811,-122.2136358
MLS Listing,,Townhouse,188 107th Ln SE #18,Bellevue,WA,98004,1798000,3,3.5,West Bellevue,2207,,2016,7,815,551,Active,,,https://www.redfin.com/WA/Bellevue/188-107th-Ln-SE-98004/unit-18/home/113960254,NWMLS as Distributed by MLS Grid,2233330,N,Y,47.6088821,-122.1974054
MLS Listing,,Condo/Co-op,200 99th Ave NE #44,Bellevue,WA,98004,949980,2,2,West Bellevue,1282,,1988,7,741,650,Active,,,https://www.redfin.com/WA/Bellevue/200-99th-Ave-NE-98004/unit-44/home/20328,NWMLS as Distributed by MLS Grid,2227068,N,Y,47.6130512,-122.2079515
MLS Listing,,Single Family Residential,,Hunts Point,WA,98004,41000000,5,5.5,,7750,48321,1989,7,5290,,Active,,,https://www.redfin.com/WA/Hunts-Point/Undisclosed-address-98004/home/190731051,NWMLS as Distributed by MLS Grid,2232668,N,Y,47.64143,-122.229497
MLS Listing,,Condo/Co-op,10047 Main St #202,Bellevue,WA,98004,885000,2,2,Downtown,980,46094,2000,7,903,812,Active,,,https://www.redfin.com/WA/Bellevue/10047-Main-St-98004/unit-202/home/67494,NWMLS as Distributed by MLS Grid,2226288,N,Y,47.6099624,-122.2057089
MLS Listing,,Condo/Co-op,1085 103rd Ave NE #527,Bellevue,WA,98004,980000,2,2,Downtown,1064,,2018,7,921,912,Active,May-18-2024 01:30 PM,May-18-2024 04:30 PM,https://www.redfin.com/WA/Bellevue/1085-103rd-Ave-NE-98004/unit-527/home/190730929,NWMLS as Distributed by MLS Grid,2234734,N,Y,47.6199682,-122.2033327
MLS Listing,,Single Family Residential,2646 90th Ave NE,Clyde Hill,WA,98004,3900000,6,3,Clyde Hill,3284,20500,1963,8,1188,,Active,May-18-2024 01:00 PM,May-18-2024 03:00 PM,https://www.redfin.com/WA/Clyde-Hill/2646-90th-Ave-NE-98004/home/253022,NWMLS as Distributed by MLS Grid,2233310,N,Y,47.6350857,-122.2208873
MLS Listing,,Townhouse,1908 102nd Ave NE,Bellevue,WA,98004,1488000,2,2.5,Downtown,2303,,1980,8,646,1051,Active,,,https://www.redfin.com/WA/Bellevue/1908-102nd-Ave-NE-98004/home/190726844,NWMLS as Distributed by MLS Grid,2232997,N,Y,47.6276284,-122.2046697
MLS Listing,,Condo/Co-op,1085 103rd Ave NE #222,Bellevue,WA,98004,491000,0,1,Downtown,528,,2018,8,930,446,Active,May-18-2024 12:00 PM,May-18-2024 03:00 PM,https://www.redfin.com/WA/Bellevue/1085-103rd-Avenue-NE-98004/unit-222/home/190725395,NWMLS as Distributed by MLS Grid,2233606,N,Y,47.6199682,-122.2033327
MLS Listing,,Condo/Co-op,188 Bellevue Way NE #1107,Bellevue,WA,98004,3750000,3,3,Downtown,1949,50392,2020,8,1924,1930,Active,,,https://www.redfin.com/WA/Bellevue/188-Bellevue-Way-NE-98004/unit-1107/home/172711376,NWMLS as Distributed by MLS Grid,2234416,N,Y,47.6118594,-122.2013089
MLS Listing,,Townhouse,10590 NE 12th St #106,Bellevue,WA,98004,2050000,2,2.5,Downtown,2200,2062,2007,9,932,620,Active,,,https://www.redfin.com/WA/Bellevue/10590-NE-12th-St-98004/unit-106/home/12307211,NWMLS as Distributed by MLS Grid,2234585,N,Y,47.621294,-122.1995147
PAST SALE,April-30-1986,Single Family Residential,10620 NE 28th Pl,Bellevue,WA,98004,1998000,2,2,West Bellevue,1426,10268,1954,9,1401,,Pending,,,https://www.redfin.com/WA/Bellevue/10620-NE-28th-Pl-98004/home/505915,NWMLS as Distributed by MLS Grid,2218445,N,Y,47.6362838,-122.1978293
PAST SALE,March-18-1997,Single Family Residential,2009 101st Ave SE,Bellevue,WA,98004,7250000,5,4,Enatai,5465,22276,1988,9,1327,,Pending,,,https://www.redfin.com/WA/Bellevue/2009-101-Ave-98004/home/253235,NWMLS as Distributed by MLS Grid,2217132,N,Y,47.5927837,-122.2089656
MLS Listing,,Single Family Residential,3216 Hunts Point Rd,Hunts Point,WA,98004,9900000,5,3.5,Hunts Point,2440,40170,1918,9,4057,,Active,,,https://www.redfin.com/WA/Hunts-Point/3216-Hunts-Point-Rd-98004/home/249822,NWMLS as Distributed by MLS Grid,2233219,N,Y,47.6394614,-122.2275377
PAST SALE,,Condo/Co-op,10232 NE 10th St #307,Bellevue,WA,98004,934000,1,1,Downtown,722,,2024,12,1294,644,Pending,,,https://www.redfin.com/WA/Bellevue/10232-NE-10th-St-98004/unit-307/home/186207944,NWMLS as Distributed by MLS Grid,2143350,N,Y,47.6195335,-122.2032468
MLS Listing,,Single Family Residential,9421 NE 1st St,Bellevue,WA,98004,8275000,5,5.5,West Bellevue,6846,10095,2024,12,1209,,Active,May-18-2024 01:00 PM,May-18-2024 03:00 PM,https://www.redfin.com/WA/Bellevue/9421-NE-1st-St-98004/home/252151,NWMLS as Distributed by MLS Grid,2224915,N,Y,47.6153418,-122.2156962
MLS Listing,,Vacant Land,302 bellevue Way SE,Bellevue,WA,98004,2249999,,,Downtown,,16565,,13,,,Active,,,https://www.redfin.com/WA/Bellevue/302-Bellevue-Way-SE-98004/home/22096086,NWMLS as Distributed by MLS Grid,2233061,N,Y,47.6075604,-122.2014114
PAST SALE,,Single Family Residential,2309 103rd Ave NE,Bellevue,WA,98004,1999950,4,2,Clyde Hill,1310,7808,1952,13,1527,,Pending,,,https://www.redfin.com/WA/Bellevue/2309-103rd-Ave-NE-98004/home/505791,NWMLS as Distributed by MLS Grid,2229177,N,Y,47.6314325,-122.2027935
PAST SALE,,Single Family Residential,4015 95th Ave NE,Yarrow Point,WA,98004,7500000,3,3.5,Yarrow Point,4230,48594,1925,13,1773,,Pending,,,https://www.redfin.com/WA/Bellevue/4015-95th-Ave-NE-98004/home/250406,NWMLS as Distributed by MLS Grid,2138627,N,Y,47.6468591,-122.2144656
MLS Listing,,Single Family Residential,103 109th Ave SE,Bellevue,WA,98004,4898000,5,4.5,Surrey Downs,5093,12928,2024,13,962,,Active,,,https://www.redfin.com/WA/Bellevue/103-109th-Ave-SE-98004/home/510144,NWMLS as Distributed by MLS Grid,2232628,N,Y,47.6093247,-122.1953988
PAST SALE,,Condo/Co-op,10232 NE 10th St #1901,Bellevue,WA,98004,3349000,3,2,Downtown,1624,,2024,14,2062,1689,Pending,,,https://www.redfin.com/WA/Bellevue/10232-NE-10th-St-98004/unit-1901/home/189780617,NWMLS as Distributed by MLS Grid,2200148,N,Y,47.6195335,-122.2032468
MLS Listing,,Single Family Residential,4626 95th Ave NE,Yarrow Point,WA,98004,8795000,6,6.5,Yarrow Point,7830,16638,2007,15,1123,,Active,,,https://www.redfin.com/WA/Bellevue/4626-95th-Ave-NE-98004/home/249662,NWMLS as Distributed by MLS Grid,2230707,N,Y,47.6505953,-122.2149733
PAST SALE,February-24-2015,Single Family Residential,1121 107th Ave SE,Bellevue,WA,98004,1900000,3,2,West Bellevue,1910,12321,1952,15,995,,Pending,,,https://www.redfin.com/WA/Bellevue/1121-107th-Ave-SE-98004/home/510691,NWMLS as Distributed by MLS Grid,2218303,N,Y,47.5996152,-122.1981055
PAST SALE,November-7-2012,Condo/Co-op,10516 NE 32nd Pl Unit J105,Bellevue,WA,98004,439980,1,1,Downtown,812,,1980,15,542,386,Pending,,,https://www.redfin.com/WA/Bellevue/10516-NE-32nd-Pl-98004/unit-J105/home/61684,NWMLS as Distributed by MLS Grid,2225038,N,Y,47.6395286,-122.199491
MLS Listing,,Single Family Residential,9031 NE 19th St,Clyde Hill,WA,98004,6995000,5,4.5,Clyde Hill,5960,19189,2006,15,1174,42,Active,,,https://www.redfin.com/WA/Clyde-Hill/9031-NE-19th-St-98004/home/251096,NWMLS as Distributed by MLS Grid,2230945,N,Y,47.6274384,-122.2201645
MLS Listing,,Condo/Co-op,500 106th Ave NE #701,Bellevue,WA,98004,1799000,2,2,Downtown,1927,,2008,15,934,1589,Active,,,https://www.redfin.com/WA/Bellevue/500-106th-Ave-NE-98004/unit-701/home/21883200,NWMLS as Distributed by MLS Grid,2226664,N,Y,47.6144882,-122.1978236
MLS Listing,,Single Family Residential,9433 Hilltop Rd,Bellevue,WA,98004,7750000,3,3,Vuecrest,3600,11934,2019,16,2153,37,Active,,,https://www.redfin.com/WA/Bellevue/9433-Hilltop-Rd-98004/home/252848,NWMLS as Distributed by MLS Grid,2229306,N,Y,47.619616,-122.2135948
PAST SALE,June-2-2009,Townhouse,1756 Bellevue Way NE,Bellevue,WA,98004,2100000,2,2.5,Bellevue,2172,,1987,16,967,979,Pending,,,https://www.redfin.com/WA/Bellevue/1756-Bellevue-Way-NE-98004/home/179777371,NWMLS as Distributed by MLS Grid,2212150,N,Y,47.6271644,-122.2012993
MLS Listing,,Condo/Co-op,101 99th Ave NE #101,Bellevue,WA,98004,1888000,3,2.5,Bellevue,2185,,1989,16,864,1391,Active,,,https://www.redfin.com/WA/Bellevue/101-99th-Ave-NE-98004/unit-101/home/1628,NWMLS as Distributed by MLS Grid,2230339,N,Y,47.612419,-122.2086159
MLS Listing,,Single Family Residential,10789 SE 3rd St,Bellevue,WA,98004,1990000,3,1,Surrey Downs,2110,8570,1956,16,943,,Active,,,https://www.redfin.com/WA/Bellevue/10789-SE-3rd-St-98004/home/510140,NWMLS as Distributed by MLS Grid,2227828,N,Y,47.607599,-122.196402
PAST SALE,,Condo/Co-op,1085 103rd Ave NE #328,Bellevue,WA,98004,880000,2,2,Downtown,992,,2018,17,887,781,Pending,,,https://www.redfin.com/WA/Bellevue/1085-103rd-Ave-NE-98004/unit-328/home/190292122,NWMLS as Distributed by MLS Grid,2195444,N,Y,47.6199682,-122.2033327
MLS Listing,,Single Family Residential,4644 95th Ave NE,Yarrow Point,WA,98004,17288000,4,4.5,Yarrow Point,6240,14386,2018,17,2771,,Active,,,https://www.redfin.com/WA/Bellevue/4644-95th-Ave-NE-98004/home/250154,NWMLS as Distributed by MLS Grid,2229589,N,Y,47.6513927,-122.2142052
PAST SALE,November-24-2021,Condo/Co-op,111 108th Ave NE Unit A502,Bellevue,WA,98004,875000,2,2,Downtown,943,,2000,19,928,537,Pending,,,https://www.redfin.com/WA/Bellevue/111-108th-Ave-NE-98004/unit-A502/home/12318187,NWMLS as Distributed by MLS Grid,2225213,N,Y,47.610698,-122.196832
MLS Listing,,Condo/Co-op,9909 NE 1st St #306,Bellevue,WA,98004,650000,1,1,Meydenbauer,860,,1970,20,756,428,Active,,,https://www.redfin.com/WA/Bellevue/9909-NE-1st-St-98004/unit-306/home/2077560,NWMLS as Distributed by MLS Grid,2228523,N,Y,47.6116729,-122.2081162
MLS Listing,,Vacant Land,2705 Bellevue Way SE,Bellevue,WA,98004,1800000,,,Enatai,,17670,,20,,,Active,,,https://www.redfin.com/WA/Bellevue/2705-Bellevue-Way-98004/home/22613765,NWMLS as Distributed by MLS Grid,2229309,N,Y,47.585538,-122.190886
MLS Listing,,Townhouse,10502 SE 10th Ct,Bellevue,WA,98004,2000000,4,3,Bellevue,2172,1,2010,21,921,250,Active,,,https://www.redfin.com/WA/Bellevue/10502-SE-10th-Ct-98004/home/179835459,NWMLS as Distributed by MLS Grid,2227214,N,Y,47.6013191,-122.1998821
MLS Listing,,Townhouse,11205 NE 13th Ln,Bellevue,WA,98004,2495000,3,3.5,Bellevue,2457,3539,2024,22,1015,240,Active,May-18-2024 01:00 PM,May-18-2024 03:00 PM,https://www.redfin.com/WA/Bellevue/11205-NE-13th-St-98004/home/190591116,NWMLS as Distributed by MLS Grid,2227749,N,Y,47.62284743,-122.190836
MLS Listing,,Single Family Residential,1425 105th Ave SE,Bellevue,WA,98004,2200000,3,2,Enatai,1710,6750,1952,22,1287,,Active,,,https://www.redfin.com/WA/Bellevue/1425-105th-Ave-SE-98004/home/510572,NWMLS as Distributed by MLS Grid,2226960,N,Y,47.5972071,-122.2006311
PAST SALE,March-13-2017,Single Family Residential,3114 92nd Ave NE,Clyde Hill,WA,98004,2630000,3,3,Clyde Hill,2110,6790,2000,24,1246,,Pending,,,https://www.redfin.com/WA/Clyde-Hill/3114-92nd-Ave-NE-98004/home/251457,NWMLS as Distributed by MLS Grid,2213194,N,Y,47.6388304,-122.2174094
MLS Listing,,Townhouse,10465 NE 12th Pl #104,Bellevue,WA,98004,1695000,2,2,Downtown,1570,1108,2007,28,1080,620,Active,,,https://www.redfin.com/WA/Bellevue/10465-NE-12th-Pl-98004/unit-104/home/177720015,NWMLS as Distributed by MLS Grid,2225444,N,Y,47.6215051,-122.2004105
MLS Listing,,Condo/Co-op,9915 Lake Washington Blvd NE Unit A-203,Bellevue,WA,98004,1998000,2,2,Meydenbauer,2096,,1979,28,953,1148,Active,,,https://www.redfin.com/WA/Bellevue/9915-Lake-Washington-Blvd-NE-98004/unit-A203/home/18087,NWMLS as Distributed by MLS Grid,2206499,N,Y,47.6107582,-122.208955
PAST SALE,September-4-1990,Single Family Residential,9406 NE 32nd St,Clyde Hill,WA,98004,9750000,4,1,Clyde Hill,1400,79826,1908,29,6964,,Pending,,,https://www.redfin.com/WA/Clyde-Hill/9406-NE-32nd-St-98004/home/252165,NWMLS as Distributed by MLS Grid,2203578,N,Y,47.6395081,-122.214806
MLS Listing,,Condo/Co-op,10650 NE 9th Pl #1127,Bellevue,WA,98004,835000,1,1,Downtown,788,,2008,29,1060,1000,Active,,,https://www.redfin.com/WA/Bellevue/10650-NE-9th-Pl-98004/unit-1127/home/147290661,NWMLS as Distributed by MLS Grid,2222952,N,Y,47.6188605,-122.1976576
MLS Listing,,Condo/Co-op,1085 103rd Ave NE #526,Bellevue,WA,98004,659000,1,1,Downtown,659,,2018,34,1000,560,Active,May-18-2024 12:00 PM,May-18-2024 03:00 PM,https://www.redfin.com/WA/Bellevue/1085-103rd-Ave-NE-98004/unit-526/home/168852401,NWMLS as Distributed by MLS Grid,2222504,N,Y,47.6199682,-122.2033327
MLS Listing,,Condo/Co-op,1100 106th Ave NE #506,Bellevue,WA,98004,554950,1,1,Bellevue,847,,2002,35,655,904,Active,,,https://www.redfin.com/WA/Bellevue/1100-106th-Ave-NE-98004/unit-506/home/2076644,NWMLS as Distributed by MLS Grid,2217156,N,Y,47.6203603,-122.1987406
MLS Listing,,Condo/Co-op,321 Bellevue Way SE #102,Bellevue,WA,98004,475000,2,1,Downtown,896,40060,1969,35,530,826,Active,,,https://www.redfin.com/WA/Bellevue/321-Bellevue-Way-SE-98004/unit-102/home/190487949,NWMLS as Distributed by MLS Grid,2220207,N,Y,47.6074759,-122.2020615
PAST SALE,March-5-2013,Single Family Residential,1706 111th Ave NE,Bellevue,WA,98004,1999000,3,3,West Bellevue,2180,15249,1955,36,917,,Pending,,,https://www.redfin.com/WA/Bellevue/1706-111th-Ave-NE-98004/home/506417,NWMLS as Distributed by MLS Grid,2208164,N,Y,47.6250618,-122.1919993
MLS Listing,,Condo/Co-op,1100 106th Ave NE #803,Bellevue,WA,98004,775000,2,2,Downtown,1115,43078,2002,36,695,1196,Active,,,https://www.redfin.com/WA/Bellevue/1100-106th-Ave-NE-98004/unit-803/home/2074489,NWMLS as Distributed by MLS Grid,2221311,N,Y,47.6203603,-122.1987406
MLS Listing,,Single Family Residential,3822 92nd Ave NE,Yarrow Point,WA,98004,3900000,2,1,Yarrow Point,2270,21424,1948,41,1718,,Active,,,https://www.redfin.com/WA/Yarrow-Point/3822-92nd-Ave-NE-98004/home/250034,NWMLS as Distributed by MLS Grid,2211043,N,Y,47.6453073,-122.2170925
PAST SALE,April-18-2011,Single Family Residential,10425 NE 28th Pl,Bellevue,WA,98004,2170000,3,2.5,Downtown,1210,8910,1954,42,1793,,Pending,,,https://www.redfin.com/WA/Bellevue/10425-NE-28th-Pl-98004/home/506725,NWMLS as Distributed by MLS Grid,2169659,N,Y,47.6358057,-122.2000367
MLS Listing,,Single Family Residential,10239 NE 26th St,Bellevue,WA,98004,4366000,5,5,Clyde Hill,5010,12600,2015,43,871,,Active,May-19-2024 12:00 PM,May-19-2024 03:00 PM,https://www.redfin.com/WA/Bellevue/10239-NE-26th-St-98004/home/22699928,NWMLS as Distributed by MLS Grid,2214950,N,Y,47.6335329,-122.2036004
MLS Listing,,Single Family Residential,9831 NE 16th St,Bellevue,WA,98004,6500000,5,4.5,Clyde Hill,5602,10080,2013,43,1160,,Active,,,https://www.redfin.com/WA/Bellevue/9831-NE-16th-St-98004/home/506749,NWMLS as Distributed by MLS Grid,2206829,N,Y,47.6245236,-122.2085201
MLS Listing,,Single Family Residential,2003 92nd Ave NE,Clyde Hill,WA,98004,5533000,4,4.5,Clyde Hill,4584,18389,2006,43,1207,,Active,,,https://www.redfin.com/WA/Clyde-Hill/2003-92nd-Ave-NE-98004/home/252002,NWMLS as Distributed by MLS Grid,2217754,N,Y,47.6286012,-122.2182315
MLS Listing,,Condo/Co-op,838 103rd Ave NE #1806,Bellevue,WA,98004,3249000,2,2.5,Downtown,1748,,2023,44,1859,2222,Active,,,https://www.redfin.com/WA/Bellevue/838-103rd-Ave-NE-98004/unit-1806/home/184726270,NWMLS as Distributed by MLS Grid,2217002,N,Y,47.6186548,-122.203043
MLS Listing,,Single Family Residential,8830 NE 28th St,Clyde Hill,WA,98004,8688000,5,6,Clyde Hill,7058,28740,2023,45,1231,,Active,May-18-2024 01:00 PM,May-18-2024 04:00 PM,https://www.redfin.com/WA/Clyde-Hill/8830-NE-28th-St-98004/home/252966,NWMLS as Distributed by MLS Grid,2217274,N,Y,47.6357832,-122.2217332
MLS Listing,,Condo/Co-op,838 103rd Ave NE #803,Bellevue,WA,98004,1799000,1,1.5,Downtown,875,,2023,47,2056,1111,Active,,,https://www.redfin.com/WA/Bellevue/838-103rd-Ave-NE-98004/unit-803/home/184726218,NWMLS as Distributed by MLS Grid,2217004,N,Y,47.6186548,-122.203043
MLS Listing,,Condo/Co-op,889 103rd Ave NE #1505,Bellevue,WA,98004,1539000,1,1.5,Downtown,873,,2023,47,1763,996,Active,,,https://www.redfin.com/WA/Bellevue/889-103rd-Ave-NE-98004/unit-1505/home/184726237,NWMLS as Distributed by MLS Grid,2217003,N,Y,47.6187501,-122.2030413
MLS Listing,,Condo/Co-op,889 103rd Ave NE #2107,Bellevue,WA,98004,2469000,2,2,Downtown,1298,,2023,47,1902,1483,Active,,,https://www.redfin.com/WA/Bellevue/889-103rd-Ave-NE-98004/unit-2107/home/184726229,NWMLS as Distributed by MLS Grid,2217009,N,Y,47.6187501,-122.2030413
MLS Listing,,Condo/Co-op,889 103rd Ave NE #502,Bellevue,WA,98004,1279000,1,1,Downtown,745,,2023,47,1717,857,Active,,,https://www.redfin.com/WA/Bellevue/889-103rd-Ave-NE-98004/unit-502/home/184726261,NWMLS as Distributed by MLS Grid,2216993,N,Y,47.6187501,-122.2030413
MLS Listing,,Single Family Residential,19 94th Ave NE,Bellevue,WA,98004,3299950,4,3,Downtown,2660,9547,1968,48,1241,,Active,,,https://www.redfin.com/WA/Bellevue/19-94th-Ave-NE-98004/home/252432,NWMLS as Distributed by MLS Grid,2214439,N,Y,47.6159429,-122.2175298
PAST SALE,January-28-2021,Condo/Co-op,10700 NE 4th St #1708,Bellevue,WA,98004,765000,0,1,Downtown,809,,2008,49,946,668,Pending,,,https://www.redfin.com/WA/Bellevue/10700-NE-4th-St-98004/unit-1708/home/21883368,NWMLS as Distributed by MLS Grid,2212922,N,Y,47.6141801,-122.1977166
PAST SALE,,Condo/Co-op,650 Bellevue Way NE #3003,Bellevue,WA,98004,1425000,2,2,Downtown,1283,,2005,53,1111,1263,Pending,,,https://www.redfin.com/WA/Bellevue/650-Bellevue-Way-NE-98004/unit-3003/home/190571874,NWMLS as Distributed by MLS Grid,2207762,N,Y,47.6157995,-122.2008985
PAST SALE,December-1-1981,Single Family Residential,2810 108th Ave SE,Bellevue,WA,98004,3798000,5,4.5,Beaux Arts,4950,8114,2024,53,767,,Pending,,,https://www.redfin.com/WA/Bellevue/2810-108th-Ave-SE-98004/home/510887,NWMLS as Distributed by MLS Grid,2197061,N,Y,47.5851544,-122.196256
PAST SALE,November-9-2000,Condo/Co-op,1100 106th Ave NE #412,Bellevue,WA,98004,585000,1,1,Downtown,823,,2002,53,711,876,Pending,,,https://www.redfin.com/WA/Bellevue/1100-106th-Ave-NE-98004/unit-412/home/2087285,NWMLS as Distributed by MLS Grid,2207509,N,Y,47.6203603,-122.1987406
MLS Listing,,Condo/Co-op,150 102nd Ave SE #209,Bellevue,WA,98004,650000,1,1,Meydenbauer,785,,2006,55,828,755,Active,,,https://www.redfin.com/WA/Bellevue/150-102nd-Ave-SE-98004/unit-209/home/190264179,NWMLS as Distributed by MLS Grid,2212233,N,Y,47.608182,-122.2037537
MLS Listing,,Single Family Residential,8920 NE 10th St,Bellevue,WA,98004,4980000,4,3.5,West Bellevue,4480,16200,1998,55,1112,,Active,,,https://www.redfin.com/WA/Bellevue/8920-NE-10th-St-98004/home/250691,NWMLS as Distributed by MLS Grid,2212357,N,Y,47.619585,-122.2205115
MLS Listing,,Single Family Residential,3072 106th Ave SE,Bellevue,WA,98004,5190000,6,5.5,Enatai,5682,11200,2024,56,913,29,Active,May-18-2024 12:00 PM,May-18-2024 04:00 PM,https://www.redfin.com/WA/Bellevue/3072-106th-Ave-SE-98004/home/182036086,NWMLS as Distributed by MLS Grid,2203881,N,Y,47.582994,-122.198622
MLS Listing,,Condo/Co-op,10610 NE 9th Pl #1000,Bellevue,WA,98004,765000,1,1,Downtown,683,,2008,56,1120,702,Active,,,https://www.redfin.com/WA/Bellevue/10610-NE-9th-Pl-98004/unit-1000/home/18656989,NWMLS as Distributed by MLS Grid,2213494,N,Y,47.6186482,-122.1983422
MLS Listing,,Condo/Co-op,1085 103rd Ave NE #621,Bellevue,WA,98004,548000,1,1,Downtown,550,,2018,56,996,466,Active,,,https://www.redfin.com/WA/Bellevue/1085-103rd-Ave-NE-98004/unit-621/home/168852423,NWMLS as Distributed by MLS Grid,2212867,N,Y,47.6199682,-122.2033327
MLS Listing,,Condo/Co-op,177 107th Ave NE #815,Bellevue,WA,98004,900000,2,2,Downtown,1086,,1994,56,829,1184,Active,,,https://www.redfin.com/WA/Bellevue/177-107th-Ave-NE-98004/unit-815/home/69356,NWMLS as Distributed by MLS Grid,2210000,N,Y,47.6117895,-122.1982713
PAST SALE,,Single Family Residential,788 97th Ave NE,Bellevue,WA,98004,6030000,5,6,West Bellevue,5160,12148,2024,60,1169,100,Pending,,,https://www.redfin.com/WA/Bellevue/788-97th-Ave-NE-98004/home/181293906,NWMLS as Distributed by MLS Grid,2207308,N,Y,47.617122,-122.210722
MLS Listing,,Townhouse,11268 NE 13th Ln,Bellevue,WA,98004,2245000,3,3.5,Bellevue,2465,1461,2024,61,911,240,Active,May-18-2024 01:00 PM,May-18-2024 03:00 PM,https://www.redfin.com/WA/Bellevue/11268-NE-13th-St-98004/home/190191822,NWMLS as Distributed by MLS Grid,2211315,N,Y,47.62269842,-122.1905248
MLS Listing,,Condo/Co-op,177 107th Ave NE #2108,Bellevue,WA,98004,1149000,2,2,Downtown,1547,,1995,63,743,1713,Active,,,https://www.redfin.com/WA/Bellevue/177-107th-Ave-NE-98004/unit-2108/home/13683,NWMLS as Distributed by MLS Grid,2208923,N,Y,47.6117895,-122.1982713
MLS Listing,,Condo/Co-op,9921 Lake Washington Blvd NE,Bellevue,WA,98004,1950000,2,2,Downtown,2100,,1979,64,929,1087,Active,,,https://www.redfin.com/WA/Bellevue/9921-Lake-Washington-Blvd-NE-98004/home/70868,NWMLS as Distributed by MLS Grid,2209194,N,Y,47.610593,-122.2086842
PAST SALE,June-20-2018,Single Family Residential,1343 98th Ave NE,Clyde Hill,WA,98004,6400000,5,5.5,Clyde Hill,6310,12210,2009,65,1014,,Pending,,,https://www.redfin.com/WA/Bellevue/1343-98th-Ave-NE-98004/home/252467,NWMLS as Distributed by MLS Grid,2198560,N,Y,47.6226979,-122.2103169
MLS Listing,,Single Family Residential,2521 103rd Ave SE,Bellevue,WA,98004,9000000,2,2,Enatai,2150,21111,1942,67,4186,,Active,,,https://www.redfin.com/WA/Bellevue/2521-103rd-Ave-SE-98004/home/253801,NWMLS as Distributed by MLS Grid,2207350,N,Y,47.5874755,-122.2058512
MLS Listing,,Condo/Co-op,1085 103rd Ave NE #128,Bellevue,WA,98004,848000,2,2,Downtown,963,,2018,69,881,816,Active,,,https://www.redfin.com/WA/Bellevue/1085-103rd-Ave-NE-98004/unit-128/home/168852271,NWMLS as Distributed by MLS Grid,2204454,N,Y,47.6199682,-122.2033327
MLS Listing,,Condo/Co-op,118 NE 107th Ave Unit B109,Bellevue,WA,98004,499000,0,1,Downtown,514,,2000,70,971,280,Active,,,https://www.redfin.com/WA/Bellevue/118-107th-Ave-NE-98004/unit-B109/home/22695597,NWMLS as Distributed by MLS Grid,2207083,N,Y,47.6107189,-122.1971802
MLS Listing,,Single Family Residential,,Bellevue,WA,98004,14500000,4,4.5,,6290,8005,2001,72,2305,,Active,,,https://www.redfin.com/WA/Bellevue/Undisclosed-address-98004/home/190009778,NWMLS as Distributed by MLS Grid,2206038,N,Y,47.608427,-122.215705
PAST SALE,January-5-2015,Townhouse,10672 NE 9th Pl Unit TH18,Bellevue,WA,98004,1980000,2,3.5,Downtown,3456,,2008,73,573,3562,Pending,,,https://www.redfin.com/WA/Bellevue/10672-NE-9th-Pl-98004/unit-TH18/home/103951754,NWMLS as Distributed by MLS Grid,2197091,N,Y,47.61857,-122.198737
MLS Listing,,Condo/Co-op,10650 NE 9th Pl #821,Bellevue,WA,98004,829000,1,1,Downtown,846,,2008,74,980,822,Active,,,https://www.redfin.com/WA/Bellevue/10650-NE-9th-Pl-98004/unit-821/home/102839218,NWMLS as Distributed by MLS Grid,2205993,N,Y,47.6188605,-122.1976576
PAST SALE,January-30-2017,Condo/Co-op,10650 NE 9th Pl #423,Bellevue,WA,98004,1048000,2,1,Downtown,1238,,2008,77,847,1257,Pending,,,https://www.redfin.com/WA/Bellevue/10650-NE-9th-Pl-98004/unit-423/home/18657363,NWMLS as Distributed by MLS Grid,2201860,N,Y,47.6188605,-122.1976576
MLS Listing,,Condo/Co-op,10650 NE 9th Pl #2022,Bellevue,WA,98004,1769900,2,2,Downtown,1768,,2008,79,1001,1820,Active,,,https://www.redfin.com/WA/Bellevue/10650-NE-9th-Pl-98004/unit-2022/home/189917925,NWMLS as Distributed by MLS Grid,2203889,N,Y,47.6188605,-122.1976576
PAST SALE,October-5-2021,Condo/Co-op,650 Bellevue Way NE #2506,Bellevue,WA,98004,890000,1,1,Downtown,757,,2005,81,1176,745,Pending,,,https://www.redfin.com/WA/Bellevue/650-Bellevue-Way-NE-98004/unit-2506/home/2119311,NWMLS as Distributed by MLS Grid,2194113,N,Y,47.6157995,-122.2008985
MLS Listing,,Condo/Co-op,889 103rd Ave NE #410,Bellevue,WA,98004,999000,1,1,Downtown,638,,2024,82,1566,701,Active,,,https://www.redfin.com/WA/Bellevue/889-103rd-Ave-NE-98004/unit-410/home/189464861,NWMLS as Distributed by MLS Grid,2201141,N,Y,47.6183896,-122.2034236
PAST SALE,July-20-2016,Condo/Co-op,10650 NE 9th Pl #2420,Bellevue,WA,98004,1899800,2,2,Bellevue,1739,,2008,84,1092,1792,Pending,,,https://www.redfin.com/WA/Bellevue/10650-NE-9th-Pl-98004/unit-2420/home/77488952,NWMLS as Distributed by MLS Grid,2197395,N,Y,47.6188605,-122.1976576
MLS Listing,,Single Family Residential,8921 NE 33rd St,Yarrow Point,WA,98004,5990000,4,4.5,Yarrow Point,7220,17244,2012,85,830,,Active,May-18-2024 01:00 PM,May-18-2024 04:00 PM,https://www.redfin.com/WA/Yarrow-Point/8921-NE-33rd-St-98004/home/18658779,NWMLS as Distributed by MLS Grid,2202094,N,Y,47.6404523,-122.2204249
MLS Listing,,Townhouse,11223 NE 13th Ln,Bellevue,WA,98004,2395000,3,3.5,Bellevue,2465,1462,2024,91,972,240,Active,May-18-2024 01:00 PM,May-18-2024 03:00 PM,https://www.redfin.com/WA/Bellevue/11223-NE-13th-St-98004/home/189761651,NWMLS as Distributed by MLS Grid,2200547,N,Y,47.62281,-122.1908223
MLS Listing,,Single Family Residential,8910 NE 33rd St,Yarrow Point,WA,98004,6500000,5,5.5,Yarrow Point,6670,16481,2011,91,975,,Active,,,https://www.redfin.com/WA/Yarrow-Point/8910-NE-33rd-St-98004/home/249815,NWMLS as Distributed by MLS Grid,2167470,N,Y,47.6408505,-122.220929
PAST SALE,,Condo/Co-op,838 103rd Ave NE #2007,Bellevue,WA,98004,3849000,2,2,Downtown,1724,,2023,92,2233,2117,Pending,,,https://www.redfin.com/WA/Bellevue/838-103rd-Ave-NE-98004/unit-2007/home/184708120,NWMLS as Distributed by MLS Grid,2031867,N,Y,47.6186548,-122.203043
MLS Listing,,Vacant Land,,Clyde Hill,WA,98004,8500000,,,,,41997,,98,,,Active,,,https://www.redfin.com/WA/Clyde-Hill/Undisclosed-address-98004/home/189679349,NWMLS as Distributed by MLS Grid,2198369,N,Y,47.631931,-122.221026
MLS Listing,,Condo/Co-op,1100 106th Ave NE #306,Bellevue,WA,98004,545000,1,1,Downtown,847,43080,2002,98,643,904,Active,,,https://www.redfin.com/WA/Bellevue/1100-106th-Ave-NE-98004/unit-306/home/2070076,NWMLS as Distributed by MLS Grid,2195192,N,Y,47.6203603,-122.1987406
MLS Listing,,Condo/Co-op,10610 NE 9th Pl #400,Bellevue,WA,98004,1015000,1,1,Downtown,1037,,2008,104,979,1067,Active,,,https://www.redfin.com/WA/Bellevue/10610-NE-9th-Pl-98004/unit-400/home/18657081,NWMLS as Distributed by MLS Grid,2195089,N,Y,47.6186482,-122.1983422
MLS Listing,,Condo/Co-op,1100 106th Ave NE #903,Bellevue,WA,98004,1688800,2,2.5,Downtown,2059,43250,2002,108,820,2212,Active,,,https://www.redfin.com/WA/Bellevue/1100-106th-Ave-NE-98004/unit-903/home/2096750,NWMLS as Distributed by MLS Grid,2194780,N,Y,47.6203603,-122.1987406
MLS Listing,,Condo/Co-op,177 107th Ave NE #1905,Bellevue,WA,98004,1336000,3,2.5,Downtown,1709,,1994,112,782,1889,Active,,,https://www.redfin.com/WA/Bellevue/177-107th-Ave-NE-98004/unit-1905/home/54438,NWMLS as Distributed by MLS Grid,2194125,N,Y,47.6117895,-122.1982713
MLS Listing,,Condo/Co-op,10610 NE 9th Pl #1708,Bellevue,WA,98004,775000,1,1.5,Downtown,808,,2008,114,959,834,Active,,,https://www.redfin.com/WA/Bellevue/10610-NE-9th-Pl-98004/unit-1708/home/190381648,NWMLS as Distributed by MLS Grid,2193276,N,Y,47.6186482,-122.1983422
MLS Listing,,Single Family Residential,2518 88th Ave NE,Clyde Hill,WA,98004,4880000,5,4.5,Bellevue,4250,19682,1967,115,1148,,Active,,,https://www.redfin.com/WA/Clyde-Hill/2518-88th-Ave-NE-98004/home/250605,NWMLS as Distributed by MLS Grid,2192613,N,Y,47.633372,-122.222105
MLS Listing,,Condo/Co-op,1085 103rd Ave NE #316,Bellevue,WA,98004,538000,1,1,Downtown,577,,2018,136,932,484,Active,,,https://www.redfin.com/WA/Bellevue/1085-103rd-Ave-NE-98004/unit-316/home/168852336,NWMLS as Distributed by MLS Grid,2185945,N,Y,47.6199682,-122.2033327
MLS Listing,,Single Family Residential,2320 85th Pl NE,Clyde Hill,WA,98004,6988000,5,5.5,Clyde Hill,5180,21477,2021,148,1349,,Active,May-18-2024 12:00 PM,May-18-2024 02:00 PM,https://www.redfin.com/WA/Clyde-Hill/2320-85th-Pl-NE-98004/home/251664,NWMLS as Distributed by MLS Grid,2186626,N,Y,47.6316604,-122.2266197
PAST SALE,July-22-2021,Single Family Residential,10211 NE 24th St,Bellevue,WA,98004,4299950,5,4.5,Clyde Hill,4830,8442,2021,164,890,,Pending,,,https://www.redfin.com/WA/Bellevue/10211-NE-24th-St-98004/home/506309,NWMLS as Distributed by MLS Grid,2183100,N,Y,47.6317462,-122.2045223
MLS Listing,,Vacant Land,11410 NE 20th St,Bellevue,WA,98004,990000,,,Bellevue,,6715,,170,,,Active,,,https://www.redfin.com/WA/Bellevue/11410-NE-20th-St-98004/home/507417,NWMLS as Distributed by MLS Grid,2182329,N,Y,47.628074,-122.187507
MLS Listing,,Vacant Land,903 Shoreland Dr SE,Bellevue,WA,98004,10687000,,,Meydenbauer,,36243,,192,,,Active,,,https://www.redfin.com/WA/Bellevue/903-Shoreland-Dr-SE-98004/home/253570,NWMLS as Distributed by MLS Grid,2178044,N,Y,47.6019784,-122.2139138
MLS Listing,,Single Family Residential,9235 NE 1st St,Bellevue,WA,98004,4495000,5,4.5,Meydenbauer,3850,9518,1976,202,1168,,Active,,,https://www.redfin.com/WA/Bellevue/9235-NE-1st-St-98004/home/252433,NWMLS as Distributed by MLS Grid,2169831,N,Y,47.6160427,-122.2172121
MLS Listing,,Condo/Co-op,889 103rd Ave NE #1008,Bellevue,WA,98004,999000,1,1,Downtown,570,,2023,210,1753,649,Active,,,https://www.redfin.com/WA/Bellevue/889-103rd-Ave-NE-98004/unit-1008/home/188118161,NWMLS as Distributed by MLS Grid,2173058,N,Y,47.6187501,-122.2030413
MLS Listing,,Condo/Co-op,177 107th Ave NE #1708,Bellevue,WA,98004,1169000,2,2,Bellevue,1547,,1994,226,756,1713,Active,,,https://www.redfin.com/WA/Bellevue/177-107th-Ave-NE-98004/unit-1708/home/19030,NWMLS as Distributed by MLS Grid,2163813,N,Y,47.6117895,-122.1982713
MLS Listing,,Single Family Residential,7072023 RES Undisclosed,Hunts Point,WA,98004,23725000,5,5.5,Hunts Point,5540,33452,1980,260,4282,,Active,,,https://www.redfin.com/WA/Hunts-Point/7072023-RES-Undisclosed-98004/home/186035450,NWMLS as Distributed by MLS Grid,2156530,N,Y,47.639061,-122.226142
MLS Listing,,Single Family Residential,3639 Hunts Point Rd,Hunts Point,WA,98004,34998000,5,3.5,Hunts Point,7140,80931,1947,261,4902,,Active,,,https://www.redfin.com/WA/Hunts-Point/3639-Hunts-Point-Rd-98004/home/250146,NWMLS as Distributed by MLS Grid,2155471,N,Y,47.6439406,-122.2319506
MLS Listing,,Single Family Residential,16 Enatai Dr,Bellevue,WA,98004,11875000,3,5,Enatai,5740,17396,1999,294,2069,,Active,,,https://www.redfin.com/WA/Bellevue/16-Enatai-Dr-98004/home/253466,NWMLS as Distributed by MLS Grid,2143923,N,Y,47.5819861,-122.2023381
MLS Listing,,Single Family Residential,,Hunts Point,WA,98004,70000000,5,8,,17599,187434,1995,309,3977,,Active,,,https://www.redfin.com/WA/Hunts-Point/Undisclosed-address-98004/home/186088549,NWMLS as Distributed by MLS Grid,2137083,N,Y,47.636048,-122.227067
MLS Listing,,Single Family Residential,2827 88th Ave NE,Bellevue,WA,98004,2895000,5,4,Hunts Point,4290,31422,1979,393,675,,Active,,,https://www.redfin.com/WA/Bellevue/2827-88th-Ave-NE-98004/home/251821,NWMLS as Distributed by MLS Grid,2057308,N,Y,47.6366041,-122.2235498
