SALE TYPE,SOLD DATE,PROPERTY TYPE,ADDRESS,CITY,STATE OR PROVINCE,ZIP OR POSTAL CODE,PRICE,BEDS,BATHS,LOCATION,SQUARE FEET,LOT SIZE,YEAR BUILT,DAYS ON MARKET,$/SQUARE FEET,HOA/MONTH,STATUS,NEXT OPEN HOUSE START TIME,NEXT OPEN HOUSE END TIME,URL (SEE https://www.redfin.com/buy-a-home/comparative-market-analysis FOR INFO ON PRICING),SOURCE,MLS#,FAVORITE,INTERESTED,LATITUDE,LONGITUDE
"In accordance with local MLS rules, some MLS listings are not included in the download",,,,,,,,,,,,,,,,,,,,,,,,,,
PAST SALE,July-19-2021,Condo/Co-op,23601 112th Ave SE Unit A104,Kent,WA,98031,369950,3,2,Kent,1170,1,1978,29,316,542,Pending,,,https://www.redfin.com/WA/Kent/23601-112th-Ave-SE-98031/unit-A-104/home/143300836,NWMLS as Distributed by MLS Grid,2216596,N,Y,47.3900934,-122.1921612
PAST SALE,April-9-2020,Single Family Residential,12312 SE 237th Pl,Kent,WA,98031,899950,4,2.5,Kent,2720,8699,1990,32,331,,Pending,,,https://www.redfin.com/WA/Kent/12312-SE-237th-Pl-98031/home/220041,NWMLS as Distributed by MLS Grid,2218777,N,Y,47.389423,-122.1780763
PAST SALE,October-27-1998,Single Family Residential,20435 105th Ave SE,Kent,WA,98031,749900,4,2.5,Kent,1770,7569,1998,33,424,,Pending,,,https://www.redfin.com/WA/Kent/20435-105th-Ave-SE-98031/home/386219,NWMLS as Distributed by MLS Grid,2215890,N,Y,47.4184447,-122.2013163
MLS Listing,,Single Family Residential,12367 SE 214th St,Kent,WA,98031,674950,4,2.5,East Hill,2031,6885,1974,1,332,,Active,,,https://www.redfin.com/WA/Kent/12367-SE-214th-St-98031/home/221698,NWMLS as Distributed by MLS Grid,2237636,N,Y,47.4101681,-122.176642
MLS Listing,,Single Family Residential,11214 SE 234th Pl,Kent,WA,98031,500000,3,2,Kent,2190,8139,1979,1,228,,Active,,,https://www.redfin.com/WA/Kent/11214-SE-234th-Pl-98031/home/223199,NWMLS as Distributed by MLS Grid,2237808,N,Y,47.3922605,-122.1900068
MLS Listing,,Single Family Residential,12720 SE 237th Pl,Kent,WA,98031,739950,4,2.5,East Hill,1910,9882,1992,1,387,13,Active,May-18-2024 12:00 PM,May-18-2024 03:00 PM,https://www.redfin.com/WA/Kent/12720-SE-237th-Pl-98031/home/220705,NWMLS as Distributed by MLS Grid,2238261,N,Y,47.3893409,-122.1716173
MLS Listing,,Single Family Residential,21630 140th Pl SE,Kent,WA,98031,719950,4,2,East Hill,2317,11201,1962,1,311,,Active,May-18-2024 11:00 AM,May-18-2024 01:00 PM,https://www.redfin.com/WA/Kent/21630-104th-Pl-SE-98031/home/387468,NWMLS as Distributed by MLS Grid,2237136,N,Y,47.4077478,-122.2011908
MLS Listing,,Single Family Residential,12317 SE 223rd Dr,Kent,WA,98031,490000,2,2,East Hill,1070,7210,1981,1,458,,Active,May-17-2024 04:00 PM,May-17-2024 06:00 PM,https://www.redfin.com/WA/Kent/12317-SE-223rd-Dr-98031/home/221467,NWMLS as Distributed by MLS Grid,2234615,N,Y,47.4025556,-122.1764594
PAST SALE,June-17-2019,Mobile/Manufactured Home,11436 SE 208th #186,Kent,WA,98031,155000,2,2,Kentridge,1248,,1985,1,124,,Pending,,,https://www.redfin.com/WA/Kent/11436-SE-208th-St-98031/unit-186/home/58563209,NWMLS as Distributed by MLS Grid,2223253,N,Y,47.4176154,-122.1892465
PAST SALE,January-11-2016,Single Family Residential,20345 105th Ct SE,Kent,WA,98031,799000,4,2.5,Panther Lake,3100,4657,2009,1,258,,Pending,,,https://www.redfin.com/WA/Kent/20345-105th-Ct-SE-98031/home/22229813,NWMLS as Distributed by MLS Grid,2226069,N,Y,47.4199616,-122.201099
PAST SALE,June-26-2002,Single Family Residential,20409 121st Way SE,Kent,WA,98031,750000,5,3,East Hill,2190,6335,1995,1,342,,Pending,,,https://www.redfin.com/WA/Kent/20409-121st-Way-SE-98031/home/223313,NWMLS as Distributed by MLS Grid,2231589,N,Y,47.4191271,-122.1803937
MLS Listing,,Condo/Co-op,23501 112th Ave SE Unit H106,Kent,WA,98031,465000,3,2.5,East Hill,1508,,1991,1,308,449,Active,May-18-2024 12:00 PM,May-18-2024 02:00 PM,https://www.redfin.com/WA/Kent/23501-112th-Ave-SE-98031/unit-H106/home/59096,NWMLS as Distributed by MLS Grid,2236580,N,Y,47.3907418,-122.1938983
PAST SALE,,Townhouse,10925 SE 208th St #20845,Kent,WA,98031,375000,3,1.5,East Hill,1290,,1984,2,291,271,Pending,,,https://www.redfin.com/WA/Kent/10925-SE-208th-St-98031/unit-20845/home/190722920,NWMLS as Distributed by MLS Grid,2234387,N,Y,47.4150528,-122.1948786
PAST SALE,September-2-2015,Single Family Residential,23026 129th Ave SE,Kent,WA,98031,650000,4,2.5,East Hill,2050,7920,1988,2,317,,Pending,,,https://www.redfin.com/WA/Kent/23026-129th-Ave-SE-98031/home/221234,NWMLS as Distributed by MLS Grid,2232690,N,Y,47.3961196,-122.1683356
MLS Listing,,Single Family Residential,11224 SE 220th Pl,Kent,WA,98031,779500,3,2.5,East Hill,2090,15415,1992,2,373,,Active,May-18-2024 12:00 PM,May-18-2024 04:00 PM,https://www.redfin.com/WA/Kent/11224-SE-220th-Pl-98031/home/224471,NWMLS as Distributed by MLS Grid,2237405,N,Y,47.4048595,-122.1908448
PAST SALE,June-25-2007,Single Family Residential,20253 103rd Pl SE,Kent,WA,98031,545000,3,2,East Hill,1460,9819,1981,3,373,,Pending,,,https://www.redfin.com/WA/Kent/20253-103rd-Pl-SE-98031/home/386793,NWMLS as Distributed by MLS Grid,2234296,N,Y,47.4197264,-122.2032382
PAST SALE,August-11-2008,Condo/Co-op,23511 102nd Ave SE Unit D104,Kent,WA,98031,289950,2,2,East Hill,982,,1981,3,295,423,Pending,,,https://www.redfin.com/WA/Kent/23511-102nd-Ave-SE-98031/unit-D104/home/43307,NWMLS as Distributed by MLS Grid,2229622,N,Y,47.3913668,-122.2052072
PAST SALE,May-26-2004,Single Family Residential,11033 SE 225th St,Kent,WA,98031,365000,3,1,Kent,880,7319,1976,3,415,,Pending,,,https://www.redfin.com/WA/Kent/11033-SE-225th-St-98031/home/226356,NWMLS as Distributed by MLS Grid,2230189,N,Y,47.3996569,-122.1931732
PAST SALE,March-20-2018,Single Family Residential,21219 102nd Ave SE,Kent,WA,98031,675000,4,2.5,Kent,1740,9670,1967,3,388,,Pending,,,https://www.redfin.com/WA/Kent/21219-102nd-Ave-SE-98031/home/385607,NWMLS as Distributed by MLS Grid,2229799,N,Y,47.4117451,-122.205287
PAST SALE,,Single Family Residential,22059 93rd Ave S,Kent,WA,98031,605000,2,2,Kent,1100,47044,1978,4,550,,Pending,,,https://www.redfin.com/WA/Kent/22059-93rd-Ave-S-98031/home/385868,NWMLS as Distributed by MLS Grid,2231290,N,Y,47.4033153,-122.2170775
PAST SALE,September-28-2017,Single Family Residential,22916 127th Ave SE,Kent,WA,98031,725000,5,3,Kent,2280,7442,1995,4,318,14,Pending,,,https://www.redfin.com/WA/Kent/22916-127th-Ave-SE-98031/home/224507,NWMLS as Distributed by MLS Grid,2230726,N,Y,47.3972101,-122.1709603
PAST SALE,December-13-1988,Single Family Residential,23107 128th Pl SE,Kent,WA,98031,650000,4,2.5,Kent,1720,7245,1980,4,378,,Pending,,,https://www.redfin.com/WA/Kent/23107-128th-Pl-SE-98031/home/221407,NWMLS as Distributed by MLS Grid,2227103,N,Y,47.3956926,-122.170368
PAST SALE,July-26-1989,Single Family Residential,22829 129th Ave SE,Kent,WA,98031,725000,4,2.5,East Hill,2040,8120,1984,4,355,,Pending,,,https://www.redfin.com/WA/Kent/22829-129th-Ave-SE-98031/home/222158,NWMLS as Distributed by MLS Grid,2226572,N,Y,47.3970127,-122.1688729
PAST SALE,July-9-2019,Single Family Residential,23632 128th Ave SE,Kent,WA,98031,588000,3,2,Kent,1640,6600,1976,4,359,,Pending,,,https://www.redfin.com/WA/Kent/23632-128th-Ave-SE-98031/home/222211,NWMLS as Distributed by MLS Grid,2231072,N,Y,47.3896409,-122.1699745
MLS Listing,,Single Family Residential,10434 SE 211th St,Kent,WA,98031,660000,3,1,Kent,1970,14800,1958,4,335,,Active,May-18-2024 02:00 PM,May-18-2024 04:00 PM,https://www.redfin.com/WA/Kent/10434-SE-211th-St-98031/home/387394,NWMLS as Distributed by MLS Grid,2217990,N,Y,47.4135079,-122.2008911
MLS Listing,,Condo/Co-op,23828 102nd Ave SE Unit A-1,Kent,WA,98031,289950,2,2,East Hill,980,,1979,4,296,399,Active,,,https://www.redfin.com/WA/Kent/23828-102nd-Ave-SE-98031/unit-A1/home/53652,NWMLS as Distributed by MLS Grid,2235545,N,Y,47.3889814,-122.2041738
PAST SALE,,Single Family Residential,23506 92nd Ave S,Kent,WA,98031,759000,4,3,Kent,2030,55756,1984,5,374,,Pending,,,https://www.redfin.com/WA/Kent/23506-92nd-Ave-S-98031/home/385920,NWMLS as Distributed by MLS Grid,2225084,N,Y,47.3911832,-122.2171887
PAST SALE,May-16-1990,Single Family Residential,735 Alvord Ave N,Kent,WA,98031,729000,4,3,East Hill,2500,9360,1965,5,292,,Pending,,,https://www.redfin.com/WA/Kent/735-Alvord-Ave-N-98031/home/396866,NWMLS as Distributed by MLS Grid,2229174,N,Y,47.3877422,-122.2204158
PAST SALE,April-30-2003,Single Family Residential,21457 130th Ave SE,Kent,WA,98031,1249950,4,2.5,Kentridge,3563,68071,2004,5,351,,Pending,,,https://www.redfin.com/WA/Kent/21457-130th-Ave-SE-98031/home/17073504,NWMLS as Distributed by MLS Grid,2215112,N,Y,47.4079317,-122.1682068
PAST SALE,December-8-1989,Single Family Residential,10220 SE 228th St,Kent,WA,98031,618980,3,2.5,East Hill,1860,7920,1984,5,333,,Pending,,,https://www.redfin.com/WA/Kent/10220-SE-228th-St-98031/home/387320,NWMLS as Distributed by MLS Grid,2228598,N,Y,47.3976437,-122.2037982
PAST SALE,March-7-2005,Mobile/Manufactured Home,22615 114th Ave SE,Kent,WA,98031,225000,2,2,East Hill,1160,5073,1976,6,194,17,Pending,,,https://www.redfin.com/WA/Kent/22615-114th-Ave-SE-98031/home/2068906,NWMLS as Distributed by MLS Grid,2231915,N,Y,47.3991474,-122.1893662
PAST SALE,February-16-2023,Single Family Residential,22245 98th Pl S,Kent,WA,98031,690000,4,2.5,East Hill,1910,8592,1996,6,361,,Pending,,,https://www.redfin.com/WA/Kent/22245-98th-Pl-S-98031/home/386369,NWMLS as Distributed by MLS Grid,2221903,N,Y,47.4017833,-122.2094731
PAST SALE,,Vacant Land,101 xx SE 200th St,Kent,WA,98031,240000,,,Panther Lake,,10743,,6,,,Pending,,,https://www.redfin.com/WA/Kent/101-xx-SE-200th-St-98031/home/190611274,NWMLS as Distributed by MLS Grid,2229369,N,Y,47.422472,-122.205936
PAST SALE,,Single Family Residential,19225 112th Pl SE #48,Kent,WA,98031,869900,3,2.5,Soos Creek,2112,3419,2024,6,412,142,Pending,,,https://www.redfin.com/WA/Kent/19225-112th-PL-SE-98031/unit-48/home/189760334,NWMLS as Distributed by MLS Grid,2199763,N,Y,47.429921,-122.191765
MLS Listing,,Single Family Residential,22212 92nd Ave S,Kent,WA,98031,995000,6,4,East Hill,3590,5947,2015,6,277,,Active,,,https://www.redfin.com/WA/Kent/22212-92nd-Ave-S-98031/home/189753006,NWMLS as Distributed by MLS Grid,2231519,N,Y,47.4028511,-122.2177417
MLS Listing,,Single Family Residential,20845 102nd Ave SE,Kent,WA,98031,689950,3,2,East Hill,1340,9750,1965,7,515,,Active,,,https://www.redfin.com/WA/Kent/20845-102nd-Ave-SE-98031/home/387898,NWMLS as Distributed by MLS Grid,2233645,N,Y,47.414547,-122.2055905
PAST SALE,October-14-2022,Single Family Residential,20418 123rd Ct SE,Kent,WA,98031,774900,3,3,East Hill,2950,8149,1989,7,263,,Pending,,,https://www.redfin.com/WA/Kent/20418-123rd-Ct-SE-98031/home/224980,NWMLS as Distributed by MLS Grid,2221985,N,Y,47.4186896,-122.1786638
PAST SALE,October-23-1998,Single Family Residential,21417 122nd Pl SE,Kent,WA,98031,649999,4,3,East Hill,2150,7416,1974,7,302,,Pending,,,https://www.redfin.com/WA/Kent/21417-122nd-Pl-SE-98031/home/225914,NWMLS as Distributed by MLS Grid,2229711,N,Y,47.4098027,-122.1784763
MLS Listing,,Single Family Residential,22600 108th Ave SE,Kent,WA,98031,600000,3,1,East Hill,1250,8050,1965,7,480,,Active,,,https://www.redfin.com/WA/Kent/22600-108th-Ave-SE-98031/home/223957,NWMLS as Distributed by MLS Grid,2235572,N,Y,47.3987094,-122.1974223
PAST SALE,,Single Family Residential,12428 SE 203rd St,Kent,WA,98031,794950,5,3,East Hill,2319,4322,2024,8,343,90,Pending,,,https://www.redfin.com/WA/Kent/12428-SE-203rd-St-98031/home/190608721,NWMLS as Distributed by MLS Grid,2229262,N,Y,47.4213215,-122.1759721
MLS Listing,,Single Family Residential,20537 122nd Pl SE,Kent,WA,98031,835000,4,2.5,Benson Hill,2490,17613,1967,8,335,,Active,,,https://www.redfin.com/WA/Kent/20537-122nd-Pl-SE-98031/home/220260,NWMLS as Distributed by MLS Grid,2229477,N,Y,47.4173127,-122.1797945
PAST SALE,February-25-2011,Single Family Residential,21208 122nd Pl SE,Kent,WA,98031,525000,3,1,Kent,1010,7140,1972,9,520,,Pending,,,https://www.redfin.com/WA/Kent/21208-122nd-Pl-SE-98031/home/221210,NWMLS as Distributed by MLS Grid,2233277,N,Y,47.4113574,-122.1778649
PAST SALE,September-10-2010,Single Family Residential,20264 111th Way SE,Kent,WA,98031,739950,4,2.5,Panther Lake,2292,3600,2009,10,323,47,Pending,,,https://www.redfin.com/WA/Kent/20264-111th-Way-SE-98031/home/12306057,NWMLS as Distributed by MLS Grid,2230479,N,Y,47.4205234,-122.1914302
MLS Listing,,Single Family Residential,21819 100th Ave SE,Kent,WA,98031,1100000,4,3.5,Kent,3940,81457,1967,10,279,,Active,,,https://www.redfin.com/WA/Kent/21819-100th-Ave-SE-98031/home/386346,NWMLS as Distributed by MLS Grid,2231677,N,Y,47.4063225,-122.2078709
PAST SALE,June-5-2018,Single Family Residential,20530 97th Ave S,Kent,WA,98031,868000,4,2.5,East Hill,2870,9175,1988,11,302,22,Pending,,,https://www.redfin.com/WA/Kent/20530-97th-Ave-S-98031/home/385770,NWMLS as Distributed by MLS Grid,2222858,N,Y,47.418144,-122.2102856
PAST SALE,,Single Family Residential,12420 SE 203rd St,Kent,WA,98031,794950,5,3,East Hill,2319,4776,2024,12,343,90,Pending,,,https://www.redfin.com/WA/Kent/12420-SE-203rd-St-98031/home/190608692,NWMLS as Distributed by MLS Grid,2229254,N,Y,47.4213215,-122.1759721
MLS Listing,,Single Family Residential,19227 112th Ave SE #7,Kent,WA,98031,906900,4,3,Soos Creek,2506,3200,2024,13,362,142,Active,May-17-2024 11:00 AM,May-17-2024 04:00 PM,https://www.redfin.com/WA/Kent/19227-112th-AVE-SE-98031/unit-7/home/190687118,NWMLS as Distributed by MLS Grid,2232779,N,Y,47.429599,-122.192747
MLS Listing,,Single Family Residential,11515 SE 236th St #23,Kent,WA,98031,921900,5,3,East Hill,2710,3662,2024,13,340,139,Active,May-18-2024 10:30 AM,May-18-2024 05:30 PM,https://www.redfin.com/WA/Kent/11515-SE-236th-St-98031/unit-23/home/190685931,NWMLS as Distributed by MLS Grid,2230623,N,Y,47.3899388,-122.1872073
MLS Listing,,Single Family Residential,20285 111th Way SE,Kent,WA,98031,850000,5,3,Kent,2690,3926,2007,13,316,45,Active,,,https://www.redfin.com/WA/Kent/20285-111th-Way-SE-98031/home/12307238,NWMLS as Distributed by MLS Grid,2227929,N,Y,47.4202198,-122.1920064
MLS Listing,,Condo/Co-op,11130 SE 208th St Unit N202,Kent,WA,98031,389976,2,2,Kent,1024,,1997,14,381,524,Active,,,https://www.redfin.com/WA/Kent/11130-SE-208th-St-98031/unit-N202/home/13638,NWMLS as Distributed by MLS Grid,2231332,N,Y,47.4166472,-122.1923099
MLS Listing,,Single Family Residential,21421 116th Pl SE,Kent,WA,98031,899950,4,2.5,East Hill,2418,3828,2024,14,372,188,Active,,,https://www.redfin.com/WA/Kent/21421-116th-Pl-SE-98031/home/190672326,NWMLS as Distributed by MLS Grid,2230499,N,Y,47.3998935,-122.1860245
MLS Listing,,Single Family Residential,21915 99th Pl S,Kent,WA,98031,1470000,4,2,Kent,3106,84942,2020,14,473,,Active,,,https://www.redfin.com/WA/Kent/21915-99th-Pl-S-98031/home/22537694,NWMLS as Distributed by MLS Grid,2232037,N,Y,47.406134,-122.2081661
MLS Listing,,Single Family Residential,11902 SE 209th Pl,Kent,WA,98031,750000,5,3,Kent,3080,9881,1975,15,244,,Active,,,https://www.redfin.com/WA/Kent/11902-SE-209th-Pl-98031/home/225071,NWMLS as Distributed by MLS Grid,2223475,N,Y,47.4148171,-122.1824552
PAST SALE,,Single Family Residential,11503 SE 236th St #20,Kent,WA,98031,894900,4,2.5,East Hill,2402,3889,2024,17,373,139,Pending,,,https://www.redfin.com/WA/Kent/11503-SE-236th-St-98031/unit-20/home/190223871,NWMLS as Distributed by MLS Grid,2212529,N,Y,47.3900393,-122.1879258
PAST SALE,,Single Family Residential,20508 97th Ave S,Kent,WA,98031,799950,4,2.5,East Hill,2820,8947,1989,17,284,22,Pending,,,https://www.redfin.com/WA/Kent/20508-97th-Ave-S-98031/home/386970,NWMLS as Distributed by MLS Grid,2223680,N,Y,47.4188769,-122.2107337
PAST SALE,,Single Family Residential,19232 112th Pl SE #28,Kent,WA,98031,859900,3,2.5,Soos Creek,2112,3490,2024,17,407,142,Pending,,,https://www.redfin.com/WA/Kent/19232-112th-PL-SE-98031/unit-28/home/190051845,NWMLS as Distributed by MLS Grid,2206904,N,Y,47.429574,-122.191014
PAST SALE,April-30-2024,Multi-Family (2-4 Unit),758 N Woodford Ave,Kent,WA,98031,890000,5,4,Downtown Kent,2360,7971,1955,19,377,,Pending,,,https://www.redfin.com/WA/Kent/758-Woodford-Ave-N-98031/home/397831,NWMLS as Distributed by MLS Grid,2202141,N,Y,47.3882686,-122.2282889
MLS Listing,,Condo/Co-op,11130 SE 208th St Unit G103,Kent,WA,98031,299999,1,1,Panther Lake,770,,1997,20,390,395,Active,,,https://www.redfin.com/WA/Kent/11130-SE-208th-St-98031/unit-G103/home/58277,NWMLS as Distributed by MLS Grid,2213829,N,Y,47.4166472,-122.1923099
PAST SALE,August-9-2006,Condo/Co-op,10825 SE 200th St Unit F203,Kent,WA,98031,300000,2,1,Kent,891,,1999,20,337,441,Pending,,,https://www.redfin.com/WA/Kent/10825-SE-200th-St-98031/unit-F203/home/22123,NWMLS as Distributed by MLS Grid,2194078,N,Y,47.4226096,-122.196054
MLS Listing,,Townhouse,22328 88th Way S Unit D103,Kent,WA,98031,539999,2,2.5,East Hill,1332,,2020,20,405,355,Active,,,https://www.redfin.com/WA/Kent/22328-88th-Way-S-98031/unit-D103/home/174072589,NWMLS as Distributed by MLS Grid,2228818,N,Y,47.4021837,-122.2201246
MLS Listing,,Single Family Residential,12424 SE 203rd St,Kent,WA,98031,729950,4,2.5,East Hill,1888,3920,2024,20,387,90,Active,,,https://www.redfin.com/WA/Kent/12424-SE-203rd-St-98031/home/190608709,NWMLS as Distributed by MLS Grid,2229257,N,Y,47.4213215,-122.1759721
MLS Listing,,Single Family Residential,19407 115 Pl SE,Kent,WA,98031,799000,4,2.5,East Hill,1920,3256,2010,21,416,31,Active,,,https://www.redfin.com/WA/Kent/19407-115th-Pl-SE-98031/home/22525075,NWMLS as Distributed by MLS Grid,2227814,N,Y,47.4281942,-122.1873584
MLS Listing,,Single Family Residential,21339 125th Ave SE,Kent,WA,98031,809500,5,2,East Hill,1840,7245,1974,21,440,,Active,,,https://www.redfin.com/WA/Kent/21339-125th-Ave-SE-98031/home/222954,NWMLS as Distributed by MLS Grid,2228234,N,Y,47.4099163,-122.1750231
MLS Listing,,Single Family Residential,23806 115th Pl SE,Kent,WA,98031,799950,3,2.5,Kent,2065,5266,2020,21,387,117,Active,,,https://www.redfin.com/WA/Kent/23806-115th-Pl-SE-98031/home/172704720,NWMLS as Distributed by MLS Grid,2224877,N,Y,47.3881496,-122.1873115
MLS Listing,,Single Family Residential,10615 SE 200th St,Kent,WA,98031,1899950,4,2,East Hill,2380,89613,1959,21,798,,Active,,,https://www.redfin.com/WA/Kent/10615-SE-200th-St-98031/home/387656,NWMLS as Distributed by MLS Grid,2226118,N,Y,47.4221934,-122.1992822
PAST SALE,,Single Family Residential,22222 100th Ave SE,Kent,WA,98031,2500000,3,1,Kent,1760,193406,1948,22,1420,,Pending,,,https://www.redfin.com/WA/Kent/22222-100th-Ave-SE-98031/home/190392498,NWMLS as Distributed by MLS Grid,2210170,N,Y,47.4025466,-122.2069056
PAST SALE,July-23-2015,Single Family Residential,924 Valley Pl,Kent,WA,98031,615000,3,2.5,East Hill,2100,9000,1966,22,293,,Pending,,,https://www.redfin.com/WA/Kent/924-Valley-Pl-98031/home/396593,NWMLS as Distributed by MLS Grid,2224745,N,Y,47.3891141,-122.2219515
PAST SALE,November-18-2022,Single Family Residential,10217 SE 237th St,Kent,WA,98031,650000,3,2.5,East Hill,2412,2349,2007,23,269,201,Pending,,,https://www.redfin.com/WA/Kent/10217-SE-237th-St-98031/home/12317668,NWMLS as Distributed by MLS Grid,2212151,N,Y,47.38956,-122.2041851
PAST SALE,May-25-2006,Vacant Land,22315 108th Ave SE,Kent,WA,98031,1200000,,,Garrison Creek,,148267,,24,,,Pending,,,https://www.redfin.com/WA/Kent/22315-108-Ave-98031/home/386202,NWMLS as Distributed by MLS Grid,2159507,N,Y,47.4024133,-122.1986428
MLS Listing,,Single Family Residential,11601 SE 228th Pl,Kent,WA,98031,725000,3,3,Kent,2100,8268,1989,24,345,6,Active,May-16-2024 04:00 PM,May-16-2024 06:00 PM,https://www.redfin.com/WA/Kent/11601-SE-228th-Pl-98031/home/223576,NWMLS as Distributed by MLS Grid,2218206,N,Y,47.3969843,-122.1864864
MLS Listing,,Single Family Residential,22841 103rd Ave SE,Kent,WA,98031,695000,5,2.5,East Hill,2280,9669,1987,26,305,,Active,,,https://www.redfin.com/WA/Kent/22841-103rd-Ave-SE-98031/home/386962,NWMLS as Distributed by MLS Grid,2226158,N,Y,47.3961517,-122.2035308
MLS Listing,,Mobile/Manufactured Home,11436 SE 208th St #15,Kent,WA,98031,255000,2,2,Benson Hill,1566,,2023,26,163,,Active,,,https://www.redfin.com/WA/Kent/11436-SE-208th-St-98031/unit-15/home/18964774,NWMLS as Distributed by MLS Grid,2226271,N,Y,47.4179228,-122.1899027
MLS Listing,,Mobile/Manufactured Home,11436 SE 208th St #41,Kent,WA,98031,250000,2,2,Benson Hill,1458,,2023,26,171,,Active,,,https://www.redfin.com/WA/Kent/11436-SE-208th-St-98031/unit-41/home/28933826,NWMLS as Distributed by MLS Grid,2226289,N,Y,47.4171589,-122.1903243
PAST SALE,,Single Family Residential,9526 Lot 16 S 237th St,Kent,WA,98031,812040,3,2.5,East Hill,2345,4144,2023,28,346,120,Pending,,,https://www.redfin.com/WA/Kent/9526-Lot-16-S-237th-St-98031/home/185513778,NWMLS as Distributed by MLS Grid,2072553,N,Y,47.389828,-122.213359
MLS Listing,,Mobile/Manufactured Home,11436 SE 208th St #108,Kent,WA,98031,145000,3,2,Kentridge,1344,,1984,28,108,,Active,,,https://www.redfin.com/WA/Kent/11436-SE-208th-St-98031/unit-108/home/44560968,NWMLS as Distributed by MLS Grid,2210161,N,Y,47.4171589,-122.1903243
MLS Listing,,Condo/Co-op,11130 SE 208th St Unit M102,Kent,WA,98031,350000,1,1,Panther Lake,770,,1997,29,455,395,Active,,,https://www.redfin.com/WA/Kent/11130-SE-208th-St-98031/unit-M102/home/32065,NWMLS as Distributed by MLS Grid,2224556,N,Y,47.4166472,-122.1923099
PAST SALE,August-15-2012,Single Family Residential,21201 116th Ave SE,Kent,WA,98031,925000,3,2,East Hill,3500,79638,1918,35,264,,Pending,,,https://www.redfin.com/WA/Kent/21201-116th-Ave-SE-98031/home/225007,NWMLS as Distributed by MLS Grid,2203972,N,Y,47.412052,-122.1880126
PAST SALE,,Single Family Residential,9413 S 237th St Lot 02,Kent,WA,98031,799950,3,2,East Hill,1857,5225,2023,35,431,120,Pending,,,https://www.redfin.com/WA/Kent/9413-S-237th-St-98031/unit-02/home/188177651,NWMLS as Distributed by MLS Grid,2174920,N,Y,47.389537,-122.214526
PAST SALE,August-9-2011,Multi-Family (2-4 Unit),813 Woodford Ave N,Kent,WA,98031,930000,8,4,Kent,2891,10415,1962,36,322,,Pending,,,https://www.redfin.com/WA/Kent/813-Woodford-Ave-N-98031/home/2086204,NWMLS as Distributed by MLS Grid,2212630,N,Y,47.388785,-122.2294527
PAST SALE,June-21-2006,Condo/Co-op,10825 SE 200th St Unit A 204,Kent,WA,98031,300000,2,1,Kent,964,,1999,41,311,440,Pending,,,https://www.redfin.com/WA/Kent/10825-SE-200th-St-98031/unit-A204/home/14832,NWMLS as Distributed by MLS Grid,2205197,N,Y,47.4226096,-122.196054
MLS Listing,,Condo/Co-op,11130 SE 208th St Unit J204,Kent,WA,98031,349950,2,1,Kentridge,896,,1997,41,391,454,Active,,,https://www.redfin.com/WA/Kent/11130-SE-208th-St-98031/unit-J204/home/27510,NWMLS as Distributed by MLS Grid,2214190,N,Y,47.4166472,-122.1923099
PAST SALE,February-16-1995,Vacant Land,11026 SE 204th St,Kent,WA,98031,225000,,,Kent,,60452,,49,,,Pending,,,https://www.redfin.com/WA/Kent/11026-SE-204th-St-98031/home/220352,NWMLS as Distributed by MLS Grid,2198591,N,Y,47.4201062,-122.1938472
MLS Listing,,Single Family Residential,11508 SE 236th St #2,Kent,WA,98031,904900,4,3,East Hill,2528,4083,2024,58,358,139,Active,May-18-2024 10:30 AM,May-18-2024 05:30 PM,https://www.redfin.com/WA/Kent/11508-SE-236th-St-98031/unit-2/home/190223870,NWMLS as Distributed by MLS Grid,2212566,N,Y,47.3902354,-122.1873894
PAST SALE,May-26-2005,Mobile/Manufactured Home,22039 107th Ave SE #84,Kent,WA,98031,75000,2,2,Kent,1440,,1980,58,52,,Pending,,,https://www.redfin.com/WA/Kent/22039-107th-Pl-SE-98031/unit-84/home/176049073,NWMLS as Distributed by MLS Grid,2212141,N,Y,47.4042531,-122.1987038
MLS Listing,,Single Family Residential,11511 SE 236th St #22,Kent,WA,98031,879900,4,2.5,East Hill,2402,3672,2024,58,366,139,Active,May-18-2024 10:30 AM,May-18-2024 05:30 PM,https://www.redfin.com/WA/Kent/11511-SE-236th-St-98031/unit-22/home/190219386,NWMLS as Distributed by MLS Grid,2212287,N,Y,47.3900393,-122.1876147
PAST SALE,March-2-2018,Mobile/Manufactured Home,11436 SE 208th St #90,Kent,WA,98031,140000,3,2,Benson Hill,1456,,1980,60,96,,Pending,,,https://www.redfin.com/WA/Kent/11436-SE-208th-St-98031/unit-90/home/21625951,NWMLS as Distributed by MLS Grid,2198988,N,Y,47.4171589,-122.1903243
MLS Listing,,Condo/Co-op,20703 93rd Pl S #4,Kent,WA,98031,709500,3,3.5,Kent,2340,,2017,71,303,490,Active,,,https://www.redfin.com/WA/Kent/20703-93rd-Pl-S-98031/unit-4/home/109878593,NWMLS as Distributed by MLS Grid,2207249,N,Y,47.4159992,-122.2168554
MLS Listing,,Mobile/Manufactured Home,11436 SE 208th St #106,Kent,WA,98031,122500,2,2,Benson Hill,1152,,1981,83,106,,Active,,,https://www.redfin.com/WA/Kent/11436-SE-208th-St-98031/unit-106/home/17501160,NWMLS as Distributed by MLS Grid,2198986,N,Y,47.4179228,-122.1899027
PAST SALE,October-21-2003,Single Family Residential,11858 SE 236th St,Kent,WA,98031,1349000,5,3.5,Kent,2400,22651,1970,86,562,,Pending,,,https://www.redfin.com/WA/Kent/11858-SE-236th-St-98031/home/223637,NWMLS as Distributed by MLS Grid,2199718,N,Y,47.3907077,-122.1816141
MLS Listing,,Mobile/Manufactured Home,22055 107th Ave SE #80,Kent,WA,98031,125000,2,2,East Hill,1284,,1979,96,97,,Active,,,https://www.redfin.com/WA/Kent/22055-107th-Ave-SE-98031/unit-80/home/39588981,NWMLS as Distributed by MLS Grid,2197216,N,Y,47.4040044,-122.1986852
PAST SALE,,Single Family Residential,21411 116th Pl SE,Kent,WA,98031,999950,5,3,East Hill,2820,4238,2024,108,355,188,Pending,,,https://www.redfin.com/WA/Kent/21411-116th-Pl-SE-98031/home/189087635,NWMLS as Distributed by MLS Grid,2188890,N,Y,47.3998935,-122.1860245
PAST SALE,,Mobile/Manufactured Home,10929 SE 226th #36,Kent,WA,98031,80000,2,1,Park Orchard,910,,1986,116,88,,Pending,,,https://www.redfin.com/WA/Kent/10929-SE-226th-St-98031/unit-36/home/189077583,NWMLS as Distributed by MLS Grid,2187757,N,Y,47.3988914,-122.1943577
MLS Listing,,Condo/Co-op,10210 SE 239th St #6,Kent,WA,98031,210000,1,1,Kent,720,,1970,119,292,280,Active,,,https://www.redfin.com/WA/Kent/10210-SE-239th-St-98031/unit-6/home/13044,NWMLS as Distributed by MLS Grid,2191179,N,Y,47.3884779,-122.2039088
MLS Listing,,Single Family Residential,21407 116th Pl SE,Kent,WA,98031,974950,5,3,East Hill,2761,3632,2024,132,353,188,Active,,,https://www.redfin.com/WA/Kent/21407-116th-Pl-SE-98031/home/189087875,NWMLS as Distributed by MLS Grid,2188883,N,Y,47.3998935,-122.1860245
MLS Listing,,Single Family Residential,11428 SE 236th St #5,Kent,WA,98031,883900,4,2.5,East Hill,2402,3799,2024,147,368,139,Active,May-18-2024 10:30 AM,May-18-2024 04:30 PM,https://www.redfin.com/WA/Kent/11428-SE-236th-St-98031/unit-5/home/188879174,NWMLS as Distributed by MLS Grid,2185407,N,Y,47.39028989,-122.187789
PAST SALE,,Single Family Residential,11521 SE 236th St #26,Kent,WA,98031,909900,5,3,East Hill,2726,6421,2024,200,334,164,Pending,,,https://www.redfin.com/WA/Kent/11521-SE-236th-St-98031/unit-26/home/188040426,NWMLS as Distributed by MLS Grid,2170894,N,Y,47.38994291,-122.1870922
MLS Listing,,Mobile/Manufactured Home,20744 113th Pl SE,Kent,WA,98031,114999,2,2,Kent,1250,,1988,252,92,,Active,,,https://www.redfin.com/WA/Kent/20744-113th-Pl-SE-98031/home/179705848,NWMLS as Distributed by MLS Grid,2158642,N,Y,47.4161044,-122.1917764
MLS Listing,,Vacant Land,10810 SE 196th St,Kent,WA,98031,425000,,,Panther Lake,,18375,,256,,,Active,,,https://www.redfin.com/WA/Kent/10810-SE-196th-St-98031/home/18663255,NWMLS as Distributed by MLS Grid,2155445,N,Y,47.4269109,-122.196078
MLS Listing,,Vacant Land,20000 90th Ave S,Kent,WA,98031,489000,,,Kent,,87120,,300,,,Active,,,https://www.redfin.com/WA/Kent/20000-92nd-Ave-S-98031/home/180554444,NWMLS as Distributed by MLS Grid,2142113,N,Y,47.4229626,-122.2180059
PAST SALE,,Vacant Land,10227 SE 236th St,Kent,WA,98031,399500,,,East Hill,,10000,,471,,,Pending,,,https://www.redfin.com/WA/Kent/10227-SE-236th-St-98031/home/171082685,NWMLS as Distributed by MLS Grid,1983899,N,Y,47.390362,-122.203667
New Construction Plan,,Single Family Residential,Latham - 3058 Plan,Kent,WA,98031,879900,4,2.5,Kent,2402,,,21,366,139,Active,,,https://www.redfin.com/WA/Kent/Kent/Latham-3058/home/190603011,Zillow,367CD6EE84DA,N,Y,47.3902649,-122.1870425
New Construction Plan,,Single Family Residential,Plan A-250 Plan,Kent,WA,98031,906900,3,2.5,Kent,2506,,,34,362,142,Active,,,https://www.redfin.com/WA/Kent/Kent/Plan-A-250/home/189117664,Zillow,4C2352C74A73,N,Y,47.4299178,-122.1927757
New Construction Plan,,Single Family Residential,Latham - 3006 Plan,Kent,WA,98031,919900,5,3,Kent,2726,,,190,337,139,Active,,,https://www.redfin.com/WA/Kent/Kent/Latham-3006/home/188398784,Zillow,7F8A5C3EBFDD,N,Y,47.3902649,-122.1870425
New Construction Plan,,Single Family Residential,Latham - 3056 Plan,Kent,WA,98031,921900,5,3,Kent,2710,,,190,340,139,Active,,,https://www.redfin.com/WA/Kent/Kent/Latham-3056/home/188403880,Zillow,8E8000D2DB30,N,Y,47.3902649,-122.1870425
New Construction Plan,,Single Family Residential,Latham - 3005 Plan,Kent,WA,98031,904900,4,3,Kent,2528,,,190,358,139,Active,,,https://www.redfin.com/WA/Kent/Kent/Latham-3005/home/188389407,Zillow,CB1D4A6F278D,N,Y,47.3902649,-122.1870425
