SALE TYPE,SOLD DATE,PROPERTY TYPE,ADDRESS,CITY,STATE OR PROVINCE,ZIP OR POSTAL CODE,PRICE,BEDS,BATHS,LOCATION,SQUARE FEET,LOT SIZE,YEAR BUILT,DAYS ON MARKET,$/SQUARE FEET,HOA/MONTH,STATUS,NEXT OPEN HOUSE START TIME,NEXT OPEN HOUSE END TIME,URL (SEE https://www.redfin.com/buy-a-home/comparative-market-analysis FOR INFO ON PRICING),SOURCE,MLS#,FAVORITE,INTERESTED,LATITUDE,LONGITUDE
"In accordance with local MLS rules, some MLS listings are not included in the download",,,,,,,,,,,,,,,,,,,,,,,,,,
PAST SALE,August-25-2017,Single Family Residential,525 Mt Hood Dr SW,Issaquah,WA,98027,965000,3,1,Issaquah,1220,9152,1958,1,791,,Pending,,,https://www.redfin.com/WA/Issaquah/525-Mt-Hood-Dr-SW-98027/home/420384,NWMLS as Distributed by MLS Grid,2224736,N,Y,47.524498,-122.0488413
MLS Listing,,Single Family Residential,1247 Sunrise Pl SE,Issaquah,WA,98027,1699000,5,3.5,Issaquah,3830,6555,1999,12,444,34,Active,,,https://www.redfin.com/WA/Issaquah/1247-Sunrise-Pl-SE-98027/home/421634,NWMLS as Distributed by MLS Grid,2230442,N,Y,47.516191,-122.0330789
PAST SALE,June-15-2015,Townhouse,59 Cougar Ridge Rd NW,Issaquah,WA,98027,760000,2,2.5,Talus,1446,,2006,39,526,550,Pending,,,https://www.redfin.com/WA/Issaquah/59-Cougar-Ridge-Rd-NW-98027/home/179855591,NWMLS as Distributed by MLS Grid,2206768,N,Y,47.5306517,-122.0677124
MLS Listing,,Single Family Residential,18922 SE 42nd Pl,Issaquah,WA,98027,1475000,4,3,South Lake Sammamish,2145,7199,1973,1,688,,Active,,,https://www.redfin.com/WA/Issaquah/18922-SE-42nd-Pl-98027/home/326751,NWMLS as Distributed by MLS Grid,2226930,N,Y,47.5691319,-122.0870191
MLS Listing,,Single Family Residential,552 Lingering Pine Dr NW,Issaquah,WA,98027,1395000,4,3.5,Talus,2440,2590,2006,1,572,118,Active,May-17-2024 04:00 PM,May-17-2024 06:00 PM,https://www.redfin.com/WA/Issaquah/552-Lingering-Pine-Dr-NW-98027/home/2078190,NWMLS as Distributed by MLS Grid,2238789,N,Y,47.5368319,-122.0722322
MLS Listing,,Single Family Residential,15639 Issaquah Hobart Rd SE,Issaquah,WA,98027,1775000,5,3.5,Mirrormont,3770,71874,2006,1,471,,Active,May-18-2024 12:00 PM,May-18-2024 04:00 PM,https://www.redfin.com/WA/Issaquah/15639-Issaquah-Hobart-Rd-SE-98027/home/8185286,NWMLS as Distributed by MLS Grid,2236202,N,Y,47.4608056,-122.011222
MLS Listing,,Single Family Residential,835 Wildwood Blvd SW,Issaquah,WA,98027,1499999,5,3,Issaquah,2860,17825,1966,1,524,,Active,May-17-2024 04:00 PM,May-17-2024 06:00 PM,https://www.redfin.com/WA/Issaquah/835-Wildwood-Blvd-SW-98027/home/420632,NWMLS as Distributed by MLS Grid,2235504,N,Y,47.5210561,-122.0422344
MLS Listing,,Single Family Residential,3235 Sierra Ct SW,Issaquah,WA,98027,1500000,3,2.5,Squak Mountain,2030,16200,1984,1,739,,Active,,,https://www.redfin.com/WA/Issaquah/3235-Sierra-Ct-SW-98027/home/420975,NWMLS as Distributed by MLS Grid,2234808,N,Y,47.516208,-122.0574052
MLS Listing,,Single Family Residential,4842 194th Ave SE,Issaquah,WA,98027,1000000,3,2,South Lake Sammamish,2120,8400,1955,1,472,,Active,May-17-2024 04:00 PM,May-17-2024 06:00 PM,https://www.redfin.com/WA/Issaquah/4842-194th-Ave-SE-98027/home/326913,NWMLS as Distributed by MLS Grid,2237850,N,Y,47.5580087,-122.080572
MLS Listing,,Single Family Residential,13520 Issaquah Hobart Rd SE,Issaquah,WA,98027,949990,5,3,Issaquah,3020,96703,1969,1,315,,Active,May-18-2024 01:00 PM,May-18-2024 04:00 PM,https://www.redfin.com/WA/Issaquah/13520-Issaquah-Hobart-Rd-SE-98027/home/425201,NWMLS as Distributed by MLS Grid,2236075,N,Y,47.480686,-122.027907
MLS Listing,,Single Family Residential,25812 SE Tiger Mountain Rd,Issaquah,WA,98027,898000,3,1.5,Tiger Mountain,1990,121532,1957,1,451,,Active,,,https://www.redfin.com/WA/Issaquah/25812-SE-Tiger-Mountain-Rd-98027/home/425274,NWMLS as Distributed by MLS Grid,2237855,N,Y,47.4743774,-121.9956078
MLS Listing,,Single Family Residential,20901 SE 138th Pl,Issaquah,WA,98027,1495000,3,2.5,Issaquah,2780,52272,1989,1,538,27,Active,,,https://www.redfin.com/WA/Issaquah/20901-SE-138th-Pl-98027/home/422453,NWMLS as Distributed by MLS Grid,2237482,N,Y,47.4780263,-122.063603
PAST SALE,April-25-2011,Single Family Residential,405 Mount McKinley Dr SW,Issaquah,WA,98027,1195000,3,2.5,Squak Mountain,2500,11704,1967,1,478,,Pending,,,https://www.redfin.com/WA/Issaquah/405-Mt-McKinley-Dr-SW-98027/home/421222,NWMLS as Distributed by MLS Grid,2223648,N,Y,47.5259691,-122.0526041
MLS Listing,,Single Family Residential,4206 182nd Ave SE,Issaquah,WA,98027,2900000,3,2,South Lake Sammamish,2200,20914,1925,1,1318,,Active,May-17-2024 04:00 PM,May-17-2024 06:00 PM,https://www.redfin.com/WA/Issaquah/4206-182nd-Ave-SE-98027/home/326673,NWMLS as Distributed by MLS Grid,2233338,N,Y,47.5700798,-122.0958806
MLS Listing,,Vacant Land,13713 233rd Way SE,Issaquah,WA,98027,199950,,,May Valley,,111078,,1,,,Active,May-18-2024 12:00 PM,May-18-2024 03:00 PM,https://www.redfin.com/WA/Issaquah/13713-233rd-Way-SE-98027/home/2062691,NWMLS as Distributed by MLS Grid,2238032,N,Y,47.47931,-122.031045
MLS Listing,,Single Family Residential,13716 233rd Way SE,Issaquah,WA,98027,499950,3,2,Hobart,1200,41874,1969,1,417,,Active,May-18-2024 12:00 PM,May-18-2024 03:00 PM,https://www.redfin.com/WA/Issaquah/13716-233rd-Way-SE-98027/home/422286,NWMLS as Distributed by MLS Grid,2238033,N,Y,47.479083,-122.029943
MLS Listing,,Condo/Co-op,220 NE Dogwood St Unit B103,Issaquah,WA,98027,350000,2,1,Downtown Issaquah,783,62526,1986,1,447,569,Active,May-18-2024 01:00 PM,May-18-2024 03:00 PM,https://www.redfin.com/WA/Issaquah/220-NE-Dogwood-St-98027/unit-B103/home/40807,NWMLS as Distributed by MLS Grid,2238170,N,Y,47.5340876,-122.0329837
PAST SALE,June-28-2019,Single Family Residential,500 Kalmia Pl NW,Issaquah,WA,98027,1300000,4,2.5,Squak Mountain,2360,9600,1980,2,551,17,Pending,,,https://www.redfin.com/WA/Issaquah/500-Kalmia-Pl-NW-98027/home/420950,NWMLS as Distributed by MLS Grid,2226690,N,Y,47.5352316,-122.0560057
PAST SALE,August-19-2016,Single Family Residential,101 Sunset Ct NW,Issaquah,WA,98027,995000,3,2.5,Downtown Issaquah,1751,2589,2000,2,568,50,Pending,,,https://www.redfin.com/WA/Issaquah/101-Sunset-Ct-NW-98027/home/420619,NWMLS as Distributed by MLS Grid,2231944,N,Y,47.5313653,-122.046804
PAST SALE,,Townhouse,75 5th Ave NE Unit B,Issaquah,WA,98027,1049000,3,2.5,Issaquah,1505,,2023,2,697,85,Pending,,,https://www.redfin.com/WA/Issaquah/75-5th-Ave-NE-98027/unit-B/home/190473576,NWMLS as Distributed by MLS Grid,2221810,N,Y,47.5305411,-122.0287687
MLS Listing,,Single Family Residential,14702 255th Ave SE,Issaquah,WA,98027,1499950,5,3,Issaquah,4130,45738,1978,2,363,,Active,May-18-2024 11:00 AM,May-18-2024 01:00 PM,https://www.redfin.com/WA/Issaquah/14702-255th-Ave-SE-98027/home/424943,NWMLS as Distributed by MLS Grid,2237619,N,Y,47.4702025,-121.9993705
PAST SALE,September-25-2003,Single Family Residential,640 Kalmia Ct NW,Issaquah,WA,98027,1500000,4,2.5,Issaquah,3240,11024,1981,3,463,17,Pending,,,https://www.redfin.com/WA/Issaquah/640-Kalmia-Ct-NW-98027/home/421328,NWMLS as Distributed by MLS Grid,2218645,N,Y,47.5367496,-122.0559265
PAST SALE,October-5-2021,Single Family Residential,25115 SE 146th St,Issaquah,WA,98027,1175000,3,3,Mirrormont,2270,39150,1978,4,518,,Pending,,,https://www.redfin.com/WA/Issaquah/25115-SE-146th-St-98027/home/425294,NWMLS as Distributed by MLS Grid,2223285,N,Y,47.4709767,-122.0052979
PAST SALE,January-24-2018,Single Family Residential,11736 188th Ave SE,Issaquah,WA,98027,750000,3,2,May Valley,1320,9770,1970,4,568,,Pending,,,https://www.redfin.com/WA/Issaquah/11736-188th-Ave-SE-98027/home/409711,NWMLS as Distributed by MLS Grid,2222556,N,Y,47.4968282,-122.0895399
MLS Listing,,Single Family Residential,25308 SE Mirrormont Blvd,Issaquah,WA,98027,1595000,4,3.5,Mirrormont,3990,45825,1974,5,400,,Active,May-18-2024 01:00 PM,May-18-2024 04:00 PM,https://www.redfin.com/WA/Issaquah/25308-SE-Mirrormont-Blvd-98027/home/425282,NWMLS as Distributed by MLS Grid,2236198,N,Y,47.4619764,-122.0027433
PAST SALE,September-27-2001,Single Family Residential,715 Kalmia Ct NW,Issaquah,WA,98027,1250000,3,2.5,Issaquah,2040,9800,1985,5,613,17,Pending,,,https://www.redfin.com/WA/Issaquah/715-Kalmia-Ct-NW-98027/home/420874,NWMLS as Distributed by MLS Grid,2223456,N,Y,47.5376406,-122.0568997
PAST SALE,June-24-2020,Townhouse,1910 Newport Way NW,Issaquah,WA,98027,1200000,3,3.5,Issaquah,2430,,2020,5,494,442,Pending,,,https://www.redfin.com/WA/Issaquah/1910-Newport-Way-NW-98027/home/171398827,NWMLS as Distributed by MLS Grid,2234610,N,Y,47.5462094,-122.0692145
PAST SALE,May-7-2021,Single Family Residential,21 Big Bear Ct NW,Issaquah,WA,98027,1350000,4,3,Squak Mountain,2550,14300,1976,5,529,,Pending,,,https://www.redfin.com/WA/Issaquah/21-Big-Bear-Pl-NW-98027/home/420678,NWMLS as Distributed by MLS Grid,2224678,N,Y,47.530807,-122.049112
MLS Listing,,Single Family Residential,25713 SE 164th St,Issaquah,WA,98027,1799000,4,4,Issaquah,3658,33750,1968,6,492,,Active,May-18-2024 02:00 AM,May-18-2024 04:00 AM,https://www.redfin.com/WA/Issaquah/25713-SE-164th-St-98027/home/424610,NWMLS as Distributed by MLS Grid,2236139,N,Y,47.454552,-121.9973206
PAST SALE,May-12-1989,Single Family Residential,2735 NW Pine Cone Dr,Issaquah,WA,98027,1250000,3,2.5,Cougar Mountain,2730,10155,1988,6,458,28,Pending,,,https://www.redfin.com/WA/Issaquah/2735-NW-Pine-Cone-Dr-98027/home/421377,NWMLS as Distributed by MLS Grid,2218046,N,Y,47.5502195,-122.0770625
PAST SALE,July-24-2015,Single Family Residential,772 Big Tree Dr NW,Issaquah,WA,98027,1895900,4,3.5,Talus,4520,6664,2003,6,419,108,Pending,,,https://www.redfin.com/WA/Issaquah/772-Big-Tree-Dr-NW-98027/home/418797,NWMLS as Distributed by MLS Grid,2231110,N,Y,47.538541,-122.0687342
PAST SALE,,Condo/Co-op,700 Front St S Unit E109,Issaquah,WA,98027,429000,2,1,Issaquah,910,,1987,6,471,545,Pending,,,https://www.redfin.com/WA/Issaquah/700-Front-St-S-98027/unit-E109/home/190549952,NWMLS as Distributed by MLS Grid,2225215,N,Y,47.5229268,-122.0342485
PAST SALE,,Vacant Land,750 3RD Ave NW,Issaquah,WA,98027,2000000,,,Issaquah,,18000,,6,,,Pending,,,https://www.redfin.com/WA/Issaquah/750-3-Ave-98027/home/39905365,NWMLS as Distributed by MLS Grid,2218464,N,Y,47.5380495,-122.0408671
MLS Listing,,Single Family Residential,2430 Squak Mountain Loop SW,Issaquah,WA,98027,2350000,4,3.5,Squak Mountain,5280,37059,1991,6,445,,Active,May-18-2024 11:00 AM,May-18-2024 01:00 PM,https://www.redfin.com/WA/Issaquah/2430-Squak-Mountain-Loop-SW-98027/home/421462,NWMLS as Distributed by MLS Grid,2233500,N,Y,47.5189898,-122.0540587
MLS Listing,,Single Family Residential,13108 207th Ave SE,Issaquah,WA,98027,2245000,4,2.5,Issaquah,3500,28485,1987,6,641,25,Active,,,https://www.redfin.com/WA/Issaquah/13108-207th-Ave-SE-98027/home/419851,NWMLS as Distributed by MLS Grid,2232704,N,Y,47.4852661,-122.0640308
MLS Listing,,Condo/Co-op,700 Front St S Unit E108,Issaquah,WA,98027,499000,2,2,Downtown Issaquah,1034,,1987,6,483,588,Active,,,https://www.redfin.com/WA/Issaquah/700-Front-St-S-98027/unit-E108/home/184959695,NWMLS as Distributed by MLS Grid,2235762,N,Y,47.5229268,-122.0342485
PAST SALE,July-2-2019,Single Family Residential,16809 269th Ave SE,Issaquah,WA,98027,979000,3,3,Tiger Mountain,2240,181209,1978,7,437,67,Pending,,,https://www.redfin.com/WA/Issaquah/16809-269th-Ave-SE-98027/home/424656,NWMLS as Distributed by MLS Grid,2223367,N,Y,47.4502767,-121.9820546
MLS Listing,,Condo/Co-op,18505 SE Newport Way Unit E120,Issaquah,WA,98027,520000,3,2,Issaquah,1095,,1997,7,475,626,Active,,,https://www.redfin.com/WA/Issaquah/18505-SE-Newport-Way-98027/unit-E120/home/190736488,NWMLS as Distributed by MLS Grid,2233178,N,Y,47.560189,-122.093622
MLS Listing,,Condo/Co-op,2126 #7-6 Newport Way NW,Issaquah,WA,98027,565000,2,2,Issaquah,1030,397931,1996,7,549,525,Active,,,https://www.redfin.com/WA/Issaquah/2126-Newport-Way-NW-98027/home/17075607,NWMLS as Distributed by MLS Grid,2233526,N,Y,47.5449709,-122.0673104
MLS Listing,,Single Family Residential,600 SW Ellerwood St,Issaquah,WA,98027,2299000,4,4,Squak Mountain,3010,15098,2024,7,764,,Active,,,https://www.redfin.com/WA/Issaquah/600-SW-Ellerwood-St-98027/home/421142,NWMLS as Distributed by MLS Grid,2233543,N,Y,47.5216132,-122.0464663
PAST SALE,,Single Family Residential,341 SE Crystal Creek Cir,Issaquah,WA,98027,1295000,4,3,Issaquah,3844,15758,1967,9,337,,Pending,,,https://www.redfin.com/WA/Issaquah/341-SE-Crystal-Creek-Cir-98027/home/420949,NWMLS as Distributed by MLS Grid,2217498,N,Y,47.5118937,-122.0302453
MLS Listing,,Vacant Land,435 SW Mount Baker Dr,Issaquah,WA,98027,375000,,,Squak Mountain,,23390,,9,,,Active,,,https://www.redfin.com/WA/Issaquah/435-SW-Mount-Baker-Dr-98027/home/22393984,NWMLS as Distributed by MLS Grid,2233372,N,Y,47.526624,-122.0441536
PAST SALE,July-27-2017,Single Family Residential,21729 SE May Valley Rd,Issaquah,WA,98027,1175000,3,3,Issaquah,2610,57934,1950,10,450,,Pending,,,https://www.redfin.com/WA/Issaquah/21729-SE-May-Valley-Rd-98027/home/422357,NWMLS as Distributed by MLS Grid,2232471,N,Y,47.4799885,-122.0504922
PAST SALE,,Vacant Land,0 286th Ave SE,Issaquah,WA,98027,299950,,,High Point,,64333,,11,,,Pending,,,https://www.redfin.com/WA/Issaquah/286th-Ave-SE-98027/home/190609815,NWMLS as Distributed by MLS Grid,2228307,N,Y,47.546299,-121.95984
MLS Listing,,Vacant Land,0 Tiger Mountain Rd,Issaquah,WA,98027,750000,,,Tiger Mountain,,693910,,12,,,Active,,,https://www.redfin.com/WA/Mirrormont/Tiger-Mountain-Rd-SE-98027/home/40317607,NWMLS as Distributed by MLS Grid,2233011,N,Y,47.47572,-122.026153
MLS Listing,,Single Family Residential,2738 NW Pine cone Pl,Issaquah,WA,98027,1950000,4,2.5,Issaquah,3300,6229,2012,13,591,,Active,,,https://www.redfin.com/WA/Issaquah/2738-NW-Pine-Cone-Pl-98027/home/22458765,NWMLS as Distributed by MLS Grid,2231409,N,Y,47.5532315,-122.0771296
PAST SALE,October-21-2016,Single Family Residential,1524 Hillside Dr SE,Issaquah,WA,98027,1598000,4,3,Issaquah,3440,12182,1964,13,465,,Pending,,,https://www.redfin.com/WA/Issaquah/1524-Hillside-Dr-SE-98027/home/422007,NWMLS as Distributed by MLS Grid,2209029,N,Y,47.5129537,-122.029922
PAST SALE,,Vacant Land,0 xxx Front St S,Issaquah,WA,98027,550000,,,Downtown Issaquah,,11350,,14,,,Pending,,,https://www.redfin.com/WA/Issaquah/Front-St-S-98027/home/420207,NWMLS as Distributed by MLS Grid,2211006,N,Y,47.526025,-122.037096
PAST SALE,June-26-2006,Single Family Residential,25222 SE 133rd St,Issaquah,WA,98027,1699950,4,3,Tiger Mountain,5820,240015,2008,14,292,,Pending,,,https://www.redfin.com/WA/Issaquah/25222-SE-133rd-St-98027/home/22685299,NWMLS as Distributed by MLS Grid,2228363,N,Y,47.484858,-122.004035
MLS Listing,,Single Family Residential,18166 SE 41st Pl,Issaquah,WA,98027,4200000,3,3,South Lake Sammamish,3120,20980,1928,14,1346,,Active,May-19-2024 01:00 PM,May-19-2024 04:00 PM,https://www.redfin.com/WA/Issaquah/18166-SE-41st-Pl-98027/home/326650,NWMLS as Distributed by MLS Grid,2226928,N,Y,47.5714875,-122.0968426
MLS Listing,,Multi-Family (2-4 Unit),337 3RD Pl NW,Issaquah,WA,98027,1489000,5,4,Downtown Issaquah,2530,4360,2015,14,589,,Active,,,https://www.redfin.com/WA/Issaquah/337-3rd-Pl-NW-98027/home/22223903,NWMLS as Distributed by MLS Grid,2231695,N,Y,47.5333374,-122.0415675
MLS Listing,,Single Family Residential,11327 Upper Preston Rd SE,Issaquah,WA,98027,2395000,4,4,Upper Preston,4003,62780,2006,14,598,,Active,May-18-2024 02:00 PM,May-18-2024 04:00 PM,https://www.redfin.com/WA/Issaquah/11327-Upper-Preston-Rd-SE-98027/home/8185095,NWMLS as Distributed by MLS Grid,2214007,N,Y,47.4987432,-121.9022919
MLS Listing,,Single Family Residential,1690 Pine View Dr NW,Issaquah,WA,98027,3200000,5,4.5,Issaquah,4960,7474,2007,14,645,,Active,May-18-2024 12:00 PM,May-18-2024 03:00 PM,https://www.redfin.com/WA/Issaquah/1690-Pine-View-Dr-NW-98027/home/12317618,NWMLS as Distributed by MLS Grid,2231529,N,Y,47.5523341,-122.0778433
MLS Listing,,Single Family Residential,22425 SE May Valley Rd,Issaquah,WA,98027,998000,4,2,May Valley,2400,50529,1957,15,416,,Active,,,https://www.redfin.com/WA/Issaquah/22425-SE-May-Valley-Rd-98027/home/422349,NWMLS as Distributed by MLS Grid,2226546,N,Y,47.4792184,-122.0420193
MLS Listing,,Single Family Residential,375 E Sunset Way,Issaquah,WA,98027,1000000,4,2,Issaquah,2410,9600,1913,16,415,,Active,,,https://www.redfin.com/WA/Issaquah/375-E-Sunset-Way-98027/home/420657,NWMLS as Distributed by MLS Grid,2227352,N,Y,47.5298419,-122.0304593
MLS Listing,,Single Family Residential,20829 SE 123rd St,Issaquah,WA,98027,1700000,4,3.5,Squak Mountain,3670,61102,1979,16,463,31,Active,,,https://www.redfin.com/WA/Issaquah/20829-SE-123rd-St-98027/home/419740,NWMLS as Distributed by MLS Grid,2230780,N,Y,47.4915437,-122.0622175
PAST SALE,October-26-2002,Single Family Residential,15601 258 Pl SE,Issaquah,WA,98027,1198500,3,3,Mirrormont,3000,39653,1967,18,400,,Pending,,,https://www.redfin.com/WA/Issaquah/15601-258th-Pl-SE-98027/home/424495,NWMLS as Distributed by MLS Grid,2225494,N,Y,47.4630281,-121.9963548
MLS Listing,,Single Family Residential,16703 235th Ave SE,Issaquah,WA,98027,1499999,6,4,Issaquah,4420,142441,1976,18,339,110,Active,,,https://www.redfin.com/WA/Issaquah/16703-235th-Ave-SE-98027/home/423666,NWMLS as Distributed by MLS Grid,2229767,N,Y,47.4526767,-122.0263123
MLS Listing,,Single Family Residential,14229 228th Ave SE,Issaquah,WA,98027,2700000,4,3.5,Issaquah,5920,303177,2007,20,456,,Active,May-18-2024 01:00 PM,May-18-2024 03:00 PM,https://www.redfin.com/WA/Issaquah/14229-228th-Ave-SE-98027/home/12314711,NWMLS as Distributed by MLS Grid,2228420,N,Y,47.4765469,-122.038341
MLS Listing,,Mobile/Manufactured Home,23800 SE Tiger Mountain Rd #65,Issaquah,WA,98027,110000,3,2,Issaquah,1440,,1971,21,76,,Active,,,https://www.redfin.com/WA/Issaquah/23800-Tiger-Mountain-Rd-SE-98027/unit-65/home/190601714,NWMLS as Distributed by MLS Grid,2228086,N,Y,47.4764285,-122.0240392
MLS Listing,,Single Family Residential,33407 SE 126th St,Issaquah,WA,98027,1799950,5,3.5,Upper Preston,3810,312760,1985,21,472,,Active,May-18-2024 12:00 PM,May-18-2024 02:00 PM,https://www.redfin.com/WA/Issaquah/33407-SE-126th-St-98027/home/467184,NWMLS as Distributed by MLS Grid,2226345,N,Y,47.486546,-121.894207
MLS Listing,,Condo/Co-op,4737 W Lake Sammamish Pkwy SE Unit A101,Issaquah,WA,98027,367500,1,1,West Lake Sammamish,753,,1979,22,488,620,Active,,,https://www.redfin.com/WA/Issaquah/4737-W-Lake-Sammamish-Pkwy-SE-98027/unit-A101/home/44030,NWMLS as Distributed by MLS Grid,2225128,N,Y,47.5595617,-122.0872436
PAST SALE,,Vacant Land,0 254th Ave,Issaquah,WA,98027,99000,,,Issaquah,,39639,,27,,,Pending,,,https://www.redfin.com/WA/Issaquah/254th-Ave-SE-Unknown/home/190469544,NWMLS as Distributed by MLS Grid,2219467,N,Y,47.472893,-122.00195
MLS Listing,,Single Family Residential,4554 187th Pl SE,Issaquah,WA,98027,1725000,4,3.5,South Lake Sammamish,3240,8671,1978,27,532,21,Active,May-19-2024 11:00 AM,May-19-2024 01:00 PM,https://www.redfin.com/WA/Issaquah/4554-187th-Pl-SE-98027/home/326506,NWMLS as Distributed by MLS Grid,2216306,N,Y,47.5630251,-122.090167
MLS Listing,,Condo/Co-op,210 SW Clark St Unit A201,Issaquah,WA,98027,394000,2,1,Issaquah,828,,1978,28,476,677,Active,,,https://www.redfin.com/WA/Issaquah/210-SW-Clark-St-98027/unit-A201/home/40145,NWMLS as Distributed by MLS Grid,2225396,N,Y,47.5279482,-122.0403737
MLS Listing,,Single Family Residential,395 Mount Kenya Dr SW,Issaquah,WA,98027,1150000,4,2,Squak Mountain,1900,12500,1962,28,605,,Active,May-19-2024 12:00 PM,May-19-2024 04:00 PM,https://www.redfin.com/WA/Issaquah/395-Mt-Kenya-Dr-SW-98027/home/421223,NWMLS as Distributed by MLS Grid,2213013,N,Y,47.5260208,-122.0513443
PAST SALE,August-3-2022,Single Family Residential,465 Wildwood Blvd SW,Issaquah,WA,98027,799900,2,1,Downtown Issaquah,1070,6098,1952,29,748,,Pending,,,https://www.redfin.com/WA/Issaquah/465-Wildwood-Blvd-SW-98027/home/420149,NWMLS as Distributed by MLS Grid,2189032,N,Y,47.525941,-122.038569
MLS Listing,,Single Family Residential,5104 NW Sammamish Rd,Issaquah,WA,98027,5828000,2,2,Lake Sammamish,1320,41086,1925,29,4415,,Active,,,https://www.redfin.com/WA/Issaquah/5104-NW-Sammamish-Rd-98027/home/326482,NWMLS as Distributed by MLS Grid,2224498,N,Y,47.5563566,-122.0781609
MLS Listing,,Single Family Residential,18927 SE 42nd Pl,Issaquah,WA,98027,1575000,4,3,South Lake Sammamish,2015,7712,1973,30,782,,Active,,,https://www.redfin.com/WA/Issaquah/18927-SE-42nd-Pl-98027/home/325951,NWMLS as Distributed by MLS Grid,2224404,N,Y,47.5687428,-122.0868978
PAST SALE,March-21-2003,Condo/Co-op,18501 SE Newport Way Unit M152,Issaquah,WA,98027,465000,2,2,Issaquah,879,,1997,31,529,512,Pending,,,https://www.redfin.com/WA/Issaquah/18501-SE-Newport-Way-98027/unit-M152/home/34278,NWMLS as Distributed by MLS Grid,2220415,N,Y,47.5606517,-122.0936653
MLS Listing,,Vacant Land,119 XX Upper Preston Rd,Issaquah,WA,98027,598000,,,Upper Preston,,161607,,31,,,Active,,,https://www.redfin.com/WA/Unknown/119-XX-Upper-Preston-Rd-SE-98027/home/146784864,NWMLS as Distributed by MLS Grid,2222646,N,Y,47.493093,-121.897724
MLS Listing,,Vacant Land,24216 SE 106th Pl,Issaquah,WA,98027,399000,,,Issaquah,,221284,,31,,,Active,,,https://www.redfin.com/WA/Issaquah/24216-SE-106th-Pl-98027/home/22589839,NWMLS as Distributed by MLS Grid,2221713,N,Y,47.508525,-122.016174
PAST SALE,October-30-2012,Single Family Residential,575 Mountainside Dr SW,Issaquah,WA,98027,1149000,4,2,Issaquah,2050,15504,1962,33,560,,Pending,,,https://www.redfin.com/WA/Issaquah/575-Mountainside-Dr-SW-98027/home/421157,NWMLS as Distributed by MLS Grid,2217271,N,Y,47.5242935,-122.0518223
PAST SALE,,Condo/Co-op,2102 NW Pacific Elm Dr,Issaquah,WA,98027,634950,2,1,Issaquah,1120,,1993,34,567,593,Pending,,,https://www.redfin.com/WA/Issaquah/2102-NW-Pacific-Elm-Dr-98027/home/190267327,NWMLS as Distributed by MLS Grid,2213377,N,Y,47.5486016,-122.0725691
MLS Listing,,Vacant Land,0 Issaquah Hobart Rd,Issaquah,WA,98027,350000,,,Issaquah,,70252,,35,,,Active,,,https://www.redfin.com/WA/Issaquah/Issaquah-Hobart-Rd-98027/home/190488248,NWMLS as Distributed by MLS Grid,2219549,N,Y,47.480024,-122.027875
MLS Listing,,Condo/Co-op,230 SW Clark St Unit C303,Issaquah,WA,98027,343000,1,1,Downtown Issaquah,648,,1978,36,529,589,Active,May-18-2024 01:00 PM,May-18-2024 03:00 PM,https://www.redfin.com/WA/Issaquah/230-SW-Clark-St-98027/unit-C303/home/70567,NWMLS as Distributed by MLS Grid,2220906,N,Y,47.5285068,-122.0406342
MLS Listing,,Single Family Residential,26301 SE 158 St,Issaquah,WA,98027,995000,4,2,Mirrormont,2350,40209,1965,42,423,,Active,,,https://www.redfin.com/WA/Issaquah/26301-SE-158th-St-98027/home/424601,NWMLS as Distributed by MLS Grid,2209789,N,Y,47.4595863,-121.9880353
PAST SALE,,Vacant Land,0 Wildwood Blvd SW,Issaquah,WA,98027,300000,,,Squak Mountain,,9900,,42,,,Pending,,,https://www.redfin.com/WA/Issaquah/Wildwood-Blvd-Sw-98027/home/22434341,NWMLS as Distributed by MLS Grid,2209390,N,Y,47.52268811,-122.0466369
MLS Listing,,Condo/Co-op,4707 W Lake Sammamish Pkwy SE Unit D203,Issaquah,WA,98027,416500,2,2,South Lake Sammamish,912,,1979,43,457,717,Active,,,https://www.redfin.com/WA/Issaquah/4707-W-Lake-Sammamish-Pkwy-SE-98027/unit-D203/home/72395,NWMLS as Distributed by MLS Grid,2216688,N,Y,47.560756,-122.089131
MLS Listing,,Single Family Residential,13001 204 Pl SE,Issaquah,WA,98027,1475000,4,2.5,Issaquah,2910,35001,1987,43,507,25,Active,,,https://www.redfin.com/WA/Issaquah/13001-204th-Pl-SE-98027/home/419831,NWMLS as Distributed by MLS Grid,2216951,N,Y,47.4868367,-122.0692421
MLS Listing,,Single Family Residential,15244 256th Ave SE,Issaquah,WA,98027,1365000,3,3.5,Mirrormont,2738,33965,1982,43,499,,Active,,,https://www.redfin.com/WA/Issaquah/15244-256th-Ave-SE-98027/home/425427,NWMLS as Distributed by MLS Grid,2215219,N,Y,47.4642496,-121.9991347
MLS Listing,,Single Family Residential,4948 Alpen Glow Pl NW,Issaquah,WA,98027,1999900,5,3.5,Montreux,3762,11836,1998,50,532,100,Active,,,https://www.redfin.com/WA/Issaquah/4948-Alpen-Glow-Pl-NW-98027/home/418806,NWMLS as Distributed by MLS Grid,2214204,N,Y,47.5586792,-122.089523
MLS Listing,,Townhouse,601 12th Ave NW Unit F2,Issaquah,WA,98027,649950,2,2.5,Squak Mountain,1100,,1993,55,591,620,Active,,,https://www.redfin.com/WA/Issaquah/601-12th-Ave-NW-98027/unit-F2/home/38086,NWMLS as Distributed by MLS Grid,2211470,N,Y,47.5362549,-122.0573125
PAST SALE,May-1-2001,Multi-Family (2-4 Unit),194 5th Ave NE,Issaquah,WA,98027,799000,4,2,Issaquah,1610,6275,1967,57,496,,Pending,,,https://www.redfin.com/WA/Issaquah/194-5th-Ave-NE-98027/home/420400,NWMLS as Distributed by MLS Grid,2205894,N,Y,47.5316835,-122.0281583
MLS Listing,,Vacant Land,24829 SE Mirrormont Blvd,Issaquah,WA,98027,190000,,,Mirrormont,,46405,,57,,,Active,,,https://www.redfin.com/WA/Issaquah/24829-SE-Mirrormont-Blvd-98027/home/22709732,NWMLS as Distributed by MLS Grid,2205549,N,Y,47.4640379,-122.0087877
PAST SALE,August-11-2020,Condo/Co-op,5000 NW Village Park Dr Unit B214,Issaquah,WA,98027,650000,2,2.5,Montreux,1322,,1994,58,492,722,Pending,,,https://www.redfin.com/WA/Issaquah/5000-NW-Village-Park-Dr-98027/unit-B214/home/54547,NWMLS as Distributed by MLS Grid,2206767,N,Y,47.5567068,-122.0933783
MLS Listing,,Vacant Land,75 XX 271st Ave SE,Issaquah,WA,98027,350000,,,High Point,,72053,,65,,,Active,,,https://www.redfin.com/WA/Issaquah/75-xx-271st-AVE-SE-98027/home/145928745,NWMLS as Distributed by MLS Grid,2206200,N,Y,47.533939,-121.978526
MLS Listing,,Single Family Residential,18162 SE 41st Pl,Issaquah,WA,98027,1600000,1,1,South Lake Sammamish,1260,7256,1929,71,1270,,Active,May-19-2024 01:00 PM,May-19-2024 04:00 PM,https://www.redfin.com/WA/Issaquah/18162-SE-41st-Pl-98027/home/326664,NWMLS as Distributed by MLS Grid,2197832,N,Y,47.5715605,-122.0971557
PAST SALE,July-12-2023,Single Family Residential,19534 SE 51st St,Issaquah,WA,98027,2850000,4,3,Issaquah,3980,7700,1986,72,716,20,Pending,,,https://www.redfin.com/WA/Issaquah/19534-SE-51st-St-98027/home/327334,NWMLS as Distributed by MLS Grid,2203108,N,Y,47.5574386,-122.0790641
PAST SALE,February-25-2022,Condo/Co-op,580 Front St S Unit D211,Issaquah,WA,98027,489000,2,1,Downtown Issaquah,864,,1990,96,566,555,Pending,,,https://www.redfin.com/WA/Issaquah/580-Front-St-S-98027/unit-D211/home/22029,NWMLS as Distributed by MLS Grid,2198177,N,Y,47.5246516,-122.0339141
MLS Listing,,Vacant Land,12011 Upper Preston Rd Lot D,Issaquah,WA,98027,538000,,,Upper Preston,,82328,,98,,,Active,,,https://www.redfin.com/WA/Issaquah/12011-Upper-Preston-Rd-SE-98027/home/466634,NWMLS as Distributed by MLS Grid,2197852,N,Y,47.4926144,-121.9020755
MLS Listing,,Single Family Residential,11435 206th Pl SE,Issaquah,WA,98027,7570000,5,6,Issaquah,11412,435600,1993,105,663,65,Active,,,https://www.redfin.com/WA/Issaquah/11435-206th-Pl-SE-98027/home/419997,NWMLS as Distributed by MLS Grid,2196296,N,Y,47.499803,-122.072708
MLS Listing,,Condo/Co-op,4707 W Lake Sammamish Pkwy SE Unit D205,Issaquah,WA,98027,419500,2,2,West Lake Sammamish,912,,1979,105,460,717,Active,,,https://www.redfin.com/WA/Issaquah/4707-W-Lake-Sammamish-Pkwy-SE-98027/unit-D205/home/72397,NWMLS as Distributed by MLS Grid,2195806,N,Y,47.560756,-122.089131
MLS Listing,,Vacant Land,190 XX SE 66th St,Issaquah,WA,98027,15360000,,,Cougar Mountain,,435600,,106,,,Active,,,https://www.redfin.com/WA/Issaquah/190-xx-SE-66th-St-98027/home/22094460,NWMLS as Distributed by MLS Grid,2194402,N,Y,47.543562,-122.077294
PAST SALE,,Vacant Land,1317 Wildwood Blvd SW,Issaquah,WA,98027,108500,,,Squak Mountain,,22680,,117,,,Pending,,,https://www.redfin.com/WA/Issaquah/1317-Wildwood-Blvd-SW-98027/home/185342824,NWMLS as Distributed by MLS Grid,2188150,N,Y,47.5230709,-122.0485928
PAST SALE,,Vacant Land,800 Front St S,Issaquah,WA,98027,2100000,,,Downtown Issaquah,,30492,,125,,,Pending,,,https://www.redfin.com/WA/Issaquah/800-Front-St-S-98027/home/421787,NWMLS as Distributed by MLS Grid,2029300,N,Y,47.5212555,-122.0327008
MLS Listing,,Vacant Land,1560 Sycamore Dr SE,Issaquah,WA,98027,230000,,,Issaquah,,67189,,149,,,Active,,,https://www.redfin.com/WA/Issaquah/1560-Sycamore-Dr-SE-98027/home/188060092,NWMLS as Distributed by MLS Grid,2185174,N,Y,47.5131978,-122.0272192
MLS Listing,,Single Family Residential,1 XXX 134th St,Issaquah,WA,98027,3200000,4,4.5,Issaquah,4540,208216,2024,167,705,,Active,,,https://www.redfin.com/WA/Issaquah/1-XXX-SE-134th-St-98027/home/188798788,NWMLS as Distributed by MLS Grid,2182142,N,Y,47.481471,-122.042963
MLS Listing,,Vacant Land,18700 SE 64TH Way,Issaquah,WA,98027,999000,,,Cougar Mountain,,178596,,182,,,Active,,,https://www.redfin.com/WA/Issaquah/18700-SE-64th-Way-98027/home/17506035,NWMLS as Distributed by MLS Grid,2180628,N,Y,47.5468028,-122.0907549
MLS Listing,,Vacant Land,620 Wildwood Blvd SW,Issaquah,WA,98027,2999000,,,Downtown Issaquah,,178596,,189,,,Active,,,https://www.redfin.com/WA/Issaquah/620-Wildwood-Blvd-SW-98027/home/188522876,NWMLS as Distributed by MLS Grid,2179061,N,Y,47.5234527,-122.0385248
PAST SALE,,Vacant Land,26043 SE 156th St,Issaquah,WA,98027,160000,,,Mirrormont,,36655,,201,,,Pending,,,https://www.redfin.com/WA/Issaquah/26043-SE-156th-St-98027/home/22672297,NWMLS as Distributed by MLS Grid,2131060,N,Y,47.4619033,-121.9919368
MLS Listing,,Ranch,26758 SE 188th St,Issaquah,WA,98027,1899000,,,Issaquah,600,629442,2022,223,3165,,Active,,,https://www.redfin.com/WA/Issaquah/26758-SE-188th-St-98027/home/2080825,NWMLS as Distributed by MLS Grid,2169480,N,Y,47.435953,-121.98613
MLS Listing,,Single Family Residential,25008 SE Mirrormont Way,Issaquah,WA,98027,1545000,3,3.5,Mirrormont,4610,34210,1993,236,335,4,Active,,,https://www.redfin.com/WA/Issaquah/25008-SE-Mirrormont-Way-98027/home/425042,NWMLS as Distributed by MLS Grid,2144818,N,Y,47.470361,-122.0067283
MLS Listing,,Single Family Residential,18738 SE 42nd St,Issaquah,WA,98027,6300000,4,6,West Lake Sammamish,4727,18195,2005,294,1333,,Active,,,https://www.redfin.com/WA/Issaquah/18738-SE-42nd-St-98027/home/326726,NWMLS as Distributed by MLS Grid,2143956,N,Y,47.5694992,-122.0893985
PAST SALE,,Vacant Land,11912 198th Ave SE,Issaquah,WA,98027,274950,,,High Valley,,257004,,322,,,Pending,,,https://www.redfin.com/WA/Issaquah/11912-198th-Ave-SE-98027/home/179234836,NWMLS as Distributed by MLS Grid,1931715,N,Y,47.4975128,-122.0781773
MLS Listing,,Vacant Land,186 XX SE 65th Pl,Issaquah,WA,98027,1650000,,,Cougar Mountain,,336718,,322,,,Active,,,https://www.redfin.com/WA/Issaquah/186-XX-SE-65th-Pl-Unknown/home/185955640,NWMLS as Distributed by MLS Grid,2133603,N,Y,47.543652,-122.093216
PAST SALE,,Vacant Land,14615 274th Ave SE,Issaquah,WA,98027,310000,,,Issaquah,,215622,,343,,,Pending,,,https://www.redfin.com/WA/Issaquah/14615-274-Ave-98027/home/22486199,NWMLS as Distributed by MLS Grid,1936242,N,Y,47.4698283,-121.9756788
PAST SALE,August-12-2022,Vacant Land,27400 SE 188th St,Issaquah,WA,98027,274950,,,Issaquah,,42222,,370,,,Pending,,,https://www.redfin.com/WA/Hobart/27400-SE-188th-ST-98038/home/180392274,NWMLS as Distributed by MLS Grid,2055235,N,Y,47.432746,-121.975566
