SALE TYPE,SOLD DATE,PROPERTY TYPE,ADDRESS,CITY,STATE OR PROVINCE,ZIP OR POSTAL CODE,PRICE,BEDS,BATHS,LOCATION,SQUARE FEET,LOT SIZE,YEAR BUILT,DAYS ON MARKET,$/SQUARE FEET,HOA/MONTH,STATUS,NEXT OPEN HOUSE START TIME,NEXT OPEN HOUSE END TIME,URL (SEE https://www.redfin.com/buy-a-home/comparative-market-analysis FOR INFO ON PRICING),SOURCE,MLS#,FAVORITE,INTERESTED,LATITUDE,LONGITUDE
"In accordance with local MLS rules, some MLS listings are not included in the download",,,,,,,,,,,,,,,,,,,,,,,,,,
MLS Listing,,Single Family Residential,4100 14th Ave S,Seattle,WA,98108,830000,4,2,Beacon Hill,1600,4155,1941,1,519,,Active,May-18-2024 12:00 PM,May-18-2024 02:00 PM,https://www.redfin.com/WA/Seattle/4100-14th-Ave-S-98108/home/170083,NWMLS as Distributed by MLS Grid,2238292,N,Y,47.5670867,-122.3144289
MLS Listing,,Single Family Residential,2520 S Raymond St,Seattle,WA,98108,899000,4,2,Beacon Hill,2640,8316,1963,1,341,,Active,May-17-2024 03:00 PM,May-17-2024 05:00 PM,https://www.redfin.com/WA/Seattle/2520-S-Raymond-St-98108/home/478314,NWMLS as Distributed by MLS Grid,2238840,N,Y,47.5488301,-122.2989455
MLS Listing,,Single Family Residential,824 B S Rose St,Seattle,WA,98108,479000,2,1.5,South Park,830,882,2022,1,577,26,Active,,,https://www.redfin.com/WA/Seattle/824-B-S-Rose-St-98108/home/190806092,NWMLS as Distributed by MLS Grid,2239001,N,Y,47.529132,-122.321705
MLS Listing,,Single Family Residential,9937 14th Ave S Unit A-2,Seattle,WA,98108,699875,3,4,Seattle,1962,18676,2024,1,357,100,Active,May-18-2024 11:00 AM,May-18-2024 01:00 PM,https://www.redfin.com/WA/Seattle/9937-14th-Ave-S-98108/unit-A-2/home/190805829,NWMLS as Distributed by MLS Grid,2239009,N,Y,47.5148497,-122.3182603
MLS Listing,,Single Family Residential,6440 23rd Ave S,Seattle,WA,98108,630000,2,1,Beacon Hill,950,5471,1925,1,663,,Active,May-17-2024 04:00 PM,May-17-2024 06:00 PM,https://www.redfin.com/WA/Seattle/6440-23rd-Ave-S-98108/home/482664,NWMLS as Distributed by MLS Grid,2237074,N,Y,47.5442013,-122.3038715
MLS Listing,,Single Family Residential,4915 25th Ave S,Seattle,WA,98108,899000,4,1.5,Beacon Hill,3006,8033,1950,1,299,,Active,May-18-2024 12:00 PM,May-18-2024 03:00 PM,https://www.redfin.com/WA/Seattle/4915-25th-Ave-S-98108/home/478755,NWMLS as Distributed by MLS Grid,2235950,N,Y,47.5580887,-122.3006346
PAST SALE,April-3-2009,Single Family Residential,5103 S Columbia Dr,Seattle,WA,98108,650000,2,1,Beacon Hill,1040,7467,1941,4,625,,Pending,,,https://www.redfin.com/WA/Seattle/5103-Columbia-Dr-S-98108/home/481222,NWMLS as Distributed by MLS Grid,2224693,N,Y,47.556526,-122.306107
PAST SALE,June-2-2021,Single Family Residential,1718 S Bennett St,Seattle,WA,98108,714999,4,1,Beacon Hill,1460,6120,1954,5,490,,Pending,,,https://www.redfin.com/WA/Seattle/1718-S-Bennett-St-98108/home/482184,NWMLS as Distributed by MLS Grid,2221214,N,Y,47.5549447,-122.3096685
MLS Listing,,Single Family Residential,3854 Renton Ave S,Seattle,WA,98108,949000,3,2,Columbia City,2328,5972,1906,6,408,,Active,,,https://www.redfin.com/WA/Seattle/3854-Renton-Ave-S-98108/home/172430,NWMLS as Distributed by MLS Grid,2236148,N,Y,47.5685245,-122.2939716
MLS Listing,,Townhouse,6701 Carleton Ave S Unit D,Seattle,WA,98108,650000,4,2.5,Georgetown,1840,1389,2005,6,353,,Active,,,https://www.redfin.com/WA/Seattle/6701-Carleton-Ave-S-98108/unit-D/home/2097788,NWMLS as Distributed by MLS Grid,2236113,N,Y,47.542321,-122.3220547
PAST SALE,August-18-2016,Single Family Residential,5812 Padilla Pl S,Seattle,WA,98108,549900,2,1,Georgetown,1530,2400,1925,7,359,,Pending,,,https://www.redfin.com/WA/Seattle/5812-Padilla-Pl-S-98108/home/476622,NWMLS as Distributed by MLS Grid,2231528,N,Y,47.5506903,-122.3225288
MLS Listing,,Multi-Family (2-4 Unit),6635 Carleton Ave S,Seattle,WA,98108,1045000,4,4,Georgetown,2910,3048,1908,7,359,,Active,,,https://www.redfin.com/WA/Seattle/6635-Carleton-Ave-S-98108/home/476594,NWMLS as Distributed by MLS Grid,2235519,N,Y,47.5433068,-122.3216702
MLS Listing,,Single Family Residential,4342 11th Ave S,Seattle,WA,98108,865000,3,2,Beacon Hill,2195,5760,1940,7,394,,Active,May-17-2024 04:00 PM,May-17-2024 06:00 PM,https://www.redfin.com/WA/Seattle/4342-11th-Ave-S-98108/home/169939,NWMLS as Distributed by MLS Grid,2224705,N,Y,47.5641657,-122.3182709
MLS Listing,,Single Family Residential,6401 Flora Ave S Unit A,Seattle,WA,98108,499990,1,1,Georgetown,788,1294,2015,7,635,52,Active,May-18-2024 11:00 AM,May-18-2024 01:00 PM,https://www.redfin.com/WA/Seattle/6401-Flora-Ave-S-98108/unit-A/home/190730979,NWMLS as Distributed by MLS Grid,2229623,N,Y,47.5455728,-122.3198539
MLS Listing,,Single Family Residential,1508 S Bennett St,Seattle,WA,98108,728000,3,2,Beacon Hill,1720,4590,1928,8,423,,Active,,,https://www.redfin.com/WA/Seattle/1508-S-Bennett-St-98108/home/480907,NWMLS as Distributed by MLS Grid,2234666,N,Y,47.5549485,-122.3129485
MLS Listing,,Single Family Residential,4462 31st Ave S,Seattle,WA,98108,949950,3,2.5,Columbia City,1860,1707,2013,8,511,174,Active,May-18-2024 01:00 PM,May-18-2024 04:00 PM,https://www.redfin.com/WA/Seattle/4462-31st-Ave-S-98108/home/28581796,NWMLS as Distributed by MLS Grid,2227715,N,Y,47.5632566,-122.2929108
MLS Listing,,Single Family Residential,1114 S Bennett St,Seattle,WA,98108,449850,2,1,Seattle,1500,3301,1908,8,300,,Active,,,https://www.redfin.com/WA/Seattle/1114-S-Bennett-St-98108/home/170455,NWMLS as Distributed by MLS Grid,2233624,N,Y,47.5550757,-122.3175329
PAST SALE,June-7-2013,Single Family Residential,4401 Renton Ave S,Seattle,WA,98108,980000,3,2.5,Columbia City,1680,4065,2012,10,583,158,Pending,,,https://www.redfin.com/WA/Seattle/4401-Renton-Ave-S-98108/home/28581775,NWMLS as Distributed by MLS Grid,2229064,N,Y,47.5642818,-122.2926763
MLS Listing,,Single Family Residential,1858 S Bennett Dr,Seattle,WA,98108,999000,3,3,Beacon Hill,2330,4744,2006,13,429,165,Active,,,https://www.redfin.com/WA/Seattle/1858-S-Bennett-Dr-98108/home/481033,NWMLS as Distributed by MLS Grid,2221289,N,Y,47.5546753,-122.3082162
MLS Listing,,Single Family Residential,1729 S Columbian Way,Seattle,WA,98108,678800,2,1,Seattle,810,5005,1952,13,838,,Active,May-18-2024 10:30 AM,May-18-2024 01:00 PM,https://www.redfin.com/WA/Seattle/1729-S-Columbian-Way-98108/home/481139,NWMLS as Distributed by MLS Grid,2230470,N,Y,47.5609832,-122.3096387
MLS Listing,,Single Family Residential,4810 15th Ave S,Seattle,WA,98108,788888,4,2,Beacon Hill,2560,3135,1954,13,308,,Active,,,https://www.redfin.com/WA/Seattle/4810-15th-Ave-S-98108/home/482726,NWMLS as Distributed by MLS Grid,2232589,N,Y,47.5601811,-122.3131357
PAST SALE,April-5-2016,Single Family Residential,2555 S Graham St,Seattle,WA,98108,1150000,4,2.5,Beacon Hill,3210,5355,1928,14,358,,Pending,,,https://www.redfin.com/WA/Seattle/2555-S-Graham-St-98108/home/479045,NWMLS as Distributed by MLS Grid,2227854,N,Y,47.546143,-122.2979762
PAST SALE,,Single Family Residential,5926 23rd Ave S,Seattle,WA,98108,500000,3,2,Beacon Hill,2080,7176,1961,14,240,,Pending,,,https://www.redfin.com/WA/Seattle/5926-23rd-Ave-S-98108/home/482326,NWMLS as Distributed by MLS Grid,2222835,N,Y,47.5490005,-122.3039712
MLS Listing,,Single Family Residential,2916 S Austin St,Seattle,WA,98108,699950,3,2.5,Beacon Hill,1090,2489,2024,14,642,4,Active,,,https://www.redfin.com/WA/Seattle/2916-S-Austin-St-98108/home/190574298,NWMLS as Distributed by MLS Grid,2232087,N,Y,47.5346583,-122.2940953
MLS Listing,,Townhouse,803 S Sullivan St Unit B,Seattle,WA,98108,460000,2,1,South Park,752,567,2023,14,612,55,Active,,,https://www.redfin.com/WA/Seattle/803-S-Sullivan-St-98108/unit-B/home/189788578,NWMLS as Distributed by MLS Grid,2232055,N,Y,47.5271168,-122.3228072
MLS Listing,,Townhouse,2905 S Adams St,Seattle,WA,98108,760000,3,2.5,Columbia City,1430,1733,2006,15,531,351,Active,May-19-2024 02:00 PM,May-19-2024 04:00 PM,https://www.redfin.com/WA/Seattle/2905-S-Adams-St-98108/home/8187272,NWMLS as Distributed by MLS Grid,2231540,N,Y,47.5647969,-122.2969437
MLS Listing,,Single Family Residential,9935 14th Ave S Unit A-3,Seattle,WA,98108,749850,3,4,Seattle,1997,1,2024,15,375,100,Active,May-18-2024 11:00 AM,May-18-2024 01:00 PM,https://www.redfin.com/WA/Seattle/9935-14th-Ave-S-98108/unit-A-3/home/190606912,NWMLS as Distributed by MLS Grid,2231313,N,Y,47.5148497,-122.3182603
MLS Listing,,Single Family Residential,2640 S Morgan St,Seattle,WA,98108,750000,3,2,Beacon Hill,1490,8750,1945,20,503,,Active,May-19-2024 12:00 PM,May-19-2024 02:00 PM,https://www.redfin.com/WA/Seattle/2640-S-Morgan-St-98108/home/478297,NWMLS as Distributed by MLS Grid,2225814,N,Y,47.5446719,-122.2980325
MLS Listing,,Townhouse,1058 S Cloverdale Unit B,Seattle,WA,98108,679000,4,2,South Park,1650,,2020,21,412,50,Active,May-19-2024 02:30 PM,May-19-2024 04:30 PM,https://www.redfin.com/WA/Seattle/1058-S-Cloverdale-St-98108/unit-B/home/172711449,NWMLS as Distributed by MLS Grid,2223083,N,Y,47.5266939,-122.3178
MLS Listing,,Townhouse,3033 S Adams St,Seattle,WA,98108,650000,2,2.5,Columbia City,1270,2065,2013,21,512,542,Active,,,https://www.redfin.com/WA/Seattle/3033-S-Adams-St-98108/home/28582104,NWMLS as Distributed by MLS Grid,2222224,N,Y,47.5650055,-122.2950058
MLS Listing,,Townhouse,6719 Carleton Ave S Unit A,Seattle,WA,98108,729950,2,2,Georgetown,1524,1044,2021,21,479,50,Active,May-19-2024 12:00 PM,May-19-2024 02:00 PM,https://www.redfin.com/WA/Seattle/6719-Carleton-Ave-S-98108/unit-A/home/179737572,NWMLS as Distributed by MLS Grid,2222767,N,Y,47.5418135,-122.3224039
PAST SALE,September-8-1982,Single Family Residential,1219 -1235 S Cloverdale St,Seattle,WA,98108,1950000,5,4.5,South Park,1600,26940,1906,23,1219,,Pending,,,https://www.redfin.com/WA/Seattle/1219-S-Cloverdale-St-98108/home/477200,NWMLS as Distributed by MLS Grid,2189184,N,Y,47.526285,-122.3166862
MLS Listing,,Single Family Residential,5511 26th Ave S,Seattle,WA,98108,1280000,5,4,Beacon Hill,3030,5994,1938,23,422,,Active,May-19-2024 12:00 PM,May-19-2024 03:00 PM,https://www.redfin.com/WA/Seattle/5511-26th-Ave-S-98108/home/478327,NWMLS as Distributed by MLS Grid,2220101,N,Y,47.5519809,-122.2993933
MLS Listing,,Single Family Residential,809 S Orcas St,Seattle,WA,98108,730000,2,1,Georgetown,1680,4200,1900,28,435,,Active,,,https://www.redfin.com/WA/Seattle/809-S-Orcas-St-98108/home/476661,NWMLS as Distributed by MLS Grid,2223323,N,Y,47.5501261,-122.3227928
PAST SALE,August-27-2021,Single Family Residential,1209 S Donovan St,Seattle,WA,98108,549950,3,1,South Park,960,6000,1956,30,573,,Pending,,,https://www.redfin.com/WA/Seattle/1209-S-Donovan-St-98108/home/477278,NWMLS as Distributed by MLS Grid,2219685,N,Y,47.5254353,-122.3171789
PAST SALE,March-3-2020,Single Family Residential,6737 Ellis Ave S,Seattle,WA,98108,785000,4,2,Georgetown,2250,4000,1919,34,349,,Pending,,,https://www.redfin.com/WA/Seattle/6737-Ellis-Ave-S-98108/home/476792,NWMLS as Distributed by MLS Grid,2219712,N,Y,47.5410749,-122.3201756
MLS Listing,,Townhouse,7134 Beacon Ave S Unit C,Seattle,WA,98108,630000,3,2,Holly Park,1281,1,2021,40,492,380,Active,,,https://www.redfin.com/WA/Seattle/7134-Beacon-Ave-S-98108/unit-C/home/190405546,NWMLS as Distributed by MLS Grid,2212117,N,Y,47.5383179,-122.2945442
MLS Listing,,Vacant Land,4916 30th Ave S,Seattle,WA,98108,600000,,,Beacon Hill,,9618,,41,,,Active,,,https://www.redfin.com/WA/Seattle/4916-30th-Ave-S-98108/home/479568,NWMLS as Distributed by MLS Grid,2219799,N,Y,47.5577622,-122.29393
MLS Listing,,Single Family Residential,2131 S Graham St,Seattle,WA,98108,995000,5,3,Beacon Hill,2800,6320,1953,42,355,,Active,May-17-2024 04:00 PM,May-17-2024 07:00 PM,https://www.redfin.com/WA/Seattle/2131-S-Graham-St-98108/home/481267,NWMLS as Distributed by MLS Grid,2218965,N,Y,47.5463166,-122.3052992
MLS Listing,,Vacant Land,1732 S Ferdinand St,Seattle,WA,98108,998950,,,Beacon Hill,,18267,,42,,,Active,,,https://www.redfin.com/WA/Seattle/1732-S-Ferdinand-St-98108/home/481567,NWMLS as Distributed by MLS Grid,2218515,N,Y,47.5592423,-122.3090565
MLS Listing,,Single Family Residential,3000 S Portland St,Seattle,WA,98108,775000,4,2.5,Beacon Hill,1840,2500,2015,44,421,,Active,,,https://www.redfin.com/WA/Seattle/3000-S-Portland-St-98108/home/59703836,NWMLS as Distributed by MLS Grid,2208783,N,Y,47.5332888,-122.2932871
PAST SALE,,Vacant Land,2928 S Bradford St,Seattle,WA,98108,145000,,,Columbia City,,5000,,50,,,Pending,,,https://www.redfin.com/WA/Seattle/2928-S-Bradford-St-98108/home/188704416,NWMLS as Distributed by MLS Grid,2206314,N,Y,47.5691797,-122.2942675
PAST SALE,,Townhouse,527 S Cloverdale St Unit C,Seattle,WA,98108,555000,2,2.5,South Park,1370,678,2022,51,405,,Pending,,,https://www.redfin.com/WA/Seattle/527-S-Cloverdale-St-98108/unit-C/home/182044573,NWMLS as Distributed by MLS Grid,2204540,N,Y,47.526262,-122.3270324
MLS Listing,,Vacant Land,9929 Des Moines Memorial Dr S,Seattle,WA,98108,470000,,,Seattle,,29300,,57,,,Active,,,https://www.redfin.com/WA/Seattle/9929-Des-Moines-Memorial-Dr-98108/home/18663726,NWMLS as Distributed by MLS Grid,2207591,N,Y,47.514169,-122.313157
MLS Listing,,Single Family Residential,7956 Military Rd S,Seattle,WA,98108,1000000,4,2,Beacon Hill,2900,30048,1925,63,345,,Active,,,https://www.redfin.com/WA/Seattle/7956-Military-Rd-S-98108/home/481609,NWMLS as Distributed by MLS Grid,2210527,N,Y,47.5303669,-122.2921557
PAST SALE,,Single Family Residential,7102 Beacon Ave S,Seattle,WA,98108,780000,3,3.5,Brighton,1547,1,2023,69,504,120,Pending,,,https://www.redfin.com/WA/Seattle/7102-Beacon-Ave-S-98108/home/184983252,NWMLS as Distributed by MLS Grid,2197711,N,Y,47.5387301,-122.2953974
PAST SALE,June-29-2018,Vacant Land,3001 S Dakota St,Seattle,WA,98108,1800000,,,Seattle,,18973,,70,,,Pending,,,https://www.redfin.com/WA/Seattle/3001-S-Dakota-St-98108/home/172565,NWMLS as Distributed by MLS Grid,2188369,N,Y,47.566009,-122.295442
MLS Listing,,Townhouse,2817 S Columbian Way,Seattle,WA,98108,749000,3,2,Columbia City,1510,2346,2006,83,496,310,Active,,,https://www.redfin.com/WA/Seattle/2817-S-Columbian-Way-98108/home/8186659,NWMLS as Distributed by MLS Grid,2198052,N,Y,47.561931,-122.2963391
PAST SALE,,Condo/Co-op,748 S Cloverdale St #3,Seattle,WA,98108,225000,1,1,South Park,574,,1963,87,392,100,Pending,,,https://www.redfin.com/WA/Seattle/748-S-Cloverdale-St-98108/unit-3/home/190272428,NWMLS as Distributed by MLS Grid,2181630,N,Y,47.5267242,-122.3232562
MLS Listing,,Townhouse,2851 S Myrtle St,Seattle,WA,98108,854900,3,2.5,Brighton,2101,2238,2023,94,407,120,Active,,,https://www.redfin.com/WA/Unknown/2851-S-Myrtle-St-Unknown/home/185902391,NWMLS as Distributed by MLS Grid,2193829,N,Y,47.53874,-122.295222
MLS Listing,,Townhouse,7110 B Beacon Ave S,Seattle,WA,98108,899900,3,3.5,Brighton,2186,1285,2022,98,412,120,Active,,,https://www.redfin.com/WA/Seattle/7110-Beacon-Ave-S-98108/home/181271117,NWMLS as Distributed by MLS Grid,2197713,N,Y,47.538638,-122.2951027
PAST SALE,September-22-1989,Single Family Residential,2707 S Ferdinand St,Seattle,WA,98108,2499000,6,4.5,Beacon Hill,4640,5001,2023,125,539,,Pending,,,https://www.redfin.com/WA/Seattle/2707-S-Ferdinand-St-98108/home/478490,NWMLS as Distributed by MLS Grid,2189535,N,Y,47.5582123,-122.2976847
MLS Listing,,Multi-Family (5+ Unit),8333 Dallas Ave S,Seattle,WA,98108,2100000,4,6,South Park,2600,3230,1901,125,808,,Active,,,https://www.redfin.com/WA/Seattle/8333-Dallas-Ave-S-98108/home/2085267,NWMLS as Distributed by MLS Grid,2190486,N,Y,47.5282907,-122.3179329
MLS Listing,,Single Family Residential,5403 Maynard Ave S,Seattle,WA,98108,1450000,3,1,Georgetown,2250,10000,1900,126,644,,Active,,,https://www.redfin.com/WA/Seattle/5403-Maynard-Ave-S-98108/home/476832,NWMLS as Distributed by MLS Grid,2190637,N,Y,47.5539651,-122.3256717
PAST SALE,September-30-1998,Single Family Residential,1008 S Trenton St,Seattle,WA,98108,710000,5,3,South Park,2000,8750,1957,131,355,,Pending,,,https://www.redfin.com/WA/Seattle/1008-S-Trenton-St-98108/home/477686,NWMLS as Distributed by MLS Grid,2185816,N,Y,47.5248694,-122.3197888
MLS Listing,,Single Family Residential,6322 Beacon Ave S,Seattle,WA,98108,1250000,3,3,Beacon Hill,2800,16340,1947,168,446,,Active,,,https://www.redfin.com/WA/Seattle/6322-Beacon-Ave-S-98108/home/478337,NWMLS as Distributed by MLS Grid,2183117,N,Y,47.5456361,-122.2996139
MLS Listing,,Single Family Residential,4138 Renton Ave S,Seattle,WA,98108,1100000,2,1,Columbia City,1500,13680,1942,357,733,,Active,,,https://www.redfin.com/WA/Seattle/4138-Renton-Ave-S-98108/home/172000,NWMLS as Distributed by MLS Grid,2068961,N,Y,47.5650723,-122.2920328
MLS Listing,,Single Family Residential,5526 20th Ave S,Seattle,WA,98108,765000,3,2,Beacon Hill,1652,4000,1908,436,463,,Active,,,https://www.redfin.com/WA/Seattle/5526-20th-Ave-S-98108/home/481418,NWMLS as Distributed by MLS Grid,2038713,N,Y,47.5526014,-122.307063
PAST SALE,,Vacant Land,8445 1st Ave S,Seattle,WA,98108,695000,,,South Park,,112349,,12,,,Pending,,,https://www.redfin.com/WA/Seattle/8445-1st-Ave-S-98108/home/190389953,NWMLS as Distributed by MLS Grid,2218621,N,Y,47.5275427,-122.3359853
