SALE TYPE,SOLD DATE,PROPERTY TYPE,ADDRESS,CITY,STATE OR PROVINCE,ZIP OR POSTAL CODE,PRICE,BEDS,BATHS,LOCATION,SQUARE FEET,LOT SIZE,YEAR BUILT,DAYS ON MARKET,$/SQUARE FEET,HOA/MONTH,STATUS,NEXT OPEN HOUSE START TIME,NEXT OPEN HOUSE END TIME,URL (SEE https://www.redfin.com/buy-a-home/comparative-market-analysis FOR INFO ON PRICING),SOURCE,MLS#,FAVORITE,INTERESTED,LATITUDE,LONGITUDE
"In accordance with local MLS rules, some MLS listings are not included in the download",,,,,,,,,,,,,,,,,,,,,,,,,,
PAST SALE,February-12-2015,Single Family Residential,15310 110th Pl NE,Bothell,WA,98011,868000,3,1.5,Bothell,1200,7236,1975,6,723,,Pending,,,https://www.redfin.com/WA/Bothell/15310-110th-Pl-NE-98011/home/458092,NWMLS as Distributed by MLS Grid,2220643,N,Y,47.7390499,-122.1936946
PAST SALE,,Condo/Co-op,12309 NE 203rd St #92,Bothell,WA,98011,1097000,4,3,Bothell,2665,,2007,8,412,37,Pending,,,https://www.redfin.com/WA/Bothell/12309-NE-203rd-St-98011/unit-92/home/190654582,NWMLS as Distributed by MLS Grid,2230580,N,Y,47.7741713,-122.1765155
MLS Listing,,Condo/Co-op,19404 Bothell Way NE Unit D-204,Bothell,WA,98011,515000,3,2,Bothell,1210,,1991,22,426,638,Active,,,https://www.redfin.com/WA/Bothell/19404-Bothell-Way-NE-98011/unit-D204/home/72624,NWMLS as Distributed by MLS Grid,2227274,N,Y,47.7688591,-122.2106021
PAST SALE,,Single Family Residential,10046 NE 196th Pl,Bothell,WA,98011,2391699,4,4.5,Maywood Hills,4104,10596,2024,1,583,126,Pending,,,https://www.redfin.com/WA/Bothell/10046-NE-196th-Pl-98011/home/184001561,NWMLS as Distributed by MLS Grid,2195128,N,Y,47.757286,-122.198637
MLS Listing,,Single Family Residential,17413 113th Ave NE,Bothell,WA,98011,975000,3,2.5,Bothell,1880,6254,1984,1,519,25,Active,May-18-2024 01:00 PM,May-18-2024 04:00 PM,https://www.redfin.com/WA/Bothell/17413-113th-Ave-NE-98011/home/286414,NWMLS as Distributed by MLS Grid,2217877,N,Y,47.7545417,-122.1905181
MLS Listing,,Condo/Co-op,10809 NE 147th Ln Unit M101,Bothell,WA,98011,430000,2,1,Juanita,850,374551,1982,1,506,513,Active,May-19-2024 11:00 AM,May-19-2024 02:00 PM,https://www.redfin.com/WA/Bothell/10809-NE-147th-Ln-98011/unit-M101/home/12306694,NWMLS as Distributed by MLS Grid,2237781,N,Y,47.7350302,-122.1964052
MLS Listing,,Single Family Residential,15211 110th Pl NE,Bothell,WA,98011,885000,4,2,Bothell,1560,7800,1975,1,567,,Active,May-18-2024 12:00 PM,May-18-2024 02:00 PM,https://www.redfin.com/WA/Bothell/15211-110th-Pl-NE-98011/home/458852,NWMLS as Distributed by MLS Grid,2234565,N,Y,47.7382537,-122.1938008
PAST SALE,,Single Family Residential,9314 NE 173rd (Lot 7) St,Bothell,WA,98011,1724990,5,3.5,Downtown Bothell,2912,4420,2024,1,592,168,Pending,,,https://www.redfin.com/WA/Bothell/9314-NE-173rd-St-98011/home/188721870,NWMLS as Distributed by MLS Grid,2217693,N,Y,47.7534933,-122.2152343
PAST SALE,May-14-1992,Single Family Residential,10023 NE 202nd St,Bothell,WA,98011,665000,3,1,Bothell,960,8401,1972,1,693,,Pending,,,https://www.redfin.com/WA/Bothell/10023-NE-202nd-St-98011/home/286769,NWMLS as Distributed by MLS Grid,2229644,N,Y,47.7748561,-122.2060511
PAST SALE,,Townhouse,8905 NE 173rd Pl Unit A,Bothell,WA,98011,1084950,4,3.5,Bothell,2364,1909,2024,1,459,140,Pending,,,https://www.redfin.com/WA/Bothell/8905-NE-173rd-Pl-98011/unit-A/home/190554400,NWMLS as Distributed by MLS Grid,2225307,N,Y,47.7534466,-122.222408
MLS Listing,,Single Family Residential,19042 84th Pl NE,Bothell,WA,98011,1698000,4,3,Bothell,3301,6223,2017,1,514,84,Active,May-17-2024 04:00 PM,May-17-2024 06:00 PM,https://www.redfin.com/WA/Bothell/19042-84th-Pl-NE-98011/home/113178657,NWMLS as Distributed by MLS Grid,2236908,N,Y,47.7668129,-122.2270495
MLS Listing,,Single Family Residential,15823 119th Ave NE,Bothell,WA,98011,1150000,3,2.5,Queensgate,1270,7865,1972,1,906,,Active,May-18-2024 02:30 PM,May-18-2024 04:30 PM,https://www.redfin.com/WA/Bothell/15823-119th-Ave-NE-98011/home/456052,NWMLS as Distributed by MLS Grid,2237463,N,Y,47.7427645,-122.1817083
MLS Listing,,Single Family Residential,11819 92nd Ave NE,Bothell,WA,98011,1165000,3,2,Bothell,1790,12648,1959,1,651,,Active,,,https://www.redfin.com/WA/Bothell/11819-92nd-AVE-NE-98011/home/190794944,NWMLS as Distributed by MLS Grid,2236656,N,Y,47.764646,-122.218149
PAST SALE,December-15-2020,Condo/Co-op,19316 Bothell Way NE Unit C203,Bothell,WA,98011,435000,2,2,Bothell,1048,,1991,2,415,579,Pending,May-17-2024 04:00 PM,May-17-2024 07:00 PM,https://www.redfin.com/WA/Bothell/19316-Bothell-Way-NE-98011/unit-C203/home/15559,NWMLS as Distributed by MLS Grid,2237262,N,Y,47.7684852,-122.2104259
PAST SALE,,Single Family Residential,9308 NE 173rd (Lot 8) Pl,Bothell,WA,98011,1629990,5,4.5,Downtown Bothell,3002,4879,2024,2,543,168,Pending,,,https://www.redfin.com/WA/Bothell/9308-NE-173rd-St-98011/home/188721872,NWMLS as Distributed by MLS Grid,2190438,N,Y,47.7534933,-122.2152343
PAST SALE,June-2-2009,Mobile/Manufactured Home,12821 NE 198th Ct,Bothell,WA,98011,305000,3,2,Holly Hills,1110,6162,1985,2,275,26,Pending,,,https://www.redfin.com/WA/Bothell/12821-NE-198th-Ct-98011/home/18984939,NWMLS as Distributed by MLS Grid,2230640,N,Y,47.7711006,-122.1696566
PAST SALE,,Townhouse,18719 101st Ave NE #14,Bothell,WA,98011,998000,3,2.5,Bothell,1935,59821,2008,2,516,265,Pending,,,https://www.redfin.com/WA/Bothell/18719-101st-Ave-NE-98011/unit-14/home/190609371,NWMLS as Distributed by MLS Grid,2229459,N,Y,47.7637831,-122.2065914
PAST SALE,March-25-1994,Single Family Residential,14705 106th Ave NE,Bothell,WA,98011,1090000,4,2.5,Norway Hill,2113,9648,1978,2,516,,Pending,,,https://www.redfin.com/WA/Bothell/14705-106th-Ave-NE-98011/home/458132,NWMLS as Distributed by MLS Grid,2230170,N,Y,47.734917,-122.200176
PAST SALE,December-4-2002,Mobile/Manufactured Home,19215 128th Pl NE,Bothell,WA,98011,395000,2,2,Holly Hills,1632,5937,1974,2,242,25,Pending,,,https://www.redfin.com/WA/Bothell/19215-128th-Pl-NE-98011/home/59705029,NWMLS as Distributed by MLS Grid,2211643,N,Y,47.7662434,-122.1709567
PAST SALE,,Townhouse,8905 NE 173rd Pl Unit D,Bothell,WA,98011,1094950,4,3.5,Bothell,2364,1916,2024,2,463,140,Pending,May-18-2024 12:00 PM,May-18-2024 04:00 PM,https://www.redfin.com/WA/Bothell/8905-NE-173rd-Pl-98011/unit-D/home/190580968,NWMLS as Distributed by MLS Grid,2225900,N,Y,47.7534466,-122.222408
MLS Listing,,Townhouse,8837 NE 173rd Pl Unit B,Bothell,WA,98011,1249950,4,3.5,Bothell,2670,2167,2024,2,468,140,Active,May-18-2024 01:00 PM,May-18-2024 05:00 PM,https://www.redfin.com/WA/Bothell/8837-NE-173rd-Pl-98011/unit-B/home/190786883,NWMLS as Distributed by MLS Grid,2234502,N,Y,47.7534394,-122.2227406
MLS Listing,,Single Family Residential,9307 NE 188th St,Bothell,WA,98011,950000,2,2,West Hill,1640,20115,1949,2,579,,Active,May-18-2024 11:00 AM,May-18-2024 01:00 PM,https://www.redfin.com/WA/Bothell/9307-NE-188th-St-98011/home/285591,NWMLS as Distributed by MLS Grid,2237386,N,Y,47.7637894,-122.2160288
PAST SALE,October-30-2007,Single Family Residential,17309 106th Pl NE,Bothell,WA,98011,1425000,5,3,Bothell,2510,6600,2000,3,568,58,Pending,,,https://www.redfin.com/WA/Bothell/17309-106th-Pl-NE-98011/home/284230,NWMLS as Distributed by MLS Grid,2233450,N,Y,47.7533238,-122.1989131
PAST SALE,March-28-2016,Single Family Residential,15803 98th Ave NE,Bothell,WA,98011,2290000,6,4,Bothell,4663,10758,2016,3,491,75,Pending,,,https://www.redfin.com/WA/Bothell/15803-98th-Ave-NE-98011/home/101611790,NWMLS as Distributed by MLS Grid,2226824,N,Y,47.7424728,-122.2107575
PAST SALE,December-7-2020,Single Family Residential,9929 NE 158th St,Bothell,WA,98011,2098000,4,4.5,Bothell,3670,9616,2018,4,572,75,Pending,,,https://www.redfin.com/WA/Bothell/9929-NE-158th-St-98011/home/101611813,NWMLS as Distributed by MLS Grid,2217171,N,Y,47.7422673,-122.2077886
PAST SALE,October-26-2012,Mobile/Manufactured Home,19605 129th Ave NE,Bothell,WA,98011,515000,2,2,Holly Hills,1440,4541,1978,4,358,25,Pending,,,https://www.redfin.com/WA/Bothell/19605-129th-Ave-NE-98011/home/40191349,NWMLS as Distributed by MLS Grid,2215697,N,Y,47.7697634,-122.1699887
PAST SALE,May-4-2018,Single Family Residential,10121 NE 147th St,Bothell,WA,98011,1999000,6,4,Juanita,4320,7474,2017,4,463,135,Pending,,,https://www.redfin.com/WA/Bothell/10121-NE-147th-St-98011/home/69356969,NWMLS as Distributed by MLS Grid,2218877,N,Y,47.7349074,-122.205004
PAST SALE,August-29-2018,Townhouse,10719 Ross Rd Unit A,Bothell,WA,98011,998800,4,2.5,Downtown Bothell,2325,71371,2008,4,430,434,Pending,,,https://www.redfin.com/WA/Bothell/10719-Ross-Rd-98011/unit-A/home/25674684,NWMLS as Distributed by MLS Grid,2232394,N,Y,47.7628754,-122.1972861
PAST SALE,January-23-2006,Single Family Residential,16416 122nd Ct NE,Bothell,WA,98011,1000000,4,2.5,Bothell,2170,7420,1995,4,461,12,Pending,,,https://www.redfin.com/WA/Bothell/16416-122nd-Ct-NE-98011/home/454284,NWMLS as Distributed by MLS Grid,2226336,N,Y,47.7475719,-122.177995
PAST SALE,August-30-2000,Mobile/Manufactured Home,19505 129th Ave NE,Bothell,WA,98011,200000,2,1,Holly Hills,924,4198,1979,4,216,,Pending,,,https://www.redfin.com/WA/Bothell/19505-129th-Ave-NE-98011/home/59704982,NWMLS as Distributed by MLS Grid,2232733,N,Y,47.7690886,-122.1699521
PAST SALE,June-18-2004,Single Family Residential,15208 93rd Pl NE,Bothell,WA,98011,1500000,4,3,Amber Ridge,2530,11674,1989,4,593,33,Pending,,,https://www.redfin.com/WA/Bothell/15208-93rd-Pl-NE-98011/home/284615,NWMLS as Distributed by MLS Grid,2232683,N,Y,47.7389608,-122.2161452
PAST SALE,October-26-2020,Mobile/Manufactured Home,19501 NE Hollyhills Dr,Bothell,WA,98011,517000,3,2,Holly Hills,1400,4052,1979,4,369,26,Pending,,,https://www.redfin.com/WA/Bothell/19501-Hollyhills-Dr-NE-98011/home/58256534,NWMLS as Distributed by MLS Grid,2223037,N,Y,47.7688005,-122.1711463
PAST SALE,,Single Family Residential,10031 NE 147th St,Bothell,WA,98011,1845000,4,3,Bothell,3680,6875,2015,5,501,135,Pending,,,https://www.redfin.com/WA/Bothell/10031-NE-147th-St-98011/home/69356949,NWMLS as Distributed by MLS Grid,2224390,N,Y,47.7349339,-122.2061504
PAST SALE,,Single Family Residential,20338 125th Ave NE Unit SM 06,Bothell,WA,98011,1499950,5,3,Woodinville,2700,5310,2024,5,556,83,Pending,,,https://www.redfin.com/WA/Bothell/20338-125th-Ave-NE-98011/unit-SM-06/home/190328294,NWMLS as Distributed by MLS Grid,2215200,N,Y,47.7615464,-122.1738944
PAST SALE,,Single Family Residential,20428 125th Ave NE Unit SM 01,Bothell,WA,98011,1399950,5,3,Woodinville,2473,5498,2024,5,566,63,Pending,,,https://www.redfin.com/WA/Bothell/20428-125th-Ave-NE-98011/unit-SM-01/home/189683238,NWMLS as Distributed by MLS Grid,2192594,N,Y,47.7615464,-122.1738944
PAST SALE,,Single Family Residential,20324 125th Ave NE Unit SM 09,Bothell,WA,98011,1589950,5,3,Woodinville,2853,5310,2024,5,557,83,Pending,,,https://www.redfin.com/WA/Bothell/20324-125th-Avenue-NE-98011/unit-SM-09/home/190555658,NWMLS as Distributed by MLS Grid,2225956,N,Y,47.7615464,-122.1738944
PAST SALE,,Single Family Residential,20332 125th Ave NE Unit SM 07,Bothell,WA,98011,1499950,5,3,Woodinville,2665,5310,2024,5,563,83,Pending,,,https://www.redfin.com/WA/Bothell/20332-125th-Ave-NE-98011/unit-SM-07/home/190390094,NWMLS as Distributed by MLS Grid,2218182,N,Y,47.7615464,-122.1738944
PAST SALE,June-14-2013,Single Family Residential,8901 NE 191st Pl,Bothell,WA,98011,985000,3,3,West Hill,1860,9866,1975,5,530,,Pending,,,https://www.redfin.com/WA/Bothell/8901-NE-191st-Pl-98011/home/285641,NWMLS as Distributed by MLS Grid,2226021,N,Y,47.7670148,-122.2209299
PAST SALE,,Single Family Residential,20404 125th Ave NE Unit SM 05,Bothell,WA,98011,1519950,5,3,Woodinville,2853,5310,2024,5,533,83,Pending,,,https://www.redfin.com/WA/Bothell/20404-125th-Ave-NE-98011/unit-SM-05/home/190251288,NWMLS as Distributed by MLS Grid,2212436,N,Y,47.7615464,-122.1738944
PAST SALE,,Single Family Residential,10028 NE 150th Dr,Bothell,WA,98011,1975000,4,3.5,Bothell,3600,9729,2013,5,549,113,Pending,,,https://www.redfin.com/WA/Bothell/10028-NE-150th-Dr-98011/home/44657509,NWMLS as Distributed by MLS Grid,2232219,N,Y,47.737284,-122.2059712
PAST SALE,January-12-2007,Single Family Residential,17926 91st Pl NE,Bothell,WA,98011,750000,4,1,Bothell,1400,8400,1960,5,536,,Pending,,,https://www.redfin.com/WA/Bothell/17926-91st-Pl-NE-98011/home/286196,NWMLS as Distributed by MLS Grid,2232010,N,Y,47.7580659,-122.2199303
PAST SALE,,Single Family Residential,9322 NE 173rd (Lot 10) Pl,Bothell,WA,98011,1599990,5,3,Downtown Bothell,2706,4000,2024,5,591,168,Pending,,,https://www.redfin.com/WA/Bothell/9322-NE-173rd-St-98011/home/188721875,NWMLS as Distributed by MLS Grid,2192796,N,Y,47.7534933,-122.2152343
PAST SALE,,Single Family Residential,20410 125th Ave NE Unit SM 04,Bothell,WA,98011,1469950,5,3,Woodinville,2665,5310,2024,6,552,83,Pending,,,https://www.redfin.com/WA/Bothell/20410-125th-Ave-NE-98011/unit-SM-04/home/190133694,NWMLS as Distributed by MLS Grid,2209033,N,Y,47.7615464,-122.1738944
MLS Listing,,Townhouse,8837 NE 173rd Pl Unit C,Bothell,WA,98011,1149950,4,3.5,Bothell,2229,1705,2024,6,516,140,Active,May-18-2024 01:00 PM,May-18-2024 05:00 PM,https://www.redfin.com/WA/Bothell/8837-NE-173rd-Pl-98011/unit-C/home/190750306,NWMLS as Distributed by MLS Grid,2234485,N,Y,47.7534394,-122.2227406
MLS Listing,,Townhouse,16705 96 Ct NE Unit B35,Bothell,WA,98011,850000,3,2,Bothell,1662,,1979,6,511,637,Active,May-18-2024 12:00 PM,May-18-2024 04:00 PM,https://www.redfin.com/WA/Bothell/16705-96th-Ct-NE-98011/unit-B35/home/190749498,NWMLS as Distributed by MLS Grid,2235034,N,Y,47.7492217,-122.2128742
MLS Listing,,Single Family Residential,17320 93rd (Lot 4) Ave NE,Bothell,WA,98011,1719990,5,3,Downtown Bothell,2706,3988,2024,6,636,168,Active,May-18-2024 12:00 PM,May-18-2024 04:00 PM,https://www.redfin.com/WA/Bothell/17320-93rd-Lot-4-AVE-NE-98011/home/190743038,NWMLS as Distributed by MLS Grid,2235376,N,Y,47.753622,-122.216646
MLS Listing,,Mobile/Manufactured Home,12701 NE 190th St,Bothell,WA,98011,498000,3,2,Holly Hills,1452,5185,1993,7,343,25,Active,,,https://www.redfin.com/WA/Bothell/12701-NE-190th-St-98011/home/17066335,NWMLS as Distributed by MLS Grid,2233921,N,Y,47.7645093,-122.1712849
PAST SALE,,Single Family Residential,20422 125th Ave NE Unit SM 02,Bothell,WA,98011,1489950,5,3,Woodinville,2700,5310,2024,7,552,63,Pending,,,https://www.redfin.com/WA/Bothell/20422-125th-Ave-NE-98011/unit-SM-02/home/189770546,NWMLS as Distributed by MLS Grid,2200245,N,Y,47.7615464,-122.1738944
PAST SALE,,Single Family Residential,17340 93rd (Lot 1) Ave NE,Bothell,WA,98011,1699990,5,3,Downtown Bothell,2706,4000,2024,7,628,168,Pending,,,https://www.redfin.com/WA/Bothell/17340-93rd-Lot-1-AVE-NE-98011/home/190364525,NWMLS as Distributed by MLS Grid,2217477,N,Y,47.753901,-122.2167
PAST SALE,,Single Family Residential,20416 125th Ave NE Unit SM 03,Bothell,WA,98011,1509950,5,3,Woodinville,2853,5310,2024,7,529,83,Pending,,,https://www.redfin.com/WA/Bothell/20416-125th-Ave-NE-98011/unit-SM-03/home/189943852,NWMLS as Distributed by MLS Grid,2203788,N,Y,47.7615464,-122.1738944
PAST SALE,July-24-2013,Townhouse,9821 NE Riverbend Dr,Bothell,WA,98011,895000,3,2.5,Bothell,2008,,1995,7,446,630,Pending,,,https://www.redfin.com/WA/Bothell/9821-Riverbend-Dr-98011/home/17074431,NWMLS as Distributed by MLS Grid,2227202,N,Y,47.7487999,-122.2106873
MLS Listing,,Condo/Co-op,10821 NE 147th Ln Unit P-104,Bothell,WA,98011,425000,2,1,Juanita,850,,1982,7,500,514,Active,,,https://www.redfin.com/WA/Bothell/10821-NE-147th-Ln-98011/unit-P104/home/12307159,NWMLS as Distributed by MLS Grid,2231828,N,Y,47.7345639,-122.1959056
PAST SALE,,Townhouse,12005 NE 193rd Ln Unit F,Bothell,WA,98011,899990,3,3,North Creek,1696,,2024,8,531,338,Pending,,,https://www.redfin.com/WA/Bothell/12005-NE-193rd-Ln-98011/unit-F/home/190407440,NWMLS as Distributed by MLS Grid,2215766,N,Y,47.768136,-122.179352
PAST SALE,,Townhouse,12008 NE 193rd Ln Unit C,Bothell,WA,98011,924990,3,3,North Creek,1696,,2024,8,545,338,Pending,,,https://www.redfin.com/WA/Bothell/12008-NE-193rd-Ln-98011/unit-C/home/190407441,NWMLS as Distributed by MLS Grid,2215799,N,Y,47.768336,-122.179269
PAST SALE,,Mobile/Manufactured Home,12639 NE 194th St,Bothell,WA,98011,550000,3,2,Bothell,1530,6513,2015,8,359,,Pending,,,https://www.redfin.com/WA/Bothell/12639-NE-194th-St-98011/home/59705021,NWMLS as Distributed by MLS Grid,2232536,N,Y,47.7680658,-122.1713147
PAST SALE,,Single Family Residential,20328 125th Ave NE Unit SM 08,Bothell,WA,98011,1559950,5,3,Woodinville,2700,5310,2024,8,578,83,Pending,,,https://www.redfin.com/WA/Bothell/20328-125th-Ave-NE-98011/unit-SM-08/home/190487322,NWMLS as Distributed by MLS Grid,2221105,N,Y,47.7615464,-122.1738944
PAST SALE,,Townhouse,12005 NE 193rd Ln Unit G,Bothell,WA,98011,1009990,4,3.5,North Creek,1972,,2024,8,512,338,Pending,,,https://www.redfin.com/WA/Bothell/12005-NE-193rd-Ln-98011/unit-G/home/190407442,NWMLS as Distributed by MLS Grid,2215805,N,Y,47.768136,-122.179352
PAST SALE,,Townhouse,12008 NE 193rd Ln Unit A,Bothell,WA,98011,1024990,4,3.5,North Creek,1972,,2024,8,520,338,Pending,,,https://www.redfin.com/WA/Bothell/12008-NE-193rd-Ln-98011/unit-A/home/190407427,NWMLS as Distributed by MLS Grid,2215825,N,Y,47.768336,-122.179269
MLS Listing,,Single Family Residential,14809 98th Ave NE,Bothell,WA,98011,2390000,5,4,Bothell,4450,9791,2014,8,537,85,Active,,,https://www.redfin.com/WA/Bothell/14809-98th-Ave-NE-98011/home/45451297,NWMLS as Distributed by MLS Grid,2234024,N,Y,47.735956,-122.210412
PAST SALE,,Townhouse,12005 NE 193rd Ln Unit A,Bothell,WA,98011,999990,4,3.5,North Creek,1972,,2024,10,507,338,Pending,,,https://www.redfin.com/WA/Bothell/12005-NE-193rd-Ln-98011/unit-A/home/189972725,NWMLS as Distributed by MLS Grid,2205842,N,Y,47.768136,-122.179352
PAST SALE,,Townhouse,12125 NE 193rd Ln Unit E,Bothell,WA,98011,837990,3,3,North Creek,1696,,2024,10,494,338,Pending,,,https://www.redfin.com/WA/Bothell/12125-NE-193rd-Ln-98011/unit-E/home/188141687,NWMLS as Distributed by MLS Grid,2173393,N,Y,47.76814,-122.178271
PAST SALE,,Townhouse,12005 NE 193rd Ln Unit C,Bothell,WA,98011,868008,3,3,North Creek,1696,,2024,11,512,338,Pending,,,https://www.redfin.com/WA/Bothell/12005-NE-193rd-Ln-98011/unit-C/home/189624402,NWMLS as Distributed by MLS Grid,2196236,N,Y,47.768136,-122.179352
PAST SALE,,Townhouse,12008 NE 193rd Ln Unit B,Bothell,WA,98011,899990,3,3,North Creek,1696,,2024,11,531,338,Pending,,,https://www.redfin.com/WA/Bothell/12008-NE-193rd-Ln-98011/unit-B/home/189624407,NWMLS as Distributed by MLS Grid,2195711,N,Y,47.768336,-122.179269
PAST SALE,,Single Family Residential,17326 93rd (Lot 3) Ave NE,Bothell,WA,98011,1699990,5,3,Downtown Bothell,2706,4000,2024,12,628,168,Pending,May-18-2024 12:00 PM,May-18-2024 04:00 PM,https://www.redfin.com/WA/Bothell/17326-93rd-Lot-3-AVE-NE-98011/home/190611407,NWMLS as Distributed by MLS Grid,2229542,N,Y,47.753918,-122.216773
PAST SALE,,Single Family Residential,17344 93rd (Lot 16) Ave NE,Bothell,WA,98011,1799990,5,4.5,Downtown Bothell,2988,7494,2024,12,602,168,Pending,May-18-2024 12:00 PM,May-18-2024 04:00 PM,https://www.redfin.com/WA/Bothell/17344-93rd-Lot-16-AVE-NE-98011/home/190611350,NWMLS as Distributed by MLS Grid,2229525,N,Y,47.754052,-122.216169
PAST SALE,,Townhouse,12009 NE 193rd Ln Unit D,Bothell,WA,98011,855990,3,3,North Creek,1696,,2024,12,505,338,Pending,,,https://www.redfin.com/WA/Bothell/12009-NE-193rd-Ln-98011/unit-D/home/189334544,NWMLS as Distributed by MLS Grid,2191059,N,Y,47.768141,-122.178794
PAST SALE,,Townhouse,12005 NE 193rd Ln Unit D,Bothell,WA,98011,878000,3,3,North Creek,1696,,2024,13,518,338,Pending,,,https://www.redfin.com/WA/Bothell/12005-NE-193rd-Ln-98011/unit-D/home/189624405,NWMLS as Distributed by MLS Grid,2195697,N,Y,47.768136,-122.179352
PAST SALE,,Townhouse,12009 NE 193rd Ln Unit F,Bothell,WA,98011,989990,4,3.5,North Creek,1972,,2024,13,502,338,Pending,,,https://www.redfin.com/WA/Bothell/12009-NE-193rd-Ln-98011/unit-F/home/189624404,NWMLS as Distributed by MLS Grid,2196209,N,Y,47.768141,-122.178794
PAST SALE,,Townhouse,12008 NE 193rd Ln Unit D,Bothell,WA,98011,914990,3,3,North Creek,1696,,2024,13,539,338,Pending,,,https://www.redfin.com/WA/Bothell/12008-NE-193rd-Ln-98011/unit-D/home/189972734,NWMLS as Distributed by MLS Grid,2205758,N,Y,47.768336,-122.179269
PAST SALE,,Townhouse,12009 NE 193rd Ln Unit E,Bothell,WA,98011,869990,3,3,North Creek,1696,,2024,13,513,338,Pending,,,https://www.redfin.com/WA/Bothell/12009-NE-193rd-Ln-98011/unit-E/home/189624406,NWMLS as Distributed by MLS Grid,2195708,N,Y,47.768141,-122.178794
PAST SALE,,Townhouse,12005 NE 193RD Ln Unit B,Bothell,WA,98011,869990,3,3,North Creek,1696,,2024,13,513,338,Pending,,,https://www.redfin.com/WA/Bothell/12005-NE-193rd-Ln-98011/unit-B/home/189624401,NWMLS as Distributed by MLS Grid,2196330,N,Y,47.768136,-122.179352
PAST SALE,,Townhouse,12002 NE 194th Ct Unit B,Bothell,WA,98011,949990,3,3,North Creek,1696,,2024,14,560,338,Pending,,,https://www.redfin.com/WA/Bothell/12002-NE-194th-Ct-98011/unit-B/home/190615279,NWMLS as Distributed by MLS Grid,2225190,N,Y,47.7685779,-122.1794279
PAST SALE,,Townhouse,12009 NE 193rd Ln Unit A,Bothell,WA,98011,971990,4,3.5,North Creek,1972,,2024,14,493,338,Pending,,,https://www.redfin.com/WA/Bothell/12009-NE-193rd-Ln-98011/unit-A/home/189330106,NWMLS as Distributed by MLS Grid,2191102,N,Y,47.768141,-122.178794
PAST SALE,,Single Family Residential,17332 93rd (Lot 2) Ave NE,Bothell,WA,98011,1699990,5,3,Downtown Bothell,2706,4000,2024,14,628,168,Pending,May-18-2024 12:00 PM,May-18-2024 04:00 PM,https://www.redfin.com/WA/Bothell/17332-93rd-Lot-2-AVE-NE-98011/home/190497984,NWMLS as Distributed by MLS Grid,2222414,N,Y,47.753881,-122.216604
MLS Listing,,Mobile/Manufactured Home,17114 Woodcrest Dr NE,Bothell,WA,98011,539000,2,2,Bothell,1260,4285,1984,14,428,175,Active,,,https://www.redfin.com/WA/Bothell/17114-Woodcrest-Dr-NE-98011/home/55554385,NWMLS as Distributed by MLS Grid,2231931,N,Y,47.7522014,-122.1834773
MLS Listing,,Condo/Co-op,19418 Bothell Way NE Unit A101,Bothell,WA,98011,535000,3,2,Bothell,1210,,1991,14,442,662,Active,,,https://www.redfin.com/WA/Bothell/19418-Bothell-Way-NE-98011/unit-A101/home/17071029,NWMLS as Distributed by MLS Grid,2232211,N,Y,47.7691452,-122.2109928
MLS Listing,,Single Family Residential,11719 NE 166th Ct,Bothell,WA,98011,1190000,2,2.5,Queensgate,1880,6494,1988,14,633,29,Active,,,https://www.redfin.com/WA/Bothell/11719-NE-166th-Ct-98011/home/453525,NWMLS as Distributed by MLS Grid,2228302,N,Y,47.7482563,-122.1845723
MLS Listing,,Condo/Co-op,17204 123rd Pl NE Unit N101,Bothell,WA,98011,539000,2,2,Bothell,967,,1995,14,557,477,Active,,,https://www.redfin.com/WA/Bothell/17204-123rd-Pl-NE-98011/unit-N101/home/34589,NWMLS as Distributed by MLS Grid,2229899,N,Y,47.7529058,-122.1756136
PAST SALE,,Townhouse,12012 NE 193rd Ln Unit D,Bothell,WA,98011,854990,3,3,North Creek,1696,,2024,15,504,338,Pending,,,https://www.redfin.com/WA/Bothell/12012-NE-193rd-Ln-98011/unit-D/home/188808680,NWMLS as Distributed by MLS Grid,2183592,N,Y,47.768334,-122.178947
MLS Listing,,Townhouse,10323 NE 189th St Unit D,Bothell,WA,98011,1250000,3,3.5,Downtown Bothell,2050,17984,2018,15,610,485,Active,,,https://www.redfin.com/WA/Bothell/10323-NE-189th-St-98011/unit-D/home/144536825,NWMLS as Distributed by MLS Grid,2230926,N,Y,47.7644891,-122.2022681
PAST SALE,,Townhouse,12009 NE 193rd Ln Unit B,Bothell,WA,98011,896200,3,3,North Creek,1696,,2024,16,528,338,Pending,,,https://www.redfin.com/WA/Bothell/12009-NE-193rd-Ln-98011/unit-B/home/189156447,NWMLS as Distributed by MLS Grid,2190994,N,Y,47.768141,-122.178794
PAST SALE,,Townhouse,12012 NE 193rd Ln Unit C,Bothell,WA,98011,844990,3,3,North Creek,1696,,2024,16,498,338,Pending,,,https://www.redfin.com/WA/Bothell/12012-NE-193rd-Ln-98011/unit-C/home/188254696,NWMLS as Distributed by MLS Grid,2176384,N,Y,47.768334,-122.178947
MLS Listing,,Single Family Residential,20315 96th Ave NE,Bothell,WA,98011,2585000,6,6,Bothell,4396,24056,2001,16,588,,Active,,,https://www.redfin.com/WA/Bothell/20315-96th-Ave-NE-98011/home/286979,NWMLS as Distributed by MLS Grid,2225233,N,Y,47.7759498,-122.2128943
PAST SALE,,Townhouse,12005 NE 193rd Ln Unit E,Bothell,WA,98011,889990,3,3,North Creek,1696,,2024,17,525,338,Pending,,,https://www.redfin.com/WA/Bothell/12005-NE-193rd-Ln-98011/unit-E/home/189972735,NWMLS as Distributed by MLS Grid,2205745,N,Y,47.768136,-122.179352
PAST SALE,,Single Family Residential,9310 NE 173rd (Lot 9) Pl,Bothell,WA,98011,1674990,5,3,Downtown Bothell,2706,4000,2024,18,619,168,Pending,,,https://www.redfin.com/WA/Bothell/9310-NE-173rd-Pl-98011/home/189529759,NWMLS as Distributed by MLS Grid,2194552,N,Y,47.7537495,-122.214738
PAST SALE,,Single Family Residential,10322 NE 185th St Unit D,Bothell,WA,98011,1089900,3,3.5,Downtown Bothell,1911,886,2024,18,570,23,Pending,,,https://www.redfin.com/WA/Bothell/10322-NE-185th-St-98011/unit-D/home/190073265,NWMLS as Distributed by MLS Grid,2204078,N,Y,47.7620033,-122.202388
PAST SALE,,Townhouse,12012 NE 193rd Ln Unit A,Bothell,WA,98011,974990,4,3.5,North Creek,1972,,2024,18,494,338,Pending,,,https://www.redfin.com/WA/Bothell/12012-NE-193rd-Ln-98011/unit-A/home/188260957,NWMLS as Distributed by MLS Grid,2176630,N,Y,47.768334,-122.178947
PAST SALE,,Townhouse,12009 NE 193rd Ln Unit C,Bothell,WA,98011,855990,3,3,North Creek,1696,,2024,18,505,338,Pending,,,https://www.redfin.com/WA/Bothell/12009-NE-193rd-Ln-98011/unit-C/home/189331379,NWMLS as Distributed by MLS Grid,2191072,N,Y,47.768141,-122.178794
PAST SALE,,Townhouse,12002 NE 194th Ct Unit A,Bothell,WA,98011,1069990,4,3.5,North Creek,1972,,2024,18,543,338,Pending,,,https://www.redfin.com/WA/Bothell/12002-NE-194th-Ct-98011/unit-A/home/190615280,NWMLS as Distributed by MLS Grid,2225212,N,Y,47.7685779,-122.1794279
PAST SALE,,Single Family Residential,20320 125th Ave NE Unit SM 10,Bothell,WA,98011,1549950,5,3,Woodinville,2665,5310,2024,19,582,83,Pending,May-17-2024 01:00 PM,May-17-2024 05:00 PM,https://www.redfin.com/WA/Bothell/20320-125th-Ave-NE-98011/unit-SM-10/home/190603371,NWMLS as Distributed by MLS Grid,2227767,N,Y,47.7615464,-122.1738944
MLS Listing,,Townhouse,12002 NE 194th Ct Unit D,Bothell,WA,98011,1089990,4,3.5,North Creek,1972,,2024,19,553,338,Active,,,https://www.redfin.com/WA/Bothell/12002-NE-194th-Ct-98011/unit-D/home/190615266,NWMLS as Distributed by MLS Grid,2225679,N,Y,47.7685779,-122.1794279
MLS Listing,,Townhouse,8905 NE 173rd Pl Unit C,Bothell,WA,98011,1059950,4,3.5,Bothell,2364,1494,2024,20,448,140,Active,May-18-2024 01:00 PM,May-18-2024 05:00 PM,https://www.redfin.com/WA/Bothell/8905-NE-173rd-Pl-98011/unit-C/home/188413653,NWMLS as Distributed by MLS Grid,2225935,N,Y,47.7534466,-122.222408
MLS Listing,,Townhouse,9604 Main St Unit D,Bothell,WA,98011,1400000,4,3.5,Downtown Bothell,2096,,2018,21,668,354,Active,,,https://www.redfin.com/WA/Bothell/9604-Main-St-98011/unit-D/home/167228271,NWMLS as Distributed by MLS Grid,2227020,N,Y,47.7601748,-122.2121919
MLS Listing,,Single Family Residential,18412 96th NE Unit C,Bothell,WA,98011,978000,3,3,Bothell,1537,,2020,21,636,310,Active,,,https://www.redfin.com/WA/Bothell/18412-96th-Dr-NE-98011/unit-C/home/173022923,NWMLS as Distributed by MLS Grid,2228587,N,Y,47.7612133,-122.2121104
MLS Listing,,Mobile/Manufactured Home,10515 Woodinville Dr Unit #96,Bothell,WA,98011,85000,1,1,Bothell,700,,1962,21,121,,Active,,,https://www.redfin.com/WA/Bothell/10515-Woodinville-Dr-98011/unit-96/home/108265935,NWMLS as Distributed by MLS Grid,2228017,N,Y,47.758693,-122.2009839
MLS Listing,,Townhouse,8904 NE 173rd Pl Unit B,Bothell,WA,98011,1074950,3,3.5,Bothell,2147,1025,2024,22,501,140,Active,May-18-2024 01:00 PM,May-18-2024 05:00 PM,https://www.redfin.com/WA/Bothell/8904-NE-173rd-Pl-98011/unit-B/home/190591676,NWMLS as Distributed by MLS Grid,2226906,N,Y,47.7536522,-122.2223502
MLS Listing,,Single Family Residential,9027 NE 152nd Pl,Bothell,WA,98011,2195000,5,4,Kenmore,3840,10500,2005,22,572,46,Active,,,https://www.redfin.com/WA/Bothell/9027-NE-152nd-Pl-98011/home/2066201,NWMLS as Distributed by MLS Grid,2225850,N,Y,47.7383425,-122.2203722
PAST SALE,,Townhouse,12008 NE 193rd Ln Unit E,Bothell,WA,98011,1014990,4,3.5,North Creek,1972,,2024,23,515,338,Pending,,,https://www.redfin.com/WA/Bothell/12008-NE-193rd-Ln-98011/unit-E/home/189972726,NWMLS as Distributed by MLS Grid,2205844,N,Y,47.768336,-122.179269
MLS Listing,,Townhouse,8905 NE 173rd Pl Unit B,Bothell,WA,98011,1059950,4,3.5,Bothell,2364,1494,2024,23,448,140,Active,May-18-2024 01:00 PM,May-18-2024 05:00 PM,https://www.redfin.com/WA/Bothell/8905-NE-173rd-Pl-98011/unit-B/home/188418390,NWMLS as Distributed by MLS Grid,2225941,N,Y,47.7534466,-122.222408
PAST SALE,,Townhouse,12012 NE 193rd Ln Unit B,Bothell,WA,98011,855000,3,3,North Creek,1696,,2024,25,504,338,Pending,,,https://www.redfin.com/WA/Bothell/12012-NE-193rd-Ln-98011/unit-B/home/188260964,NWMLS as Distributed by MLS Grid,2176632,N,Y,47.768334,-122.178947
MLS Listing,,Single Family Residential,10605 NE 194th St,Bothell,WA,98011,1195000,4,3,Maywood Hills,2640,8741,1961,27,453,,Active,,,https://www.redfin.com/WA/Bothell/10605-NE-194th-St-98011/home/286533,NWMLS as Distributed by MLS Grid,2225752,N,Y,47.7681185,-122.1989351
MLS Listing,,Townhouse,8904 NE 173rd Pl Unit C,Bothell,WA,98011,1099950,3,3.5,Bothell,2147,1437,2024,27,512,140,Active,May-18-2024 01:00 PM,May-18-2024 05:00 PM,https://www.redfin.com/WA/Bothell/8904-NE-173rd-Pl-98011/unit-C/home/190554398,NWMLS as Distributed by MLS Grid,2200222,N,Y,47.7536522,-122.2223502
PAST SALE,,Single Family Residential,18916 107th Ave NE,Bothell,WA,98011,1988000,5,4.5,Bothell,3671,7488,2024,32,542,,Pending,,,https://www.redfin.com/WA/Bothell/18916-107th-Ave-NE-98011/home/22467188,NWMLS as Distributed by MLS Grid,2046779,N,Y,47.765241,-122.197703
PAST SALE,July-3-2017,Mobile/Manufactured Home,10515 Woodinville Dr #78,Bothell,WA,98011,119000,2,1,Bothell,960,,1967,34,124,,Pending,,,https://www.redfin.com/WA/Bothell/10515-Woodinville-Dr-98011/unit-78/home/21722074,NWMLS as Distributed by MLS Grid,2209004,N,Y,47.758693,-122.2009839
MLS Listing,,Vacant Land,15515 Waynita Way NE,Bothell,WA,98011,2250000,,,Bothell,,157687,,34,,,Active,,,https://www.redfin.com/WA/Bothell/15515-Waynita-Way-NE-98011/home/285112,NWMLS as Distributed by MLS Grid,2221148,N,Y,47.74066,-122.2109176
PAST SALE,,Townhouse,12012 NE 193rd Ln Unit E,Bothell,WA,98011,999990,4,3.5,North Creek,1972,,2024,36,507,338,Pending,,,https://www.redfin.com/WA/Bothell/12012-NE-193rd-Ln-98011/unit-E/home/188808694,NWMLS as Distributed by MLS Grid,2183604,N,Y,47.768334,-122.178947
PAST SALE,June-15-2023,Single Family Residential,18010 92nd Ave NE,Bothell,WA,98011,2199990,5,4,Downtown Bothell,4014,8137,2024,42,548,,Pending,,,https://www.redfin.com/WA/Bothell/18010-92nd-Ave-NE-98011/home/182535815,NWMLS as Distributed by MLS Grid,2208215,N,Y,47.7587577,-122.2179899
MLS Listing,,Townhouse,10322 NE 185th St Unit E,Bothell,WA,98011,1239900,4,3.5,Downtown Bothell,2164,897,2024,51,573,23,Active,May-19-2024 11:00 AM,May-19-2024 01:00 PM,https://www.redfin.com/WA/Bothell/10322-NE-185th-St-98011/unit-E/home/190304643,NWMLS as Distributed by MLS Grid,2215370,N,Y,47.7620033,-122.202388
PAST SALE,January-21-2020,Single Family Residential,11029 NE 197th St,Bothell,WA,98011,1325000,4,3,North Creek,3130,9965,2004,55,423,38,Pending,,,https://www.redfin.com/WA/Bothell/11029-NE-197th-St-98011/home/286500,NWMLS as Distributed by MLS Grid,2206437,N,Y,47.7700291,-122.1931114
MLS Listing,,Single Family Residential,15405 110th Ave NE,Bothell,WA,98011,1270000,3,2,Bothell,1760,8640,1974,55,722,,Active,,,https://www.redfin.com/WA/Bothell/15405-110th-Ave-NE-98011/home/457709,NWMLS as Distributed by MLS Grid,2211651,N,Y,47.7389551,-122.1955099
PAST SALE,,Townhouse,12125 NE 193rd Ln Unit G,Bothell,WA,98011,1002000,4,3.5,North Creek,1972,,2024,57,508,338,Pending,,,https://www.redfin.com/WA/Bothell/12125-NE-193rd-Ln-98011/unit-G/home/188141686,NWMLS as Distributed by MLS Grid,2173409,N,Y,47.76814,-122.178271
PAST SALE,,Townhouse,17342 D Bothell Way NE,Bothell,WA,98011,899500,4,3,Bothell,1872,,2023,59,481,175,Pending,,,https://www.redfin.com/WA/Bothell/17342-Bothell-Way-NE-98011/unit-D/home/185540099,NWMLS as Distributed by MLS Grid,2205710,N,Y,47.7545382,-122.2110926
PAST SALE,May-3-2024,Townhouse,8910 NE 173rd Pl Unit B,Bothell,WA,98011,1044950,3,3.5,Bothell,2147,1276,2024,61,487,140,Pending,,,https://www.redfin.com/WA/Bothell/8910-NE-173rd-Pl-98011/unit-B/home/185885639,NWMLS as Distributed by MLS Grid,2197315,N,Y,47.7536365,-122.2221123
PAST SALE,,Townhouse,8911 NE 173rd Pl Unit A,Bothell,WA,98011,1049950,4,3.5,Bothell,2364,1909,2024,62,444,140,Pending,,,https://www.redfin.com/WA/Bothell/8911-NE-173rd-Pl-98011/unit-A/home/185885665,NWMLS as Distributed by MLS Grid,2200914,N,Y,47.7534177,-122.2220647
MLS Listing,,Townhouse,17342 A Bothell Way NE,Bothell,WA,98011,999500,4,3,Bothell,2273,546,2023,65,440,175,Active,,,https://www.redfin.com/WA/Bothell/17342-Bothell-Way-NE-98011/unit-A/home/185540153,NWMLS as Distributed by MLS Grid,2209474,N,Y,47.7545382,-122.2110926
PAST SALE,April-10-2024,Townhouse,8911 NE 173rd Pl Unit B,Bothell,WA,98011,1024950,4,3.5,Bothell,2364,1494,2024,66,434,140,Pending,,,https://www.redfin.com/WA/Bothell/8911-NE-173rd-Pl-98011/unit-B/home/185885666,NWMLS as Distributed by MLS Grid,2200227,N,Y,47.7534177,-122.2220647
MLS Listing,,Condo/Co-op,9517 NE 180th St Unit B-106,Bothell,WA,98011,314500,1,1,Downtown Bothell,730,,1979,70,431,541,Active,,,https://www.redfin.com/WA/Bothell/9517-NE-180th-St-98011/unit-B-106/home/190287672,NWMLS as Distributed by MLS Grid,2207895,N,Y,47.7573917,-122.213071
PAST SALE,,Townhouse,8919 NE 173rd Pl Unit D,Bothell,WA,98011,999950,4,3.5,Bothell,2364,1909,2023,74,423,140,Pending,,,https://www.redfin.com/WA/Bothell/8919-NE-173rd-Pl-98011/unit-D/home/189694236,NWMLS as Distributed by MLS Grid,2187459,N,Y,47.7534177,-122.2217428
PAST SALE,January-3-2023,Condo/Co-op,9515 NE 180th St Unit C102,Bothell,WA,98011,375000,2,1,Downtown Bothell,1000,,1979,78,375,740,Pending,,,https://www.redfin.com/WA/Bothell/9515-NE-180th-St-98011/unit-C102/home/8194,NWMLS as Distributed by MLS Grid,2197933,N,Y,47.757404,-122.2134764
MLS Listing,,Vacant Land,18414 103rd Ave NE,Bothell,WA,98011,1750000,,,Downtown Bothell,,7080,,89,,,Active,,,https://www.redfin.com/WA/Bothell/18414-103rd-Ave-NE-98011/home/144872227,NWMLS as Distributed by MLS Grid,2201119,N,Y,47.7617225,-122.2021285
MLS Listing,,Mobile/Manufactured Home,10515 woodinville Dr #76,Bothell,WA,98011,95000,1,1,Bothell,913,,1967,97,104,,Active,,,https://www.redfin.com/WA/Bothell/10515-Woodinville-Dr-98011/unit-76/home/185245698,NWMLS as Distributed by MLS Grid,2198395,N,Y,47.758693,-122.2009839
PAST SALE,,Vacant Land,145 XX 100th Ave NE,Bothell,WA,98011,3300000,,,Bothell,,57364,,207,,,Pending,,,https://www.redfin.com/WA/Bothell/145-XX-100th-Ave-NE-98011/home/182401696,NWMLS as Distributed by MLS Grid,2067478,N,Y,47.733149,-122.20805
MLS Listing,,Condo/Co-op,17300 91st Ave NE Unit A102,Bothell,WA,98011,435000,2,2,Bothell,930,,1990,214,468,432,Active,,,https://www.redfin.com/WA/Bothell/17300-91st-Ave-NE-98011/unit-A102/home/44208,NWMLS as Distributed by MLS Grid,2166263,N,Y,47.7530045,-122.219688
PAST SALE,,Single Family Residential,9013 NE 190th St,Bothell,WA,98011,2795000,3,3,West Hill,4493,13713,2008,252,622,,Pending,,,https://www.redfin.com/WA/Bothell/9013-NE-190th-St-98011/home/12304184,NWMLS as Distributed by MLS Grid,2158266,N,Y,47.7652723,-122.2195774
New Construction Home,,Townhouse,12002 NE 194th Ct Unit C,Bothell,WA,98011,999990,3,3,Bothell,1696,,2024,7,590,,Active,,,https://www.redfin.com/WA/Bothell/12002-NE-194th-Ct-98011/unit-C/home/190615276,Zillow,315339D24F8A,N,Y,47.7685779,-122.1794279
New Construction Plan,,Townhouse,Type III - Mid Plan,Bothell,WA,98011,1249950,4,3.5,Bothell,2670,,,2,468,140,Active,,,https://www.redfin.com/WA/Bothell/Bothell/Type-III-Mid/home/190788450,Zillow,BA9CE44A2733,N,Y,47.7537538,-122.221217
New Construction Plan,,Single Family Residential,Homes Available Soon Plan,Bothell,WA,98011,,,,Bothell,,,,3,,100,Active,,,https://www.redfin.com/WA/Bothell/Bothell/Homes-Available-Soon/home/190765857,Zillow,EA1DBEA3113A,N,Y,47.751711,-122.175966
New Construction Plan,,Townhouse,Type III - End Plan,Bothell,WA,98011,1149950,4,3.5,Bothell,2229,,,3,516,140,Active,,,https://www.redfin.com/WA/Bothell/Bothell/Type-III-End/home/190765486,Zillow,79EB781C3C42,N,Y,47.7537538,-122.221217
New Construction Plan,,Townhouse,E18 Plan,Bothell,WA,98011,999990,3,3,Bothell,1696,,,38,590,,Active,,,https://www.redfin.com/WA/Bothell/Bothell/E18/home/188302267,Zillow,A38C9EF5BA3A,N,Y,47.76809,-122.18024
New Construction Plan,,Single Family Residential,Homes Available Soon Plan,Bothell,WA,98011,,,,Bothell,,,,83,,,Active,,,https://www.redfin.com/WA/Bothell/Bothell/Homes-Available-Soon/home/189853154,Zillow,B84BD6475ACB,N,Y,47.7690175,-122.1784301
New Construction Plan,,Townhouse,Type I Plan,Bothell,WA,98011,1074950,3,3.5,Bothell,2147,,,190,501,140,Active,,,https://www.redfin.com/WA/Bothell/Bothell/Type-I/home/188412496,Zillow,BC31957DCBC6,N,Y,47.7537538,-122.221217
New Construction Plan,,Townhouse,Type II Plan,Bothell,WA,98011,1059950,4,3.5,Bothell,2364,,,190,448,140,Active,,,https://www.redfin.com/WA/Bothell/Bothell/Type-II/home/188482733,Zillow,310765E27CB6,N,Y,47.7537538,-122.221217
