SALE TYPE,SOLD DATE,PROPERTY TYPE,ADDRESS,CITY,STATE OR PROVINCE,ZIP OR POSTAL CODE,PRICE,BEDS,BATHS,LOCATION,SQUARE FEET,LOT SIZE,YEAR BUILT,DAYS ON MARKET,$/SQUARE FEET,HOA/MONTH,STATUS,NEXT OPEN HOUSE START TIME,NEXT OPEN HOUSE END TIME,URL (SEE https://www.redfin.com/buy-a-home/comparative-market-analysis FOR INFO ON PRICING),SOURCE,MLS#,FAVORITE,INTERESTED,LATITUDE,LONGITUDE
"In accordance with local MLS rules, some MLS listings are not included in the download",,,,,,,,,,,,,,,,,,,,,,,,,,
MLS Listing,,Condo/Co-op,10104 NE 60th St #110,Kirkland,WA,98033,899900,2,1,Kirkland,870,,1976,1,1034,440,Active,May-18-2024 01:00 PM,May-18-2024 03:00 PM,https://www.redfin.com/WA/Kirkland/10104-NE-60th-St-98033/unit-110/home/12092322,NWMLS as Distributed by MLS Grid,2238107,N,Y,47.6613787,-122.2062536
PAST SALE,April-13-1994,Single Family Residential,11221 116th Pl NE,Kirkland,WA,98033,1498000,3,2.5,Juanita,2180,9249,1980,7,687,,Pending,,,https://www.redfin.com/WA/Kirkland/11221-116th-Pl-NE-98033/home/464249,NWMLS as Distributed by MLS Grid,2219293,N,Y,47.7009226,-122.1862617
MLS Listing,,Single Family Residential,6304 110th Ave NE,Kirkland,WA,98033,2350000,4,3,Houghton,3140,7204,1985,7,748,,Active,,,https://www.redfin.com/WA/Kirkland/6304-110th-Ave-NE-98033/home/459913,NWMLS as Distributed by MLS Grid,2233979,N,Y,47.66343,-122.1941117
MLS Listing,,Condo/Co-op,109 2nd St S #638,Kirkland,WA,98033,849950,1,1,Moss Bay,952,,1997,14,893,815,Active,,,https://www.redfin.com/WA/Kirkland/109-2nd-St-S-98033/unit-638/home/35592,NWMLS as Distributed by MLS Grid,2231343,N,Y,47.6744049,-122.2048938
PAST SALE,,Single Family Residential,12220 NE 106th St,Kirkland,WA,98033,1200000,1,2,North Rose Hill,1209,3720,2024,1,993,25,Pending,,,https://www.redfin.com/WA/Kirkland/12220-NE-106th-St-98033/home/190715473,NWMLS as Distributed by MLS Grid,2234228,N,Y,47.6947275,-122.1775862
PAST SALE,,Single Family Residential,7540 126th Ave NE,Kirkland,WA,98033,2900000,4,3,Rose Hill,3290,9056,2024,1,881,,Pending,,,https://www.redfin.com/WA/Kirkland/7540-126th-Ave-NE-98033/home/190262153,NWMLS as Distributed by MLS Grid,2213918,N,Y,47.6727944,-122.1716793
PAST SALE,,Condo/Co-op,10329 135th (Homesite 21) Cir NE,Kirkland,WA,98033,1109215,2,2,Rose Hill,1259,,2024,114,881,246,Pending,,,https://www.redfin.com/WA/Kirkland/10329-135th-Homesite-21-CIR-NE-Unknown/home/189499595,NWMLS as Distributed by MLS Grid,2193225,N,Y,47.692632,-122.160635
PAST SALE,,Condo/Co-op,10319 (HS 20) 135th Cir NE,Kirkland,WA,98033,1205418,2,2,Rose Hill,1259,,2024,1,957,246,Pending,,,https://www.redfin.com/WA/Kirkland/10319-135th-Cir-NE-98033/home/189833229,NWMLS as Distributed by MLS Grid,2205901,N,Y,47.692543,-122.1607961
PAST SALE,,Condo/Co-op,10336 (HS 9) 135th Cir NE,Kirkland,WA,98033,1230543,2,2,Rose Hill,1259,,2024,50,977,246,Pending,,,https://www.redfin.com/WA/Kirkland/10336-HS-9-135th-Cir-NE-98033/home/190314209,NWMLS as Distributed by MLS Grid,2215376,N,Y,47.692737,-122.160497
PAST SALE,March-24-2023,Single Family Residential,13025 NE 102nd Pl,Kirkland,WA,98033,3200000,5,4.5,North Rose Hill,4125,10425,2024,1,776,,Pending,,,https://www.redfin.com/WA/Kirkland/13025-NE-102nd-Pl-98033/home/512746,NWMLS as Distributed by MLS Grid,2189053,N,Y,47.6916063,-122.1666341
PAST SALE,,Condo/Co-op,10316 135th (Homesite 5) Cir NE,Kirkland,WA,98033,1149995,3,3,Rose Hill,1492,,2024,1,771,246,Pending,,,https://www.redfin.com/WA/Kirkland/10316-5th-St-98033/home/188941135,NWMLS as Distributed by MLS Grid,2186237,N,Y,47.692992,-122.160783
PAST SALE,,Single Family Residential,8740 124th Ave NE,Kirkland,WA,98033,2100000,4,3,Rose Hill,2880,11959,2024,1,729,,Pending,,,https://www.redfin.com/WA/Kirkland/8740-124th-Ave-NE-98033/home/189805993,NWMLS as Distributed by MLS Grid,2200323,N,Y,47.6821167,-122.1757114
PAST SALE,,Condo/Co-op,10282 135th (Homesite 16) Cir NE,Kirkland,WA,98033,1126995,2,2,Rose Hill,1259,,2024,295,895,246,Pending,,,https://www.redfin.com/WA/Kirkland/10282-135th-Cir-NE-98033/home/186220727,NWMLS as Distributed by MLS Grid,2143859,N,Y,47.6921973,-122.1605687
PAST SALE,,Single Family Residential,10524 128th Ave NE,Kirkland,WA,98033,1699000,3,2.5,North Rose Hill,1798,4100,2024,1,945,3,Pending,,,https://www.redfin.com/WA/Kirkland/10524-128th-Ave-NE-98033/home/189866444,NWMLS as Distributed by MLS Grid,2235421,N,Y,47.6947796,-122.169964
PAST SALE,,Single Family Residential,7826 124th Ave NE,Kirkland,WA,98033,2650000,4,3.5,Rose Hill,3040,5940,2024,1,872,,Pending,,,https://www.redfin.com/WA/Kirkland/7826-124th-Ave-NE-98033/home/190339587,NWMLS as Distributed by MLS Grid,2214805,N,Y,47.6742095,-122.1742588
PAST SALE,March-27-2023,Single Family Residential,6143 120th Pl NE,Kirkland,WA,98033,3700000,5,4.5,Rose Hill,4115,9704,2024,1,899,,Pending,,,https://www.redfin.com/WA/Kirkland/6143-120th-Pl-NE-98033/home/516809,NWMLS as Distributed by MLS Grid,2234305,N,Y,47.6622249,-122.1793104
PAST SALE,November-23-2021,Single Family Residential,714 4th St,Kirkland,WA,98033,1800000,3,3,East Of Market,1700,3087,2024,1,1059,169,Pending,,,https://www.redfin.com/WA/Kirkland/714-4th-St-98033/home/461192,NWMLS as Distributed by MLS Grid,2195336,N,Y,47.680768,-122.201363
PAST SALE,,Single Family Residential,7556 124th Pl NE,Kirkland,WA,98033,2600000,5,3.5,Rose Hill,3295,9495,2024,1,789,,Pending,,,https://www.redfin.com/WA/Kirkland/7556-124th-Pl-NE-98033/home/514410,NWMLS as Distributed by MLS Grid,2197223,N,Y,47.6734169,-122.1737143
PAST SALE,November-29-2023,Single Family Residential,12906 NE 78th Pl,Kirkland,WA,98033,2660000,5,3.5,Rose Hill,3295,8389,2024,1,807,,Pending,,,https://www.redfin.com/WA/Kirkland/12906-NE-78th-Pl-98033/home/188477815,NWMLS as Distributed by MLS Grid,2196177,N,Y,47.6744009,-122.1683934
PAST SALE,,Condo/Co-op,10326 (HS 8) 135th Cir NE,Kirkland,WA,98033,1228169,2,2,Rose Hill,1259,2061,2024,1,976,246,Pending,,,https://www.redfin.com/WA/Kirkland/10326-HS-8-135th-Cir-NE-98033/home/190509271,NWMLS as Distributed by MLS Grid,2223077,N,Y,47.692733,-122.160709
MLS Listing,,Single Family Residential,10202 NE 65th St,Kirkland,WA,98033,3100000,6,5,Houghton,4109,5920,2004,1,754,,Active,,,https://www.redfin.com/WA/Kirkland/10202-NE-65th-St-98033/home/460189,NWMLS as Distributed by MLS Grid,2232325,N,Y,47.6642478,-122.2044771
MLS Listing,,Single Family Residential,710 3rd St S,Kirkland,WA,98033,3849950,4,3.5,Downtown,4313,7500,2006,1,893,,Active,May-18-2024 11:00 AM,May-18-2024 02:00 PM,https://www.redfin.com/WA/Kirkland/710-3rd-St-S-98033/home/461822,NWMLS as Distributed by MLS Grid,2236436,N,Y,47.6700421,-122.2030677
MLS Listing,,Multi-Family (2-4 Unit),845 Kirkland Way,Kirkland,WA,98033,2495000,8,4,Moss Bay,3456,8899,1968,1,722,,Active,,,https://www.redfin.com/WA/Kirkland/845-Kirkland-Way-98033/home/2089951,NWMLS as Distributed by MLS Grid,2239202,N,Y,47.6759221,-122.1925062
MLS Listing,,Single Family Residential,11347 NE 112th St,Kirkland,WA,98033,1199000,2,1,Forbes Creek,1040,8512,1968,1,1153,,Active,May-18-2024 12:00 PM,May-18-2024 03:00 PM,https://www.redfin.com/WA/Kirkland/11347-NE-112th-St-98033/home/464081,NWMLS as Distributed by MLS Grid,2233945,N,Y,47.7001825,-122.1901469
MLS Listing,,Single Family Residential,1843 3rd St,Kirkland,WA,98033,2660000,4,2.5,East Of Market,3360,7680,2004,1,792,,Active,May-17-2024 04:00 PM,May-17-2024 06:00 PM,https://www.redfin.com/WA/Kirkland/1843-3rd-St-98033/home/2090617,NWMLS as Distributed by MLS Grid,2239086,N,Y,47.6912561,-122.2049384
MLS Listing,,Single Family Residential,1729 1st St,Kirkland,WA,98033,1699950,3,2.5,East Of Market,1729,2900,2024,1,983,20,Active,May-18-2024 12:00 PM,May-18-2024 03:00 PM,https://www.redfin.com/WA/Kirkland/1729-1st-St-98033/home/190816948,NWMLS as Distributed by MLS Grid,2237280,N,Y,47.6892494,-122.209003
MLS Listing,,Single Family Residential,131 Cedar St,Kirkland,WA,98033,2899950,5,4.5,Kirkland,3896,12211,2023,1,744,,Active,May-18-2024 02:00 PM,May-18-2024 04:00 PM,https://www.redfin.com/WA/Kirkland/131-Cedar-St-98033/home/462462,NWMLS as Distributed by MLS Grid,2238925,N,Y,47.676712,-122.189692
MLS Listing,,Single Family Residential,11645 NE 112th St,Kirkland,WA,98033,2458000,5,4,Juanita,3370,6144,2021,1,729,,Active,,,https://www.redfin.com/WA/Kirkland/11645-NE-112th-St-98033/home/145709328,NWMLS as Distributed by MLS Grid,2239211,N,Y,47.6997722,-122.1850309
MLS Listing,,Single Family Residential,656 16th Ave W,Kirkland,WA,98033,4395000,6,5.5,West Of Market,4233,7860,2019,1,1038,,Active,May-17-2024 11:00 AM,May-17-2024 01:00 PM,https://www.redfin.com/WA/Kirkland/656-16th-Ave-W-98033/home/461961,NWMLS as Distributed by MLS Grid,2223368,N,Y,47.6898824,-122.2128572
MLS Listing,,Condo/Co-op,11004 NE 68th St #914,Kirkland,WA,98033,330000,1,1,Houghton,720,,1968,1,458,449,Active,,,https://www.redfin.com/WA/Kirkland/11004-NE-68th-St-98033/unit-914/home/35794,NWMLS as Distributed by MLS Grid,2239044,N,Y,47.6664796,-122.1931922
MLS Listing,,Single Family Residential,169 Lake Ave W,Kirkland,WA,98033,8499998,3,2.5,West Of Market,3000,26788,1946,1,2833,,Active,,,https://www.redfin.com/WA/Kirkland/169-Lake-Ave-W-98033/home/281399,NWMLS as Distributed by MLS Grid,2237271,N,Y,47.67763,-122.2119255
MLS Listing,,Condo/Co-op,408 2nd Ave S #101,Kirkland,WA,98033,909950,2,2,Downtown,1476,,1982,1,616,835,Active,,,https://www.redfin.com/WA/Kirkland/408-2nd-Ave-S-98033/unit-101/home/190499453,NWMLS as Distributed by MLS Grid,2238976,N,Y,47.6746829,-122.1998733
MLS Listing,,Single Family Residential,6517 108th Ave NE,Kirkland,WA,98033,2900000,3,2.5,Houghton,2824,4975,2014,1,1027,187,Active,May-19-2024 01:00 PM,May-19-2024 03:00 PM,https://www.redfin.com/WA/Kirkland/6517-108th-Ave-NE-98033/home/59703316,NWMLS as Distributed by MLS Grid,2239017,N,Y,47.6648825,-122.1969007
MLS Listing,,Single Family Residential,11817 NE 71st Ln,Kirkland,WA,98033,2398880,4,3.5,Rose Hill,3274,101478,2018,1,733,193,Active,May-17-2024 03:00 PM,May-17-2024 05:00 PM,https://www.redfin.com/WA/Kirkland/11817-NE-71st-Ln-98033/home/167389744,NWMLS as Distributed by MLS Grid,2238977,N,Y,47.6690615,-122.182425
MLS Listing,,Single Family Residential,11516 NE 53rd St,Kirkland,WA,98033,1399000,3,2.5,Bridle Trails,1600,5940,2024,1,874,190,Active,,,https://www.redfin.com/WA/Kirkland/11516-NE-53rd-St-98033/home/190810062,NWMLS as Distributed by MLS Grid,2238832,N,Y,47.6554914,-122.1862618
MLS Listing,,Single Family Residential,11520 NE 53rd St,Kirkland,WA,98033,1449950,3,2.5,Bridle Trails,1425,3668,2024,1,1018,190,Active,,,https://www.redfin.com/WA/Kirkland/11520-NE-53rd-St-98033/home/190810017,NWMLS as Distributed by MLS Grid,2237299,N,Y,47.6554917,-122.1862282
MLS Listing,,Single Family Residential,517 Slater St S,Kirkland,WA,98033,1585000,4,3.5,Everest Park,2674,27330,2001,1,593,,Active,,,https://www.redfin.com/WA/Kirkland/517-Slater-St-S-98033/home/463460,NWMLS as Distributed by MLS Grid,2238072,N,Y,47.6714913,-122.1888475
MLS Listing,,Single Family Residential,10611 NE 107th Pl,Kirkland,WA,98033,1248000,3,2.5,Forbes Creek,1764,3484,1991,1,707,29,Active,May-18-2024 01:00 PM,May-18-2024 04:00 PM,https://www.redfin.com/WA/Kirkland/10611-NE-107th-Pl-98033/home/463078,NWMLS as Distributed by MLS Grid,2237425,N,Y,47.6951787,-122.1995315
MLS Listing,,Single Family Residential,12802 NE 83rd St,Kirkland,WA,98033,2089950,4,3.5,Rose Hill,2674,4073,2024,1,782,60,Active,May-18-2024 12:00 PM,May-18-2024 03:00 PM,https://www.redfin.com/WA/Kirkland/12802-NE-83rd-St-98033/home/190544142,NWMLS as Distributed by MLS Grid,2238438,N,Y,47.6775714,-122.1692183
MLS Listing,,Condo/Co-op,220 1st St #209,Kirkland,WA,98033,835000,2,2,Kirkland,935,20410,2000,1,893,652,Active,May-18-2024 12:00 PM,May-18-2024 03:00 PM,https://www.redfin.com/WA/Kirkland/220-1st-St-98033/unit-209/home/17082293,NWMLS as Distributed by MLS Grid,2222386,N,Y,47.677088,-122.2079684
PAST SALE,July-13-2007,Single Family Residential,10823 110th Ave NE,Kirkland,WA,98033,2348000,5,3.5,Kirkland,3387,8635,2007,1,693,,Pending,,,https://www.redfin.com/WA/Kirkland/10823-110th-Ave-NE-98033/home/12299736,NWMLS as Distributed by MLS Grid,2226262,N,Y,47.6977383,-122.1950579
PAST SALE,November-16-2012,Single Family Residential,12827 NE 75th St,Kirkland,WA,98033,1299000,3,2.5,Rose Hill,1790,10112,1967,1,726,,Pending,,,https://www.redfin.com/WA/Kirkland/12827-NE-75th-St-98033/home/514186,NWMLS as Distributed by MLS Grid,2230302,N,Y,47.671502,-122.1684816
PAST SALE,,Condo/Co-op,102 State St S Unit 208W,Kirkland,WA,98033,263797,1,1,Kirkland,697,72314,1995,1,378,351,Pending,,,https://www.redfin.com/WA/Kirkland/102-State-St-98033/unit-208W/home/190602601,NWMLS as Distributed by MLS Grid,2226318,N,Y,47.6752738,-122.2020874
PAST SALE,May-5-2022,Single Family Residential,10213 134th Ave NE,Kirkland,WA,98033,3500000,5,5.5,Rose Hill,4552,9600,2024,1,769,,Pending,,,https://www.redfin.com/WA/Kirkland/10213-134th-Ave-NE-98033/home/513639,NWMLS as Distributed by MLS Grid,2208367,N,Y,47.6917336,-122.162944
PAST SALE,,Single Family Residential,11058 116th Ave NE,Kirkland,WA,98033,1699950,3,2,Forbes Creek,1260,17413,1954,1,1349,,Pending,,,https://www.redfin.com/WA/Kirkland/11058-116th-Ave-NE-98033/home/462253,NWMLS as Distributed by MLS Grid,2187165,N,Y,47.7001096,-122.1862676
PAST SALE,,Condo/Co-op,10295 135th (Homesite 13) Cir NE,Kirkland,WA,98033,1136995,2,2,Rose Hill,1259,,2024,1,903,246,Pending,,,https://www.redfin.com/WA/Kirkland/10295-135th-Cir-NE-98033/home/186660974,NWMLS as Distributed by MLS Grid,2150052,N,Y,47.6923716,-122.1603049
PAST SALE,April-28-1994,Single Family Residential,13404 NE 100th St,Redmond,WA,98033,3350000,5,4.5,Rose Hill,4235,9375,2024,1,791,,Pending,,,https://www.redfin.com/WA/Kirkland/13404-NE-100th-St-98033/home/511432,NWMLS as Distributed by MLS Grid,2195485,N,Y,47.6896761,-122.1624369
PAST SALE,,Single Family Residential,1715 1st St,Kirkland,WA,98033,2189000,3,2.5,East Of Market,2047,4125,2024,1,1069,20,Pending,,,https://www.redfin.com/WA/Kirkland/1715-1st-St-98033/home/190655356,NWMLS as Distributed by MLS Grid,2231379,N,Y,47.6893012,-122.2089868
MLS Listing,,Single Family Residential,12419 NE 107th Pl,Kirkland,WA,98033,1159000,3,2,North Rose Hill,1060,15818,1984,1,1093,,Active,May-17-2024 05:00 PM,May-17-2024 07:00 PM,https://www.redfin.com/WA/Kirkland/12419-NE-107th-Pl-98033/home/512779,NWMLS as Distributed by MLS Grid,2192988,N,Y,47.6961829,-122.1748615
MLS Listing,,Condo/Co-op,613 5th St Unit C201,Kirkland,WA,98033,749950,2,2,Downtown,1153,,1986,1,650,458,Active,May-18-2024 12:00 PM,May-18-2024 03:00 PM,https://www.redfin.com/WA/Kirkland/613-5th-St-98033/unit-C201/home/12907,NWMLS as Distributed by MLS Grid,2236818,N,Y,47.6799979,-122.1995873
MLS Listing,,Single Family Residential,211 10th Ave W,Kirkland,WA,98033,5250000,5,4.5,West Of Market,4966,5756,2024,1,1057,,Active,May-17-2024 01:00 PM,May-17-2024 04:00 PM,https://www.redfin.com/WA/Kirkland/211-10th-Ave-W-98033/home/190800745,NWMLS as Distributed by MLS Grid,2234197,N,Y,47.6827113,-122.2101469
PAST SALE,December-30-2021,Single Family Residential,1516 7th St W,Kirkland,WA,98033,3250000,3,3.5,West Of Market,2520,4672,2024,2,1290,5,Pending,,,https://www.redfin.com/WA/Kirkland/1516-7th-St-W-98033/home/463555,NWMLS as Distributed by MLS Grid,2230284,N,Y,47.6896771,-122.2133779
PAST SALE,July-1-2013,Single Family Residential,12228 NE 80th St,Kirkland,WA,98033,1850000,5,3,Rose Hill,3040,8207,2018,2,609,,Pending,,,https://www.redfin.com/WA/Kirkland/12228-NE-80th-St-98033/home/516798,NWMLS as Distributed by MLS Grid,2221442,N,Y,47.6756111,-122.1768943
PAST SALE,,Single Family Residential,677 16th Ave W,Kirkland,WA,98033,1695000,2,2.5,West Of Market,1328,2330,2024,2,1276,5,Pending,,,https://www.redfin.com/WA/Kirkland/677-16th-Ave-W-98033/home/190722040,NWMLS as Distributed by MLS Grid,2230294,N,Y,47.6895516,-122.2132415
PAST SALE,,Condo/Co-op,10296 135th (Homesite 18) Cir NE,Kirkland,WA,98033,1136995,2,2,Rose Hill,1259,,2024,2,903,246,Pending,,,https://www.redfin.com/WA/Kirkland/10296-135th-Cir-NE-98033/home/186922142,NWMLS as Distributed by MLS Grid,2153093,N,Y,47.6922973,-122.160786
PAST SALE,July-1-2004,Single Family Residential,8 10th Ave S,Kirkland,WA,98033,2599000,6,4,Houghton,2976,7365,1967,2,873,,Pending,,,https://www.redfin.com/WA/Kirkland/8-10th-Ave-S-98033/home/2092723,NWMLS as Distributed by MLS Grid,2206682,N,Y,47.667809,-122.2065082
MLS Listing,,Condo/Co-op,321 3rd St #403,Kirkland,WA,98033,1350000,2,2,Kirkland,1641,,1998,2,823,1100,Active,May-19-2024 12:00 PM,May-19-2024 02:00 PM,https://www.redfin.com/WA/Kirkland/321-3rd-St-98033/unit-403/home/70027,NWMLS as Distributed by MLS Grid,2233680,N,Y,47.6778906,-122.2040915
PAST SALE,,Single Family Residential,12516 NE 65th Ct,Kirkland,WA,98033,1430000,4,2,Rose Hill,2742,12320,1975,3,522,,Pending,,,https://www.redfin.com/WA/Kirkland/12516-NE-65th-Ct-98033/home/517577,NWMLS as Distributed by MLS Grid,2227203,N,Y,47.6653198,-122.1723659
PAST SALE,December-16-2020,Condo/Co-op,375 Kirkland Ave #216,Kirkland,WA,98033,947000,2,2.5,Downtown,1462,,2007,3,648,962,Pending,May-18-2024 12:00 AM,May-18-2024 03:00 PM,https://www.redfin.com/WA/Kirkland/375-Kirkland-Ave-98033/unit-216/home/12092835,NWMLS as Distributed by MLS Grid,2235408,N,Y,47.6752781,-122.2009136
PAST SALE,,Single Family Residential,4123 106th Pl NE,Kirkland,WA,98033,2265000,4,2.5,Houghton,2770,9137,1972,3,818,,Pending,,,https://www.redfin.com/WA/Kirkland/4123-106th-Pl-NE-98033/home/459476,NWMLS as Distributed by MLS Grid,2231347,N,Y,47.6475986,-122.1985953
PAST SALE,April-4-2019,Single Family Residential,720 3rd Ln S,Kirkland,WA,98033,3595000,5,4.5,Everest Park,4160,8500,2019,3,864,,Pending,,,https://www.redfin.com/WA/Kirkland/720-3rd-Ln-S-98033/home/462474,NWMLS as Distributed by MLS Grid,2234505,N,Y,47.6730828,-122.1939807
PAST SALE,June-1-2021,Single Family Residential,10810 NE 47th St,Kirkland,WA,98033,4000000,5,4.5,Houghton,4615,8653,2024,3,867,,Pending,,,https://www.redfin.com/WA/Kirkland/10810-NE-47th-St-98033/home/460241,NWMLS as Distributed by MLS Grid,2223742,N,Y,47.6521507,-122.1955433
MLS Listing,,Single Family Residential,514 10th Ave W,Kirkland,WA,98033,6300000,5,4.5,West Of Market,4921,7200,2024,3,1280,,Active,May-18-2024 11:30 AM,May-18-2024 01:30 PM,https://www.redfin.com/WA/Kirkland/514-10th-Ave-W-98033/home/464133,NWMLS as Distributed by MLS Grid,2236803,N,Y,47.685893,-122.214049
PAST SALE,June-15-2021,Townhouse,11520 NE 114th Ct,Kirkland,WA,98033,875000,3,2.5,Juanita,1670,2227,1987,4,524,573,Pending,,,https://www.redfin.com/WA/Kirkland/11520-NE-114th-Ct-98033/home/49181,NWMLS as Distributed by MLS Grid,2235006,N,Y,47.7034735,-122.1887384
PAST SALE,July-25-2003,Single Family Residential,6602 134th Ave NE,Kirkland,WA,98033,2150000,4,3,Bridle Trails,2550,35506,1974,4,843,54,Pending,,,https://www.redfin.com/WA/Kirkland/6602-134th-Ave-NE-98033/home/430977,NWMLS as Distributed by MLS Grid,2213296,N,Y,47.6648327,-122.1607969
PAST SALE,November-14-2013,Single Family Residential,7818 NE 130th Ave NE,Kirkland,WA,98033,1480800,3,2,Rose Hill,1660,10200,1961,4,892,,Pending,,,https://www.redfin.com/WA/Kirkland/7818-130th-Ave-NE-98033/home/515597,NWMLS as Distributed by MLS Grid,2231851,N,Y,47.6741115,-122.1663004
PAST SALE,October-31-2014,Single Family Residential,7510 128th Pl NE,Kirkland,WA,98033,1648000,4,2.5,Rose Hill,2170,7007,1974,4,759,,Pending,,,https://www.redfin.com/WA/Kirkland/7510-128th-Pl-NE-98033/home/516513,NWMLS as Distributed by MLS Grid,2222436,N,Y,47.6720976,-122.1684938
PAST SALE,,Single Family Residential,1017 6th St,Kirkland,WA,98033,1599950,3,2.5,East Of Market,1797,1573,2024,4,890,11,Pending,,,https://www.redfin.com/WA/Kirkland/1017-6th-St-98033/home/190320049,NWMLS as Distributed by MLS Grid,2215290,N,Y,47.683679,-122.1976675
PAST SALE,October-10-2018,Single Family Residential,315 1st St,Kirkland,WA,98033,3095000,4,4,East Of Market,4049,4805,2007,4,764,,Pending,,,https://www.redfin.com/WA/Kirkland/315-1st-St-98033/home/8190428,NWMLS as Distributed by MLS Grid,2224970,N,Y,47.677421,-122.2086257
PAST SALE,September-1-2020,Condo/Co-op,3733 101st Way NE #605,Kirkland,WA,98033,1189000,2,2.5,Yarrow,1552,,1994,4,766,550,Pending,,,https://www.redfin.com/WA/Kirkland/3733-101st-Way-NE-98033/unit-605/home/72005,NWMLS as Distributed by MLS Grid,2232490,N,Y,47.64447,-122.206348
PAST SALE,June-11-2020,Single Family Residential,10410 NE 53rd St,Kirkland,WA,98033,4590000,5,4.5,Houghton,4370,9003,2020,4,1050,,Pending,,,https://www.redfin.com/WA/Kirkland/10410-NE-53rd-St-98033/home/22439737,NWMLS as Distributed by MLS Grid,2221701,N,Y,47.6557444,-122.2014213
PAST SALE,,Single Family Residential,11628 NE 65th St,Kirkland,WA,98033,1825000,4,2.5,Rose Hill,2630,8728,2001,4,694,,Pending,,,https://www.redfin.com/WA/Kirkland/11628-NE-65th-St-98033/home/514626,NWMLS as Distributed by MLS Grid,2228530,N,Y,47.6640892,-122.1843575
PAST SALE,January-10-1996,Single Family Residential,11225 100th Ave NE,Kirkland,WA,98033,1150000,3,2,Juanita,2850,10990,1986,4,404,,Pending,,,https://www.redfin.com/WA/Kirkland/11225-100th-Ave-NE-98033/home/464624,NWMLS as Distributed by MLS Grid,2224262,N,Y,47.7012714,-122.2082641
PAST SALE,May-20-2016,Condo/Co-op,211 Kirkland Ave #418,Kirkland,WA,98033,850000,2,2,Downtown,992,,2006,5,857,614,Pending,,,https://www.redfin.com/WA/Kirkland/211-Kirkland-Ave-98033/unit-418/home/17068691,NWMLS as Distributed by MLS Grid,2225794,N,Y,47.6753164,-122.2041864
PAST SALE,April-20-2016,Single Family Residential,12732 NE 97th Pl,Kirkland,WA,98033,1549000,4,2.5,North Rose Hill,2010,5001,1989,5,771,,Pending,,,https://www.redfin.com/WA/Kirkland/12732-NE-97th-Pl-98033/home/513589,NWMLS as Distributed by MLS Grid,2232011,N,Y,47.6880834,-122.1709073
PAST SALE,December-28-2015,Single Family Residential,10132 134th Pl NE,Kirkland,WA,98033,1998880,5,3,North Rose Hill,2600,4420,2015,5,769,102,Pending,,,https://www.redfin.com/WA/Kirkland/10132-134th-Pl-NE-98033/home/69356834,NWMLS as Distributed by MLS Grid,2230847,N,Y,47.6904919,-122.1613014
PAST SALE,September-10-2021,Single Family Residential,12130 NE 100th St,Kirkland,WA,98033,2485000,4,3,North Rose Hill,3167,7027,2016,5,785,,Pending,,,https://www.redfin.com/WA/Kirkland/12130-NE-100th-St-98033/home/513684,NWMLS as Distributed by MLS Grid,2216491,N,Y,47.6897327,-122.1786352
PAST SALE,,Single Family Residential,8706 112th Ave NE,Kirkland,WA,98033,2275000,4,3.5,Highlands,3235,3491,2016,5,703,103,Pending,,,https://www.redfin.com/WA/Kirkland/8706-112th-Ave-NE-98033/home/190240944,NWMLS as Distributed by MLS Grid,2210953,N,Y,47.6807061,-122.1901784
PAST SALE,November-13-2014,Single Family Residential,491 2nd Ave S,Kirkland,WA,98033,2298000,4,3.5,Downtown,3260,3775,2004,5,705,,Pending,,,https://www.redfin.com/WA/Kirkland/491-2nd-Ave-S-98033/home/2091170,NWMLS as Distributed by MLS Grid,2233683,N,Y,47.6736459,-122.1988119
PAST SALE,September-13-1999,Single Family Residential,517 10th Ave W,Kirkland,WA,98033,5250000,4,3,West Of Market,5485,10800,2001,5,957,,Pending,,,https://www.redfin.com/WA/Kirkland/517-10th-Ave-W-98033/home/462713,NWMLS as Distributed by MLS Grid,2228194,N,Y,47.685508,-122.2144521
PAST SALE,October-25-2016,Single Family Residential,1834 9th St W,Kirkland,WA,98033,4250000,4,4,West Of Market,2880,11452,2007,6,1476,,Pending,,,https://www.redfin.com/WA/Kirkland/1834-9th-St-W-98033/home/462222,NWMLS as Distributed by MLS Grid,2221409,N,Y,47.6935292,-122.2130011
PAST SALE,October-31-2001,Single Family Residential,1077 3rd St,Kirkland,WA,98033,3325000,4,4.5,Kirkland,3913,12000,2001,6,850,,Pending,,,https://www.redfin.com/WA/Kirkland/1077-3rd-St-98033/home/462859,NWMLS as Distributed by MLS Grid,2218051,N,Y,47.6850859,-122.2048756
PAST SALE,August-6-1979,Single Family Residential,10120 111th Ave NE,Kirkland,WA,98033,1149757,3,2.5,Highlands,1820,9269,1977,6,632,,Pending,,,https://www.redfin.com/WA/Kirkland/10120-111th-Ave-NE-98033/home/461229,NWMLS as Distributed by MLS Grid,2219640,N,Y,47.6910714,-122.1915884
PAST SALE,,Single Family Residential,1235 Market St,Kirkland,WA,98033,1550000,4,2,West Of Market,1600,8048,1951,6,969,,Pending,,,https://www.redfin.com/WA/Kirkland/1235-Market-St-98033/home/190324434,NWMLS as Distributed by MLS Grid,2225199,N,Y,47.685063,-122.2100711
PAST SALE,June-13-2006,Single Family Residential,222 15th Ave,Kirkland,WA,98033,2589995,4,3.5,East Of Market,2730,7294,1996,6,949,,Pending,,,https://www.redfin.com/WA/Kirkland/222-15th-Ave-98033/home/463827,NWMLS as Distributed by MLS Grid,2225510,N,Y,47.6874794,-122.2056439
PAST SALE,March-17-2020,Condo/Co-op,225 4th Ave Unit A409,Kirkland,WA,98033,1200000,2,2,Downtown,1316,,1997,6,912,878,Pending,,,https://www.redfin.com/WA/Kirkland/225-4th-Ave-98033/unit-A409/home/21890,NWMLS as Distributed by MLS Grid,2229926,N,Y,47.6777909,-122.2050561
PAST SALE,,Single Family Residential,7831 132nd Ave NE,Kirkland,WA,98033,1099000,3,2,Rose Hill,1610,10953,1966,6,683,,Pending,,,https://www.redfin.com/WA/Kirkland/7831-132nd-Ave-NE-98033/home/516352,NWMLS as Distributed by MLS Grid,2220436,N,Y,47.6743809,-122.164346
PAST SALE,January-24-2017,Single Family Residential,12226 NE 64th St,Kirkland,WA,98033,1450000,4,2,Bridle Trails,1790,9520,1956,6,810,,Pending,,,https://www.redfin.com/WA/Kirkland/12226-NE-64th-St-98033/home/516285,NWMLS as Distributed by MLS Grid,2226834,N,Y,47.6632921,-122.1762432
MLS Listing,,Single Family Residential,11628 NE 75th Pl #3,Kirkland,WA,98033,1600000,3,2.5,Rose Hill,1660,3108,2024,6,964,,Active,May-18-2024 01:00 PM,May-18-2024 04:00 PM,https://www.redfin.com/WA/Kirkland/11628-NE-75th-Pl-98033/unit-3/home/190438084,NWMLS as Distributed by MLS Grid,2234705,N,Y,47.6733998,-122.1848641
MLS Listing,,Single Family Residential,9206 128th Ave NE,Kirkland,WA,98033,3100000,4,2,Rose Hill,3130,41525,1922,6,990,,Active,,,https://www.redfin.com/WA/Kirkland/9206-128th-Ave-NE-98033/home/513986,NWMLS as Distributed by MLS Grid,2234397,N,Y,47.6845625,-122.1694351
MLS Listing,,Single Family Residential,7316 128th Ave NE,Kirkland,WA,98033,2295000,5,4.5,Rose Hill,3690,10125,1965,6,622,,Active,,,https://www.redfin.com/WA/Kirkland/7316-128th-Ave-NE-98033/home/514616,NWMLS as Distributed by MLS Grid,2235759,N,Y,47.6708823,-122.168957
MLS Listing,,Single Family Residential,12222 NE 106th St,Kirkland,WA,98033,2899850,5,3.5,North Rose Hill,3640,7341,2024,7,797,25,Active,May-18-2024 01:00 PM,May-18-2024 04:00 PM,https://www.redfin.com/WA/Kirkland/12222-NE-106th-St-98033/home/511455,NWMLS as Distributed by MLS Grid,2234255,N,Y,47.69499,-122.176801
MLS Listing,,Single Family Residential,10460 124th Ave NE,Kirkland,WA,98033,1399000,4,2,North Rose Hill,1710,9566,1959,7,818,,Active,,,https://www.redfin.com/WA/Kirkland/10532-124th-Ave-NE-98033/home/2070754,NWMLS as Distributed by MLS Grid,2235905,N,Y,47.694937,-122.17534
MLS Listing,,Single Family Residential,122 5th Ave W,Kirkland,WA,98033,3200000,4,3.5,West Of Market,3430,8266,2007,7,933,,Active,May-17-2024 02:00 PM,May-17-2024 04:30 PM,https://www.redfin.com/WA/Kirkland/122-5th-Ave-W-98033/home/462861,NWMLS as Distributed by MLS Grid,2228342,N,Y,47.6800327,-122.2104014
MLS Listing,,Single Family Residential,10520 128th Ave NE,Kirkland,WA,98033,1699000,3,2.5,North Rose Hill,1765,3360,2024,7,963,3,Active,May-18-2024 12:00 PM,May-18-2024 03:00 PM,https://www.redfin.com/WA/Kirkland/10520-128th-Ave-NE-98033/home/190732696,NWMLS as Distributed by MLS Grid,2233542,N,Y,47.6946693,-122.1702562
MLS Listing,,Single Family Residential,12026 NE 99th Ln,Kirkland,WA,98033,1390000,4,2,North Rose Hill,1780,7676,1981,7,781,,Active,,,https://www.redfin.com/WA/Kirkland/12026-NE-99th-Ln-98033/home/513229,NWMLS as Distributed by MLS Grid,2235470,N,Y,47.6890205,-122.1807721
MLS Listing,,Single Family Residential,12814 NE 101st Pl,Kirkland,WA,98033,1649000,3,2.5,North Rose Hill,1820,7953,1989,7,906,,Active,,,https://www.redfin.com/WA/Kirkland/12814-NE-101st-Pl-98033/home/513946,NWMLS as Distributed by MLS Grid,2235375,N,Y,47.691241,-122.1695793
MLS Listing,,Single Family Residential,619 14th Ave W,Kirkland,WA,98033,3499000,4,4.5,West Of Market,3550,7200,2014,7,986,,Active,May-17-2024 04:00 PM,May-17-2024 06:00 PM,https://www.redfin.com/WA/Kirkland/619-14th-Ave-W-98033/home/463741,NWMLS as Distributed by MLS Grid,2234644,N,Y,47.6885605,-122.2135342
MLS Listing,,Single Family Residential,1206 5th St W,Kirkland,WA,98033,4050000,4,3.5,West Of Market,3430,6000,2000,7,1181,,Active,,,https://www.redfin.com/WA/Kirkland/1206-5th-St-W-98033/home/464157,NWMLS as Distributed by MLS Grid,2234627,N,Y,47.6862511,-122.2120194
PAST SALE,April-11-2014,Single Family Residential,8628 112th Ln NE #9,Kirkland,WA,98033,1545000,3,2.5,Kirkland,1776,,2003,8,870,645,Pending,,,https://www.redfin.com/WA/Kirkland/8628-112th-Ln-NE-98033/unit-9/home/9069,NWMLS as Distributed by MLS Grid,2225580,N,Y,47.680114,-122.189787
PAST SALE,June-20-2013,Single Family Residential,245 8th Ave,Kirkland,WA,98033,2495000,3,2.5,East Of Market,2500,5500,2003,8,998,,Pending,,,https://www.redfin.com/WA/Kirkland/245-8th-Ave-98033/home/462979,NWMLS as Distributed by MLS Grid,2220561,N,Y,47.6810141,-122.2041328
PAST SALE,August-27-2010,Condo/Co-op,515 Lake St S #209,Kirkland,WA,98033,1745000,2,2,Downtown,1189,,1965,8,1468,1134,Pending,,,https://www.redfin.com/WA/Kirkland/515-Lake-St-S-98033/unit-209/home/2083227,NWMLS as Distributed by MLS Grid,2218446,N,Y,47.6717013,-122.2058336
MLS Listing,,Single Family Residential,12806 NE 83rd St,Kirkland,WA,98033,2179000,4,3.5,Rose Hill,2674,3112,2024,8,815,60,Active,May-18-2024 12:00 PM,May-18-2024 03:00 PM,https://www.redfin.com/WA/Kirkland/12806-NE-83rd-St-98033/home/190727005,NWMLS as Distributed by MLS Grid,2230636,N,Y,47.6778118,-122.1689878
MLS Listing,,Condo/Co-op,109 2nd St S #328,Kirkland,WA,98033,640000,1,1,Downtown,736,,1998,8,870,530,Active,,,https://www.redfin.com/WA/Kirkland/109-2nd-St-S-98033/unit-328/home/39591,NWMLS as Distributed by MLS Grid,2231762,N,Y,47.6744055,-122.2046242
MLS Listing,,Condo/Co-op,718 Kirkland Cir Unit B301,Kirkland,WA,98033,620000,2,2,Downtown,940,154279,1987,8,660,534,Active,,,https://www.redfin.com/WA/Kirkland/718-Kirkland-Cir-98033/unit-B301/home/143019762,NWMLS as Distributed by MLS Grid,2234410,N,Y,47.6768202,-122.1949163
MLS Listing,,Single Family Residential,8722 124th Ave NE,Kirkland,WA,98033,2290000,4,3,Rose Hill,3140,8361,2015,8,729,,Active,,,https://www.redfin.com/WA/Kirkland/8722-124th-Ave-NE-98033/home/69356402,NWMLS as Distributed by MLS Grid,2227956,N,Y,47.6813951,-122.1749405
PAST SALE,November-6-1992,Condo/Co-op,6201 Lake Washington Blvd NE #308,Kirkland,WA,98033,550000,1,1,Kirkland,649,,1964,9,847,662,Pending,,,https://www.redfin.com/WA/Kirkland/6201-Lake-Washington-Blvd-NE-98033/unit-308/home/42426,NWMLS as Distributed by MLS Grid,2230539,N,Y,47.6620523,-122.2075873
MLS Listing,,Single Family Residential,1019 6th St #1,Kirkland,WA,98033,1539950,3,2.5,East Of Market,1797,,2024,9,857,11,Active,,,https://www.redfin.com/WA/Kirkland/1019-6th-St-98033/unit-1/home/190717927,NWMLS as Distributed by MLS Grid,2234475,N,Y,47.6837164,-122.1976683
MLS Listing,,Condo/Co-op,8252 126th Ave NE Unit D201,Kirkland,WA,98033,465000,2,1,Rose Hill,850,,1985,9,547,597,Active,,,https://www.redfin.com/WA/Kirkland/8252-126th-Ave-NE-98033/unit-D201/home/2090045,NWMLS as Distributed by MLS Grid,2233573,N,Y,47.6784154,-122.1712633
PAST SALE,,Single Family Residential,6432 106th Ave NE,Kirkland,WA,98033,4600000,5,5,Houghton,4998,8100,2024,11,920,,Pending,,,https://www.redfin.com/WA/Kirkland/6432-106th-Ave-NE-98033/home/181298071,NWMLS as Distributed by MLS Grid,2216092,N,Y,47.66437,-122.198102
PAST SALE,,Single Family Residential,1011 6th St,Kirkland,WA,98033,1549950,3,2.5,East Of Market,1797,,2024,12,863,11,Pending,,,https://www.redfin.com/WA/Kirkland/1011-6th-St-98033/home/190598875,NWMLS as Distributed by MLS Grid,2228076,N,Y,47.6835333,-122.1971633
PAST SALE,,Vacant Land,6526 128th Ave NE,Kirkland,WA,98033,5795000,,,Bridle Trails,,54014,,12,,,Pending,,,https://www.redfin.com/WA/Kirkland/6526-128th-Ave-NE-98033/home/431351,NWMLS as Distributed by MLS Grid,2187983,N,Y,47.6653004,-122.1690105
PAST SALE,February-26-2018,Single Family Residential,11418 99th Pl NE,Kirkland,WA,98033,1300000,3,3.5,Kirkland,1952,,2008,12,666,150,Pending,,,https://www.redfin.com/WA/Kirkland/11418-99th-Pl-NE-98033/home/18657830,NWMLS as Distributed by MLS Grid,2219705,N,Y,47.703059,-122.2074843
MLS Listing,,Single Family Residential,10105 NE 66th Ln,Kirkland,WA,98033,5297398,4,4.5,Downtown,5886,2957,1999,12,900,968,Active,,,https://www.redfin.com/WA/Kirkland/10105-NE-66th-Ln-98033/home/463608,NWMLS as Distributed by MLS Grid,2229923,N,Y,47.6650304,-122.2066149
MLS Listing,,Single Family Residential,7020 122nd Ave NE,Kirkland,WA,98033,2750000,5,3.5,Rose Hill,4030,8917,2015,13,682,,Active,,,https://www.redfin.com/WA/Kirkland/7020-122nd-Ave-NE-98033/home/189768973,NWMLS as Distributed by MLS Grid,2230380,N,Y,47.6688655,-122.1771056
PAST SALE,June-13-2023,Single Family Residential,10503 NE 53rd St,Kirkland,WA,98033,5000000,4,3.5,Houghton,3664,27132,1975,14,1365,,Pending,,,https://www.redfin.com/WA/Kirkland/10503-NE-53rd-St-98033/home/459923,NWMLS as Distributed by MLS Grid,2232003,N,Y,47.6552082,-122.1998546
PAST SALE,,Single Family Residential,7043 132nd Ave NE,Kirkland,WA,98033,2599950,4,3.5,Rose Hill,3030,6061,2024,14,858,4,Pending,,,https://www.redfin.com/WA/Kirkland/7043-132nd-AVE-NE-98033/home/190668799,NWMLS as Distributed by MLS Grid,2231918,N,Y,47.66787,-122.164203
MLS Listing,,Single Family Residential,1250 4th St W,Kirkland,WA,98033,2525000,4,2.5,West Of Market,2580,3943,2013,14,979,,Active,,,https://www.redfin.com/WA/Kirkland/1250-4th-St-W-98033/home/461600,NWMLS as Distributed by MLS Grid,2230387,N,Y,47.6852803,-122.2101979
MLS Listing,,Single Family Residential,1711 1st St,Kirkland,WA,98033,2189000,3,2.5,East Of Market,2047,4125,2024,14,1069,20,Active,,,https://www.redfin.com/WA/Kirkland/1711-1st-St-98033/home/190673192,NWMLS as Distributed by MLS Grid,2231928,N,Y,47.6889723,-122.2087092
MLS Listing,,Single Family Residential,5710 114th Ave NE,Kirkland,WA,98033,2600000,5,3.5,Houghton,3510,8926,2019,14,741,,Active,,,https://www.redfin.com/WA/Kirkland/5710-114th-Ave-NE-98033/home/460210,NWMLS as Distributed by MLS Grid,2231205,N,Y,47.6587218,-122.1878562
MLS Listing,,Single Family Residential,1505 2nd St,Kirkland,WA,98033,3888000,4,4,East Of Market,4320,9600,2011,14,900,,Active,,,https://www.redfin.com/WA/Kirkland/1505-2nd-St-98033/home/464586,NWMLS as Distributed by MLS Grid,2231991,N,Y,47.6876692,-122.2067135
MLS Listing,,Single Family Residential,12408 NE 72nd St,Kirkland,WA,98033,3395000,5,4.5,Rose Hill,4330,9581,2024,14,784,,Active,May-18-2024 12:00 PM,May-18-2024 03:00 PM,https://www.redfin.com/WA/Kirkland/12408-NE-72nd-St-98033/home/515509,NWMLS as Distributed by MLS Grid,2230618,N,Y,47.6698334,-122.1742202
MLS Listing,,Single Family Residential,314 8th Ave,Kirkland,WA,98033,2725000,4,2.5,East Of Market,2490,5400,2004,14,1094,,Active,,,https://www.redfin.com/WA/Kirkland/314-8th-Ave-98033/home/464570,NWMLS as Distributed by MLS Grid,2230459,N,Y,47.6814705,-122.2032264
MLS Listing,,Single Family Residential,12416 NE 109th Pl,Kirkland,WA,98033,2199990,5,3.5,North Rose Hill,3489,7217,2020,15,631,,Active,,,https://www.redfin.com/WA/Kirkland/12416-NE-109th-Pl-98033/home/171933390,NWMLS as Distributed by MLS Grid,2230905,N,Y,47.6985986,-122.1747532
PAST SALE,October-31-2012,Single Family Residential,11527 113th Pl NE,Kirkland,WA,98033,1225000,3,2,Juanita,1380,8644,1982,15,888,,Pending,,,https://www.redfin.com/WA/Kirkland/11527-113th-Pl-NE-98033/home/462406,NWMLS as Distributed by MLS Grid,2222216,N,Y,47.7037716,-122.1903003
PAST SALE,,Single Family Residential,135 Cedar St,Kirkland,WA,98033,2699950,5,4.5,Kirkland,3910,5377,2023,15,691,,Pending,,,https://www.redfin.com/WA/Kirkland/135-Cedar-St-98033/home/171871865,NWMLS as Distributed by MLS Grid,2216764,N,Y,47.676991,-122.189537
MLS Listing,,Single Family Residential,403 10th Ave W,Kirkland,WA,98033,6500000,4,5.5,West Of Market,5630,9600,2013,15,1155,,Active,,,https://www.redfin.com/WA/Kirkland/403-10th-Ave-W-98033/home/461975,NWMLS as Distributed by MLS Grid,2224557,N,Y,47.684267,-122.2124728
MLS Listing,,Single Family Residential,10411 52nd Ave NE,Kirkland,WA,98033,2900000,3,2.5,Houghton,2750,8800,1988,15,1055,,Active,May-19-2024 01:00 AM,May-19-2024 04:00 PM,https://www.redfin.com/WA/Kirkland/10411-NE-52nd-St-98033/home/459438,NWMLS as Distributed by MLS Grid,2227970,N,Y,47.6543506,-122.2013611
PAST SALE,,Single Family Residential,11113 NE 46th Ln,Kirkland,WA,98033,1599000,3,2.5,Houghton,1600,2948,2024,16,999,105,Pending,,,https://www.redfin.com/WA/Kirkland/11113-NE-46th-St-98033/home/189604990,NWMLS as Distributed by MLS Grid,2196412,N,Y,47.6511454,-122.196856
PAST SALE,June-9-2020,Single Family Residential,7004 122nd Ave NE,Kirkland,WA,98033,1050000,3,2,Rose Hill,1400,6708,1958,16,750,,Pending,,,https://www.redfin.com/WA/Kirkland/7004-122nd-Ave-NE-98033/home/517383,NWMLS as Distributed by MLS Grid,2223555,N,Y,47.6684022,-122.1771495
MLS Listing,,Single Family Residential,10503 NE 48th Pl,Kirkland,WA,98033,3998000,5,5,Houghton,4398,17051,1975,17,909,,Active,,,https://www.redfin.com/WA/Kirkland/10503-NE-48th-Pl-98033/home/460079,NWMLS as Distributed by MLS Grid,2228114,N,Y,47.6531739,-122.2014276
MLS Listing,,Condo/Co-op,408 2nd Ave S #102,Kirkland,WA,98033,799000,2,2,Downtown,1416,,1982,17,564,785,Active,,,https://www.redfin.com/WA/Kirkland/408-2nd-Ave-S-98033/unit-102/home/24477,NWMLS as Distributed by MLS Grid,2230035,N,Y,47.6746829,-122.1998733
PAST SALE,,Condo/Co-op,10343 (HS 12) 135th Cir NE,Kirkland,WA,98033,1202588,2,2,Rose Hill,1259,2403,2024,18,955,246,Pending,,,https://www.redfin.com/WA/Kirkland/10343-135th-Cir-NE-98033/home/190043878,NWMLS as Distributed by MLS Grid,2215884,N,Y,47.692477,-122.1603084
PAST SALE,,Single Family Residential,710 4th St,Kirkland,WA,98033,1820000,3,2.5,East Of Market,1700,4074,2024,20,1071,96,Pending,,,https://www.redfin.com/WA/Kirkland/710-4th-St-98033/home/189564696,NWMLS as Distributed by MLS Grid,2195335,N,Y,47.6806682,-122.2013573
MLS Listing,,Single Family Residential,10124 NE 59th St Unit A,Kirkland,WA,98033,3850000,4,3.5,Houghton,5123,13247,2002,20,752,1950,Active,,,https://www.redfin.com/WA/Kirkland/10124-NE-59th-St-98033/unit-A/home/190598873,NWMLS as Distributed by MLS Grid,2229487,N,Y,47.6605357,-122.2054571
MLS Listing,,Condo/Co-op,925 Lake St S #202,Kirkland,WA,98033,7600000,3,3.5,Downtown,4462,,2001,20,1703,4801,Active,,,https://www.redfin.com/WA/Kirkland/925-Lake-St-S-98033/unit-202/home/190608514,NWMLS as Distributed by MLS Grid,2224592,N,Y,47.6678421,-122.2072841
MLS Listing,,Single Family Residential,7710 127th Pl NE,Kirkland,WA,98033,2695000,5,3,Rose Hill,3453,5017,2016,21,780,112,Active,May-17-2024 05:00 PM,May-17-2024 07:00 PM,https://www.redfin.com/WA/Kirkland/7710-127th-Pl-NE-98033/home/92206601,NWMLS as Distributed by MLS Grid,2223577,N,Y,47.6733575,-122.1695302
MLS Listing,,Single Family Residential,11626 NE 60th St,Kirkland,WA,98033,1328000,3,2,Kirkland,1620,9180,1977,21,820,,Active,,,https://www.redfin.com/WA/Kirkland/11626-NE-60th-St-98033/home/516235,NWMLS as Distributed by MLS Grid,2227560,N,Y,47.6612628,-122.184634
MLS Listing,,Single Family Residential,12226 NE 70th St,Kirkland,WA,98033,1599000,3,1,Rose Hill,1000,8990,1960,21,1599,,Active,,,https://www.redfin.com/WA/Kirkland/12226-NE-70th-St-98033/home/517438,NWMLS as Distributed by MLS Grid,2228532,N,Y,47.6684035,-122.1761886
MLS Listing,,Condo/Co-op,6333 Lake Washington Blvd NE #301,Kirkland,WA,98033,599000,1,1,Kirkland,761,,1967,21,787,358,Active,,,https://www.redfin.com/WA/Kirkland/6333-Lake-Washington-Blvd-NE-98033/unit-301/home/49862,NWMLS as Distributed by MLS Grid,2227941,N,Y,47.6631485,-122.2076413
MLS Listing,,Single Family Residential,232 3rd Ave S,Kirkland,WA,98033,3500000,4,3.5,Moss Bay,3823,3215,2024,21,916,,Active,May-18-2024 02:00 PM,May-18-2024 04:00 PM,https://www.redfin.com/WA/Kirkland/232-3rd-Ave-S-98033/home/190356618,NWMLS as Distributed by MLS Grid,2228394,N,Y,47.6734441,-122.2027431
MLS Listing,,Townhouse,8726 123rd Ln NE,Kirkland,WA,98033,984999,3,2.5,Kirkland,1774,,1997,21,555,717,Active,,,https://www.redfin.com/WA/Kirkland/8726-123rd-Ln-NE-98033/home/17077793,NWMLS as Distributed by MLS Grid,2219835,N,Y,47.682092,-122.1769251
MLS Listing,,Single Family Residential,10209 114th Pl NE,Kirkland,WA,98033,3000000,4,3.5,Highlands,3910,12500,2006,21,767,,Active,May-19-2024 12:00 PM,May-19-2024 02:00 PM,https://www.redfin.com/WA/Kirkland/10209-114th-Pl-NE-98033/home/464451,NWMLS as Distributed by MLS Grid,2220279,N,Y,47.6908494,-122.1881959
MLS Listing,,Single Family Residential,8312 120th Ave NE,Kirkland,WA,98033,1600000,4,3.5,Rose Hill,2472,3461,2017,22,647,103,Active,May-18-2024 12:00 PM,May-18-2024 03:00 PM,https://www.redfin.com/WA/Kirkland/8312-120th-Ave-NE-98033/home/131646981,NWMLS as Distributed by MLS Grid,2221282,N,Y,47.6781229,-122.1801851
MLS Listing,,Condo/Co-op,10257 (HS 23) 135th Cir NE,Kirkland,WA,98033,1190533,2,2,Rose Hill,1259,1941,2024,23,946,246,Active,,,https://www.redfin.com/WA/Kirkland/10257-135th-Cir-NE-98033/home/186243458,NWMLS as Distributed by MLS Grid,2209179,N,Y,47.6919209,-122.16022
PAST SALE,October-29-1992,Single Family Residential,124 13th Ave,Kirkland,WA,98033,3400000,4,3.5,East Of Market,4500,6000,2003,24,756,,Pending,,,https://www.redfin.com/WA/Kirkland/124-13th-Ave-98033/home/462102,NWMLS as Distributed by MLS Grid,2223138,N,Y,47.6857442,-122.2073716
PAST SALE,,Condo/Co-op,10253 (HS 32) 135th Cir NE,Kirkland,WA,98033,1043780,2,2.5,Rose Hill,1200,,2024,25,870,246,Pending,,,https://www.redfin.com/WA/Kirkland/10253-135th-Ave-NE-98033/home/188467446,NWMLS as Distributed by MLS Grid,2211434,N,Y,47.691935,-122.160287
MLS Listing,,Single Family Residential,10917 101st Pl NE,Kirkland,WA,98033,2790000,5,3.5,Juanita,4550,10745,2003,27,613,,Active,May-17-2024 04:00 PM,May-17-2024 07:00 PM,https://www.redfin.com/WA/Kirkland/10917-101st-Pl-NE-98033/home/462873,NWMLS as Distributed by MLS Grid,2225818,N,Y,47.6981825,-122.205732
MLS Listing,,Condo/Co-op,8240 126th Ave NE Unit A102,Kirkland,WA,98033,460000,2,1,Rose Hill,833,,1985,28,552,593,Active,,,https://www.redfin.com/WA/Kirkland/8240-126th-Ave-NE-98033/unit-A102/home/2068030,NWMLS as Distributed by MLS Grid,2225049,N,Y,47.6783942,-122.1724419
MLS Listing,,Condo/Co-op,12305 NE 84th Ln,Kirkland,WA,98033,1950000,4,3.5,Rose Hill,2895,,2013,28,674,250,Active,,,https://www.redfin.com/WA/Kirkland/12305-NE-84th-Ln-98033/home/50268172,NWMLS as Distributed by MLS Grid,2223297,N,Y,47.6781447,-122.1768015
MLS Listing,,Single Family Residential,6705 117th Ave NE,Kirkland,WA,98033,2980000,4,3.5,Rose Hill,3768,6779,2024,28,791,5,Active,,,https://www.redfin.com/WA/Kirkland/6705-117th-Ave-NE-98033/home/517244,NWMLS as Distributed by MLS Grid,2221689,N,Y,47.6663267,-122.1845948
MLS Listing,,Single Family Residential,6705 6707 117th Ave NE,Kirkland,WA,98033,4250000,6,6,Rose Hill,5101,9182,2024,28,833,,Active,,,https://www.redfin.com/WA/Kirkland/6705-6707-117th-Ave-NE-98033/home/190556737,NWMLS as Distributed by MLS Grid,2220924,N,Y,47.6663295,-122.1844986
MLS Listing,,Single Family Residential,11213 NE 112th St,Kirkland,WA,98033,1250000,4,2,Forbes Creek,2080,8512,1967,29,601,,Active,May-18-2024 09:00 AM,May-18-2024 12:00 PM,https://www.redfin.com/WA/Kirkland/11213-NE-112th-St-98033/home/463828,NWMLS as Distributed by MLS Grid,2223802,N,Y,47.7001899,-122.190677
MLS Listing,,Townhouse,10014 NE 124th Ave,Kirkland,WA,98033,1399950,4,2.5,Rose Hill,2557,3076,1997,29,547,400,Active,,,https://www.redfin.com/WA/Kirkland/10014-124th-Ave-NE-98033/home/512117,NWMLS as Distributed by MLS Grid,2224144,N,Y,47.6899462,-122.1754157
MLS Listing,,Condo/Co-op,109 2nd St S #520,Kirkland,WA,98033,825000,2,2,Downtown,1090,,1997,29,757,690,Active,,,https://www.redfin.com/WA/Kirkland/109-2nd-St-S-98033/unit-520/home/6547,NWMLS as Distributed by MLS Grid,2223257,N,Y,47.6744055,-122.2046242
PAST SALE,May-27-2021,Single Family Residential,25 20th Ave,Kirkland,WA,98033,1800000,3,2,East Of Market,1650,12663,1953,30,1091,,Pending,,,https://www.redfin.com/WA/Kirkland/25-20th-Ave-98033/home/462843,NWMLS as Distributed by MLS Grid,2196611,N,Y,47.6930256,-122.2085858
PAST SALE,,Single Family Residential,7337 122nd Ave NE,Kirkland,WA,98033,1339950,2,2.5,Rose Hill,1326,1914,2024,31,1011,11,Pending,,,https://www.redfin.com/WA/Kirkland/7337-122nd-Ave-NE-98033/home/190250878,NWMLS as Distributed by MLS Grid,2210932,N,Y,47.6711038,-122.177744
MLS Listing,,Condo/Co-op,6201 Lake Washington Blvd NE #307,Kirkland,WA,98033,630000,1,1,Kirkland,595,,1964,31,1059,653,Active,,,https://www.redfin.com/WA/Kirkland/6201-Lake-Washington-Blvd-NE-98033/unit-307/home/42425,NWMLS as Distributed by MLS Grid,2222639,N,Y,47.6620523,-122.2075873
MLS Listing,,Condo/Co-op,5404 Lake Washington Blvd Unit D,Kirkland,WA,98033,1695000,2,2,Yarrow,1684,,1990,34,1007,976,Active,,,https://www.redfin.com/WA/Kirkland/5404-Lake-Washington-Blvd-NE-98033/unit-D/home/12319105,NWMLS as Distributed by MLS Grid,2222078,N,Y,47.655578,-122.2031054
MLS Listing,,Single Family Residential,11404 NE 92nd St,Kirkland,WA,98033,1750000,4,2,Highlands,2320,10000,1968,35,754,,Active,May-19-2024 01:00 PM,May-19-2024 04:00 PM,https://www.redfin.com/WA/Kirkland/11404-NE-92nd-St-98033/home/463279,NWMLS as Distributed by MLS Grid,2220844,N,Y,47.6843129,-122.1880059
MLS Listing,,Single Family Residential,10607 NE 58th St,Kirkland,WA,98033,2700000,5,3,Houghton,3240,12000,1975,35,833,,Active,,,https://www.redfin.com/WA/Kirkland/10607-NE-58th-St-98033/home/460074,NWMLS as Distributed by MLS Grid,2220425,N,Y,47.6594057,-122.1973893
MLS Listing,,Condo/Co-op,10310 (HS 7) 135th Cir NE,Kirkland,WA,98033,1037909,2,2,Rose Hill,1000,,2024,36,1038,246,Active,May-18-2024 12:00 PM,May-18-2024 04:00 PM,https://www.redfin.com/WA/Kirkland/10310-135th-Cir-NE-98033/home/190410643,NWMLS as Distributed by MLS Grid,2221749,N,Y,47.6927949,-122.1608682
MLS Listing,,Single Family Residential,226 4th Ave #8,Kirkland,WA,98033,1620000,3,3,Kirkland,2082,1,2018,41,778,250,Active,May-18-2024 01:00 PM,May-18-2024 04:00 PM,https://www.redfin.com/WA/Kirkland/226-4th-Ave-98033/unit-8/home/144770478,NWMLS as Distributed by MLS Grid,2219684,N,Y,47.678339,-122.2052775
MLS Listing,,Townhouse,503 A 2nd Ave S,Kirkland,WA,98033,1949900,3,3.5,Moss Bay,2556,,2024,42,763,25,Active,May-18-2024 01:00 PM,May-18-2024 04:00 PM,https://www.redfin.com/WA/Kirkland/503-2nd-Ave-S-98033/home/181753862,NWMLS as Distributed by MLS Grid,2218059,N,Y,47.6738503,-122.1985666
MLS Listing,,Condo/Co-op,109 2nd St S #339,Kirkland,WA,98033,924950,2,2,Downtown,1519,,1997,48,609,1398,Active,,,https://www.redfin.com/WA/Kirkland/109-2nd-St-S-98033/unit-339/home/41036,NWMLS as Distributed by MLS Grid,2216778,N,Y,47.6744055,-122.2046242
PAST SALE,,Single Family Residential,6702 123rd Ave NE,Kirkland,WA,98033,1450000,3,2,Bridle Trails,1270,18661,1959,50,1142,,Pending,,,https://www.redfin.com/WA/Kirkland/6702-123rd-Ave-NE-98033/home/515706,NWMLS as Distributed by MLS Grid,2209714,N,Y,47.6657864,-122.1752501
PAST SALE,December-20-1993,Single Family Residential,7025 124th Ave NE,Kirkland,WA,98033,1500000,3,3,Rose Hill,1720,19803,1967,51,872,,Pending,,,https://www.redfin.com/WA/Kirkland/7025-124th-Ave-NE-98033/home/515303,NWMLS as Distributed by MLS Grid,2170771,N,Y,47.668875,-122.175537
MLS Listing,,Condo/Co-op,127 3rd Ave #301,Kirkland,WA,98033,3150000,3,2.5,Downtown,2346,,1996,51,1343,1960,Active,,,https://www.redfin.com/WA/Kirkland/127-3rd-Ave-98033/unit-301/home/14631,NWMLS as Distributed by MLS Grid,2214378,N,Y,47.6770932,-122.2067737
PAST SALE,January-4-2016,Single Family Residential,438 4th Ave S,Kirkland,WA,98033,1858000,3,3,Downtown,1820,4000,1995,53,1021,,Pending,,,https://www.redfin.com/WA/Kirkland/438-4th-Ave-S-98033/home/462112,NWMLS as Distributed by MLS Grid,2208144,N,Y,47.6729235,-122.19975
PAST SALE,,Condo/Co-op,10223 135th (Homesite 29) Cir NE,Kirkland,WA,98033,1067678,2,2.5,Rose Hill,1200,,2024,56,890,246,Pending,,,https://www.redfin.com/WA/Kirkland/10223-135th-Cir-NE-98033/home/185881447,NWMLS as Distributed by MLS Grid,2201223,N,Y,47.6917823,-122.1607727
MLS Listing,,Single Family Residential,407 5th Ave W,Kirkland,WA,98033,12995000,4,3.5,West Of Market,5566,26553,2004,57,2335,17,Active,,,https://www.redfin.com/WA/Kirkland/407-5th-Ave-W-98033/home/280550,NWMLS as Distributed by MLS Grid,2212762,N,Y,47.6831389,-122.2154547
MLS Listing,,Single Family Residential,308 2nd St S,Kirkland,WA,98033,3495000,3,3.5,Downtown,3280,6800,2006,57,1066,,Active,May-18-2024 12:00 PM,May-18-2024 03:00 PM,https://www.redfin.com/WA/Kirkland/308-2nd-St-S-98033/home/464331,NWMLS as Distributed by MLS Grid,2204609,N,Y,47.672945,-122.203907
MLS Listing,,Condo/Co-op,11008 NE 68th St #726,Kirkland,WA,98033,479950,2,1,Kirkland,900,1700,1968,62,533,488,Active,,,https://www.redfin.com/WA/Kirkland/11008-NE-68th-St-98033/unit-726/home/54173,NWMLS as Distributed by MLS Grid,2205420,N,Y,47.6672054,-122.1930332
MLS Listing,,Townhouse,7032 119th Way NE Unit C,Kirkland,WA,98033,1735000,4,3.5,Rose Hill,2109,1888,2018,62,823,350,Active,,,https://www.redfin.com/WA/Kirkland/7032-119th-Way-NE-98033/unit-C/home/167389747,NWMLS as Distributed by MLS Grid,2211024,N,Y,47.668976,-122.1820416
MLS Listing,,Single Family Residential,323 Lake St S,Kirkland,WA,98033,14995000,4,4.5,Kirkland,4990,14459,2015,62,3005,,Active,,,https://www.redfin.com/WA/Kirkland/323-Lake-St-S-98033/home/2076824,NWMLS as Distributed by MLS Grid,2210748,N,Y,47.6729257,-122.2057529
MLS Listing,,Vacant Land,9505 Slater Ave NE,Kirkland,WA,98033,1598000,,,Rose Hill,,12477,,65,,,Active,,,https://www.redfin.com/WA/Kirkland/9505-Slater-Ave-NE-98033/home/512205,NWMLS as Distributed by MLS Grid,2209452,N,Y,47.6859604,-122.1819444
PAST SALE,April-30-2012,Single Family Residential,11409 NE 112th St,Kirkland,WA,98033,1588000,4,3,Forbes Creek,3210,14444,1951,70,495,,Pending,,,https://www.redfin.com/WA/Kirkland/11409-NE-112th-St-98033/home/463250,NWMLS as Distributed by MLS Grid,2200248,N,Y,47.7001409,-122.1887563
MLS Listing,,Single Family Residential,10206 NE 60th St,Kirkland,WA,98033,2890000,4,3,Houghton,2870,8505,1996,71,1007,,Active,,,https://www.redfin.com/WA/Kirkland/10206-NE-60th-St-98033/home/459689,NWMLS as Distributed by MLS Grid,2204490,N,Y,47.6614291,-122.2043178
MLS Listing,,Vacant Land,12508 NE 91st St,Kirkland,WA,98033,1100000,,,North Rose Hill,,8125,,73,,,Active,,,https://www.redfin.com/WA/Kirkland/12508-NE-91st-St-98033/home/511253,NWMLS as Distributed by MLS Grid,2206432,N,Y,47.6836373,-122.173894
PAST SALE,,Townhouse,1325 Market St,Kirkland,WA,98033,2198800,3,3.5,West Of Market,3000,2329,2024,73,733,350,Pending,,,https://www.redfin.com/WA/Kirkland/1325-Market-St-98033/home/182539162,NWMLS as Distributed by MLS Grid,2194177,N,Y,47.686255,-122.210166
MLS Listing,,Single Family Residential,10285 (HS 14) 135th Cir NE,Kirkland,WA,98033,1234716,2,2,Rose Hill,1259,1898,2024,74,981,246,Active,May-18-2024 12:00 PM,May-18-2024 04:00 PM,https://www.redfin.com/WA/Kirkland/10285-135th-Cir-NE-98033/home/189767865,NWMLS as Distributed by MLS Grid,2206082,N,Y,47.6922685,-122.1603014
PAST SALE,,Condo/Co-op,10275 135th (Homesite 15) Cir NE,Kirkland,WA,98033,1202072,2,2,Rose Hill,1259,2403,2024,75,955,246,Pending,,,https://www.redfin.com/WA/Kirkland/10275-135th-Cir-NE-98033/home/186901619,NWMLS as Distributed by MLS Grid,2196894,N,Y,47.6921652,-122.1603247
MLS Listing,,Single Family Residential,6413 Lake Washington Blvd NE,Kirkland,WA,98033,9990000,5,5.5,Downtown,4090,13538,2020,84,2443,,Active,,,https://www.redfin.com/WA/Kirkland/6413-Lake-Washington-Blvd-NE-98033/home/250068,NWMLS as Distributed by MLS Grid,2202595,N,Y,47.6641932,-122.2075187
PAST SALE,,Condo/Co-op,317 5th Ave #106,Kirkland,WA,98033,1599990,2,2.5,Downtown,1574,,2023,93,1017,836,Pending,,,https://www.redfin.com/WA/Kirkland/317-5th-Ave-98033/unit-106/home/185323662,NWMLS as Distributed by MLS Grid,2194558,N,Y,47.6787581,-122.2029783
PAST SALE,December-29-2021,Condo/Co-op,219 5th Ave S Unit F101,Kirkland,WA,98033,1895000,2,2.5,Downtown,2100,,1997,101,902,1429,Pending,,,https://www.redfin.com/WA/Kirkland/219-5th-Ave-S-98033/unit-F101/home/63279,NWMLS as Distributed by MLS Grid,2193202,N,Y,47.6713129,-122.2034532
MLS Listing,,Single Family Residential,311 2nd Ave S,Kirkland,WA,98033,3400000,5,3,Moss Bay,3500,7120,1997,110,971,,Active,,,https://www.redfin.com/WA/Kirkland/311-2nd-Ave-S-98033/home/189541513,NWMLS as Distributed by MLS Grid,2191222,N,Y,47.6739235,-122.2025706
PAST SALE,February-1-2008,Vacant Land,11814 NE 103rd Pl,Kirkland,WA,98033,1250000,,,Highlands,,10726,,111,,,Pending,,,https://www.redfin.com/WA/Kirkland/11814-NE-103rd-Pl-98033/home/461235,NWMLS as Distributed by MLS Grid,2155008,N,Y,47.6930195,-122.1834569
MLS Listing,,Townhouse,507 C 2nd Ave S,Kirkland,WA,98033,1785900,3,3.5,Moss Bay,2355,1,2023,112,758,24,Active,May-18-2024 01:00 PM,May-18-2024 04:00 PM,https://www.redfin.com/WA/Kirkland/507-2nd-Ave-S-98033/home/178482625,NWMLS as Distributed by MLS Grid,2194401,N,Y,47.6738475,-122.1984555
MLS Listing,,Condo/Co-op,302 5th Ave #201,Kirkland,WA,98033,2925000,3,3,Kirkland,2529,,2010,113,1157,1047,Active,,,https://www.redfin.com/WA/Kirkland/302-5th-Ave-98033/unit-201/home/28623764,NWMLS as Distributed by MLS Grid,2191530,N,Y,47.679122,-122.2034059
MLS Listing,,Single Family Residential,247 5th Ave W,Kirkland,WA,98033,6200000,3,3,West Of Market,4120,13200,2015,115,1505,,Active,,,https://www.redfin.com/WA/Kirkland/247-5th-Ave-W-98033/home/461172,NWMLS as Distributed by MLS Grid,2192123,N,Y,47.6809216,-122.2127594
MLS Listing,,Single Family Residential,213 4th Ct S,Kirkland,WA,98033,2285000,5,4,Downtown,3083,2900,2016,210,741,710,Active,,,https://www.redfin.com/WA/Kirkland/213-4th-Ct-S-98033/home/143457489,NWMLS as Distributed by MLS Grid,2173443,N,Y,47.6726326,-122.2030592
New Construction Home,,Condo/Co-op,10342 135th Cir NE,Kirkland,WA,98033,1084839,2,2.5,Kirkland,1200,,2024,14,904,,Active,,,https://www.redfin.com/WA/Kirkland/10342-HS-2-135th-Cir-NE-98033/home/190511620,Zillow,09CB512D7D7C,N,Y,47.692779541015625,-122.1603928
New Construction Home,,Condo/Co-op,10314 135th Cir NE,Kirkland,WA,98033,1011513,2,2,Kirkland,1000,,2024,35,1012,,Active,,,https://www.redfin.com/WA/Kirkland/10314-135th-Circle-NE-98033/home/190484788,Zillow,6F72FC396DCA,N,Y,47.6928873,-122.1608646
New Construction Home,,Condo/Co-op,10233 135th Cir NE,Kirkland,WA,98033,1076622,2,2.5,Kirkland,1200,,2023,155,897,,Active,,,https://www.redfin.com/WA/Kirkland/10233-135th-Cir-NE-98033/home/188159098,Zillow,D49D995F4EE9,N,Y,47.6917778,-122.1606374
New Construction Plan,,Single Family Residential,Homes Available Soon Plan,Kirkland,WA,98033,,,,Kirkland,,,,43,,,Active,,,https://www.redfin.com/WA/Kirkland/Kirkland/Homes-Available-Soon/home/190378416,Zillow,CF447772876D,N,Y,47.6941691,-122.160947
New Construction Plan,,Single Family Residential,Homes Available Soon Plan,Kirkland,WA,98033,,,,Kirkland,,,,83,,,Active,,,https://www.redfin.com/WA/Kirkland/Kirkland/Homes-Available-Soon/home/189853071,Zillow,FF3F1309AA86,N,Y,47.6815065,-122.210083
PAST SALE,,Condo/Co-op,10339 135th (Homesite 22) Cir NE,Kirkland,WA,98033,1115445,2,2,Rose Hill,1259,,2024,69,886,246,Pending,,,https://www.redfin.com/WA/Kirkland/10339-NE-135th-St-98034/home/188864139,NWMLS as Distributed by MLS Grid,2181741,N,Y,47.7211432,-122.2057467
PAST SALE,August-12-2021,Condo/Co-op,11306 124th Ave NE Unit 4-201,Kirkland,WA,98033,575000,2,2,North Rose Hill,987,,2007,17,583,465,Pending,,,https://www.redfin.com/WA/Kirkland/11306-124th-Ave-NE-98033/unit-4-201/home/17069257,NWMLS as Distributed by MLS Grid,2227852,N,Y,47.7018305,-122.1756553
PAST SALE,,Single Family Residential,10306 135th (Homesite 19) Cir NE,Kirkland,WA,98033,1216379,2,2,Rose Hill,1259,2129,2024,75,966,246,Pending,,,https://www.redfin.com/WA/Kirkland/10306-NE-135th-St-98034/home/189106053,NWMLS as Distributed by MLS Grid,2189872,N,Y,47.7212272,-122.2057283
PAST SALE,,Condo/Co-op,10349 135th (Homesite 11) Cir NE,Kirkland,WA,98033,962817,2,2,Rose Hill,1000,,2024,158,963,246,Pending,,,https://www.redfin.com/WA/Kirkland/10349-NE-135th-St-98034/home/188195701,NWMLS as Distributed by MLS Grid,2167557,N,Y,47.7211432,-122.2057467
New Construction Home,,Condo/Co-op,10292 135th Cir NE,Kirkland,WA,98033,1181732,2,2,Kirkland,1259,,2024,91,939,,Active,,,https://www.redfin.com/WA/Kirkland/10292-NE-135th-St-98034/home/188158205,Zillow,64DA069297D3,N,Y,47.7212272,-122.2057283
