SALE TYPE,SOLD DATE,PROPERTY TYPE,ADDRESS,CITY,STATE OR PROVINCE,ZIP OR POSTAL CODE,PRICE,BEDS,BATHS,LOCATION,SQUARE FEET,LOT SIZE,YEAR BUILT,DAYS ON MARKET,$/SQUARE FEET,HOA/MONTH,STATUS,NEXT OPEN HOUSE START TIME,NEXT OPEN HOUSE END TIME,URL (SEE https://www.redfin.com/buy-a-home/comparative-market-analysis FOR INFO ON PRICING),SOURCE,MLS#,FAVORITE,INTERESTED,LATITUDE,LONGITUDE
"In accordance with local MLS rules, some MLS listings are not included in the download",,,,,,,,,,,,,,,,,,,,,,,,,,
MLS Listing,,Condo/Co-op,4825 Terrace Dr NE,Seattle,WA,98105,369000,1,1,Bryant,605,,1949,1,610,438,Active,May-18-2024 12:00 PM,May-18-2024 02:00 PM,https://www.redfin.com/WA/Seattle/4825-Terrace-Dr-NE-98105/home/30679,NWMLS as Distributed by MLS Grid,2238843,N,Y,47.6638197,-122.2854241
PAST SALE,October-7-2014,Condo/Co-op,4343 Roosevelt Way NE #601,Seattle,WA,98105,600000,2,2,University District,1015,,1996,13,591,887,Pending,,,https://www.redfin.com/WA/Seattle/4343-Roosevelt-Way-NE-98105/unit-601/home/35974,NWMLS as Distributed by MLS Grid,2228913,N,Y,47.6606289,-122.3180337
MLS Listing,,Single Family Residential,5531 28th Ave NE,Seattle,WA,98105,1199000,4,2,Ravenna,2030,3697,1926,29,591,,Active,May-19-2024 02:00 PM,May-19-2024 04:00 PM,https://www.redfin.com/WA/Seattle/5531-28th-Ave-NE-98105/home/312507,NWMLS as Distributed by MLS Grid,2217966,N,Y,47.6694701,-122.2975179
PAST SALE,,Townhouse,4025 2nd Ave NE,Seattle,WA,98105,849950,2,2.5,Wallingford,1200,1200,2024,1,708,1,Pending,,,https://www.redfin.com/WA/Seattle/4025-2nd-Ave-NE-98105/home/190707001,NWMLS as Distributed by MLS Grid,2232849,N,Y,47.6563165,-122.3271087
PAST SALE,,Townhouse,4027 2nd Ave NE,Seattle,WA,98105,1850000,5,3.5,Wallingford,2658,1200,2024,10,696,1,Pending,,,https://www.redfin.com/WA/Seattle/4027-2nd-Ave-NE-98105/home/190707609,NWMLS as Distributed by MLS Grid,2232874,N,Y,47.6563747,-122.3271079
MLS Listing,,Single Family Residential,3826 43rd Ave NE,Seattle,WA,98105,3025000,5,3.5,Laurelhurst,3930,6000,1929,1,770,,Active,,,https://www.redfin.com/WA/Seattle/3826-43rd-Ave-NE-98105/home/122116,NWMLS as Distributed by MLS Grid,2238383,N,Y,47.6566188,-122.2810018
MLS Listing,,Multi-Family (2-4 Unit),4716 7TH Ave NE,Seattle,WA,98105,990000,5,1.75,University District,2130,4280,1921,1,465,,Active,,,https://www.redfin.com/WA/Seattle/4716-7th-Ave-NE-98105/home/311501,NWMLS as Distributed by MLS Grid,2236382,N,Y,47.6636586,-122.3204345
MLS Listing,,Condo/Co-op,"4015 NE 56th St Unit A,B",Seattle,WA,98105,2749000,4,5,Hawthorne Hills,3857,,2023,1,713,114,Active,May-18-2024 10:00 AM,May-18-2024 01:00 PM,https://www.redfin.com/WA/Seattle/4015-NE-56th-St-98105/unit-A-B/home/186070255,NWMLS as Distributed by MLS Grid,2238442,N,Y,47.6692734,-122.2840762
MLS Listing,,Single Family Residential,5022 35th Ave NE,Seattle,WA,98105,850000,5,2,Bryant,1960,2112,1921,1,434,,Active,,,https://www.redfin.com/WA/Seattle/5022-35th-Ave-NE-98105/home/314082,NWMLS as Distributed by MLS Grid,2237575,N,Y,47.6655887,-122.2899379
MLS Listing,,Single Family Residential,5601 8th Ave NE,Seattle,WA,98105,820000,2,1,Roosevelt,2140,4300,1923,1,383,,Active,May-18-2024 12:00 AM,May-18-2024 11:59 PM,https://www.redfin.com/WA/Seattle/5601-8th-Ave-NE-98105/home/312072,NWMLS as Distributed by MLS Grid,2236520,N,Y,47.6695037,-122.3203467
MLS Listing,,Condo/Co-op,4547 8th Ave NE #303,Seattle,WA,98105,350000,1,1,University District,472,,2008,1,742,584,Active,,,https://www.redfin.com/WA/Seattle/4547-8th-Ave-NE-98105/unit-303/home/21883077,NWMLS as Distributed by MLS Grid,2237599,N,Y,47.6628143,-122.3199182
MLS Listing,,Single Family Residential,5505 Coniston Rd NE,Seattle,WA,98105,2225000,5,3,Windermere,3980,11232,1960,1,559,,Active,May-17-2024 05:00 PM,May-17-2024 07:00 PM,https://www.redfin.com/WA/Seattle/5505-Coniston-Rd-NE-98105/home/120547,NWMLS as Distributed by MLS Grid,2235774,N,Y,47.6690152,-122.2719583
MLS Listing,,Single Family Residential,4747 2nd Ave NE,Seattle,WA,98105,1350000,3,2.5,Wallingford,2520,4086,1917,1,536,,Active,May-17-2024 04:00 PM,May-17-2024 06:00 PM,https://www.redfin.com/WA/Seattle/4747-2nd-Ave-NE-98105/home/118863,NWMLS as Distributed by MLS Grid,2237251,N,Y,47.6645399,-122.3275676
MLS Listing,,Single Family Residential,4556 Purdue Ave NE,Seattle,WA,98105,1850000,4,3.5,Hawthorne Hills,2743,6930,1947,2,674,,Active,May-17-2024 04:30 PM,May-17-2024 06:30 PM,https://www.redfin.com/WA/Seattle/4556-Purdue-Ave-NE-98105/home/320394,NWMLS as Distributed by MLS Grid,2233568,N,Y,47.6704314,-122.2775377
PAST SALE,,Single Family Residential,5217 NE 43rd St,Seattle,WA,98105,1950000,3,2,Laurelhurst,1750,10094,1908,2,1114,,Pending,,,https://www.redfin.com/WA/Seattle/5217-NE-43rd-St-98105/home/122026,NWMLS as Distributed by MLS Grid,2230843,N,Y,47.6592462,-122.2712839
MLS Listing,,Single Family Residential,5711 18th Ave NE,Seattle,WA,98105,1745000,4,3,Ravenna,2945,4320,1906,2,593,,Active,May-18-2024 12:00 PM,May-18-2024 02:00 PM,https://www.redfin.com/WA/Seattle/5711-18th-Ave-NE-98105/home/308641,NWMLS as Distributed by MLS Grid,2237346,N,Y,47.6708428,-122.3087793
PAST SALE,,Townhouse,4029 2nd Ave NE,Seattle,WA,98105,849950,2,2.5,Wallingford,1200,1200,2024,3,708,1,Pending,,,https://www.redfin.com/WA/Seattle/4029-2nd-Ave-NE-98105/home/190685947,NWMLS as Distributed by MLS Grid,2232125,N,Y,47.656433,-122.327107
PAST SALE,,Single Family Residential,5228 11th Ave NE Unit A/B,Seattle,WA,98105,899999,5,2,University District,1820,3000,1908,3,495,,Pending,,,https://www.redfin.com/WA/Seattle/5228-11th-Ave-NE-98105/unit-A-B/home/190328347,NWMLS as Distributed by MLS Grid,2216566,N,Y,47.6672869,-122.3159894
PAST SALE,July-31-2015,Single Family Residential,142 NE 56th St,Seattle,WA,98105,2250000,4,3.5,Green Lake,3040,4080,2017,3,740,,Pending,,,https://www.redfin.com/WA/Seattle/142-NE-56th-St-98105/home/305642,NWMLS as Distributed by MLS Grid,2233358,N,Y,47.6695317,-122.3264144
PAST SALE,April-11-2023,Townhouse,4031 2nd Ave NE,Seattle,WA,98105,1799950,5,3.5,Wallingford,2658,1200,2024,3,677,1,Pending,,,https://www.redfin.com/WA/Seattle/4031-2nd-Ave-NE-98105/home/118302,NWMLS as Distributed by MLS Grid,2230573,N,Y,47.6564915,-122.3271353
MLS Listing,,Multi-Family (5+ Unit),4253 7th Ave NE,Seattle,WA,98105,8900000,11,7,University District,20587,13025,1985,3,432,,Active,,,https://www.redfin.com/WA/Seattle/4253-7th-Ave-NE-98105/home/2071416,NWMLS as Distributed by MLS Grid,2236772,N,Y,47.6590916,-122.3211222
PAST SALE,,Single Family Residential,346 NE 55th St Unit C,Seattle,WA,98105,775000,2,2,Wallingford,1104,1,2024,4,702,30,Pending,,,https://www.redfin.com/WA/Seattle/346-NE-55th-St-98105/unit-C/home/190549501,NWMLS as Distributed by MLS Grid,2226259,N,Y,47.6688503,-122.3235437
PAST SALE,March-15-2001,Single Family Residential,5010 8th Ave NE,Seattle,WA,98105,1299950,8,2.5,University District,2910,4687,1911,4,447,,Pending,,,https://www.redfin.com/WA/Seattle/5010-8th-Ave-NE-98105/home/311673,NWMLS as Distributed by MLS Grid,2232146,N,Y,47.6653587,-122.3192547
PAST SALE,August-1-2008,Condo/Co-op,4204 11th Ave NE #11,Seattle,WA,98105,611000,1,1,University District,935,,1930,4,653,581,Pending,,,https://www.redfin.com/WA/Seattle/4204-11th-Ave-NE-98105/unit-11/home/68477,NWMLS as Distributed by MLS Grid,2225534,N,Y,47.658619,-122.3163686
PAST SALE,,Single Family Residential,4720 7th Ave NE,Seattle,WA,98105,900000,3,1,University District,2510,6050,1911,4,359,,Pending,,,https://www.redfin.com/WA/Seattle/4720-7th-Ave-NE-98105/home/312024,NWMLS as Distributed by MLS Grid,2229556,N,Y,47.6638311,-122.3204311
PAST SALE,August-5-2014,Condo/Co-op,4547 8th Ave NE #210,Seattle,WA,98105,410000,1,1,University District,620,,2008,4,661,664,Pending,,,https://www.redfin.com/WA/Seattle/4547-8th-Ave-NE-98105/unit-210/home/21883079,NWMLS as Distributed by MLS Grid,2230815,N,Y,47.6628143,-122.3199182
PAST SALE,February-4-2022,Single Family Residential,5741 40th Ave NE,Seattle,WA,98105,1180000,3,2,Bryant,1600,8466,1977,5,738,,Pending,,,https://www.redfin.com/WA/Seattle/5741-40th-Ave-NE-98105/home/313508,NWMLS as Distributed by MLS Grid,2224367,N,Y,47.6715194,-122.2851403
PAST SALE,July-7-2017,Single Family Residential,5125 NE 42nd St,Seattle,WA,98105,2395000,4,2.5,Laurelhurst,2980,5000,1983,5,804,,Pending,,,https://www.redfin.com/WA/Seattle/5125-NE-42nd-St-98105/home/121845,NWMLS as Distributed by MLS Grid,2214565,N,Y,47.658509,-122.2713128
PAST SALE,June-2-2009,Condo/Co-op,5249 40th Ave NE #201,Seattle,WA,98105,525000,2,2,Hawthorne Hills,1052,10810,1966,5,499,597,Pending,,,https://www.redfin.com/WA/Seattle/5249-40th-Ave-NE-98105/unit-201/home/21617172,NWMLS as Distributed by MLS Grid,2233409,N,Y,47.6682661,-122.2851838
PAST SALE,October-30-2020,Single Family Residential,4421 51st Ave NE,Seattle,WA,98105,1935000,3,2.5,Laurelhurst,2600,5000,1963,5,744,,Pending,,,https://www.redfin.com/WA/Seattle/4421-51st-Ave-NE-98105/home/121419,NWMLS as Distributed by MLS Grid,2218452,N,Y,47.6607606,-122.2732791
PAST SALE,August-26-2016,Single Family Residential,423 NE 60th St,Seattle,WA,98105,973500,3,2,Green Lake,2260,3796,1916,5,431,,Pending,,,https://www.redfin.com/WA/Seattle/423-NE-60th-St-98115/home/304673,NWMLS as Distributed by MLS Grid,2233881,N,Y,47.6720696,-122.323537
MLS Listing,,Condo/Co-op,4725 15th Ave NE #26,Seattle,WA,98105,319950,1,1,University District,672,,1923,6,476,566,Active,,,https://www.redfin.com/WA/Seattle/4725-15th-Ave-NE-98105/unit-26/home/40385762,NWMLS as Distributed by MLS Grid,2236515,N,Y,47.6638715,-122.3122067
PAST SALE,January-27-2020,Single Family Residential,4738 7th Ave NE,Seattle,WA,98105,600000,4,1,University District,2120,4815,1909,6,283,,Pending,,,https://www.redfin.com/WA/Seattle/4738-7th-Ave-NE-98105/home/312019,NWMLS as Distributed by MLS Grid,2203832,N,Y,47.6643013,-122.3204348
PAST SALE,,Single Family Residential,135 NE 51st St,Seattle,WA,98105,998000,3,1.5,Green Lake,2180,4160,1910,6,458,,Pending,,,https://www.redfin.com/WA/Seattle/135-NE-51st-St-98105/home/305949,NWMLS as Distributed by MLS Grid,2224141,N,Y,47.6655243,-122.3267216
PAST SALE,February-28-2002,Single Family Residential,4700 7th Ave NE,Seattle,WA,98105,700000,5,1.5,University District,2290,3745,1914,6,306,,Pending,,,https://www.redfin.com/WA/Seattle/4700-7th-Ave-NE-98105/home/311606,NWMLS as Distributed by MLS Grid,2204170,N,Y,47.663283,-122.3204026
PAST SALE,May-22-2019,Single Family Residential,4315 52nd Ave NE,Seattle,WA,98105,2450000,4,3.5,Laurelhurst,3314,5000,1936,6,739,,Pending,,,https://www.redfin.com/WA/Seattle/4315-52nd-Ave-NE-98105/home/122179,NWMLS as Distributed by MLS Grid,2222967,N,Y,47.6599645,-122.2722691
PAST SALE,October-13-1998,Single Family Residential,4818 36th Ave NE,Seattle,WA,98105,990000,2,2,Bryant,1690,3560,1978,6,586,,Pending,,,https://www.redfin.com/WA/Seattle/4818-36th-Ave-NE-98105/home/314415,NWMLS as Distributed by MLS Grid,2223154,N,Y,47.6641806,-122.2889665
PAST SALE,May-11-2016,Single Family Residential,146 NE 56th St,Seattle,WA,98105,1195000,4,1.5,Green Lake,2180,4080,1909,6,548,,Pending,,,https://www.redfin.com/WA/Seattle/146-NE-56th-St-98105/home/305643,NWMLS as Distributed by MLS Grid,2230131,N,Y,47.6695818,-122.3262554
MLS Listing,,Condo/Co-op,4540 8th Ave NE #2305,Seattle,WA,98105,565000,1,2,University District,1120,,1974,6,504,1222,Active,May-17-2024 04:00 PM,May-17-2024 06:00 PM,https://www.redfin.com/WA/Seattle/4540-8th-Ave-NE-98105/unit-2305/home/9253,NWMLS as Distributed by MLS Grid,2235661,N,Y,47.662897,-122.318835
MLS Listing,,Condo/Co-op,3900 2nd Ave NE #201,Seattle,WA,98105,725000,2,2,Wallingford,1089,,1997,6,666,719,Active,,,https://www.redfin.com/WA/Seattle/3900-2nd-Ave-NE-98105/unit-201/home/190499357,NWMLS as Distributed by MLS Grid,2236364,N,Y,47.6549999,-122.326668
PAST SALE,April-19-2019,Single Family Residential,137 NE 58th St,Seattle,WA,98105,1200000,3,2.5,Green Lake,1760,3000,1995,7,682,,Pending,,,https://www.redfin.com/WA/Seattle/137-NE-58th-St-98105/home/305157,NWMLS as Distributed by MLS Grid,2232403,N,Y,47.6706371,-122.326613
MLS Listing,,Condo/Co-op,4204 11th Ave NE #7,Seattle,WA,98105,430000,1,1,University District,935,,1930,7,460,571,Active,,,https://www.redfin.com/WA/Seattle/4204-11th-Ave-NE-98105/unit-7/home/46851,NWMLS as Distributed by MLS Grid,2229729,N,Y,47.658619,-122.3163686
MLS Listing,,Single Family Residential,4745 University View Pl NE,Seattle,WA,98105,800000,3,2,Bryant,1259,875,2024,7,635,21,Active,,,https://www.redfin.com/WA/Seattle/4745-University-View-Pl-NE-98105/home/190726948,NWMLS as Distributed by MLS Grid,2235620,N,Y,47.6631618,-122.2925546
MLS Listing,,Single Family Residential,5002 20th Ave NE,Seattle,WA,98105,1600000,5,3.5,University District,2870,3650,1914,7,557,,Active,,,https://www.redfin.com/WA/Seattle/5002-20th-Ave-NE-98105/home/308598,NWMLS as Distributed by MLS Grid,2235529,N,Y,47.6650911,-122.3062233
MLS Listing,,Single Family Residential,4525 5th Ave NE #1,Seattle,WA,98105,998000,5,3,Wallingford,2500,4235,1921,7,399,,Active,,,https://www.redfin.com/WA/Seattle/4525-5th-Ave-NE-98105/unit-1/home/190730094,NWMLS as Distributed by MLS Grid,2234239,N,Y,47.6621574,-122.3232197
PAST SALE,October-28-2016,Single Family Residential,4742 7th Ave NE,Seattle,WA,98105,799000,5,3,University District,2520,4815,1910,8,317,,Pending,,,https://www.redfin.com/WA/Seattle/4742-7th-Ave-NE-98105/home/311493,NWMLS as Distributed by MLS Grid,2210488,N,Y,47.664396,-122.320377
PAST SALE,November-17-2016,Single Family Residential,4700 4th Ave NE,Seattle,WA,98105,998000,3,2,Wallingford,2160,4284,1910,8,462,,Pending,,,https://www.redfin.com/WA/Seattle/4700-4th-Ave-NE-98105/home/117802,NWMLS as Distributed by MLS Grid,2229995,N,Y,47.6633134,-122.3237072
MLS Listing,,Single Family Residential,4758 2nd Ave NE,Seattle,WA,98105,1095000,4,3,Wallingford,2300,4423,1910,8,476,,Active,May-18-2024 11:00 AM,May-18-2024 01:00 PM,https://www.redfin.com/WA/Seattle/4758-2nd-Ave-NE-98105/home/118371,NWMLS as Distributed by MLS Grid,2228463,N,Y,47.6648349,-122.3269032
MLS Listing,,Single Family Residential,4326 NE 44th St,Seattle,WA,98105,2699950,5,4,Laurelhurst,3260,4000,1936,8,828,,Active,,,https://www.redfin.com/WA/Seattle/4326-NE-44th-St-98105/home/122164,NWMLS as Distributed by MLS Grid,2234672,N,Y,47.6608054,-122.2800844
PAST SALE,,Single Family Residential,4702 17th Ave NE,Seattle,WA,98105,1800000,8,2,University District,3222,4320,1922,9,559,,Pending,,,https://www.redfin.com/WA/Seattle/4702-17th-Ave-NE-98105/home/2081500,NWMLS as Distributed by MLS Grid,2227577,N,Y,47.6632124,-122.3091704
MLS Listing,,Single Family Residential,5028 Sand Point Way NE,Seattle,WA,98105,899500,3,2.5,Sand Point,1590,1121,2020,13,566,25,Active,May-19-2024 01:00 PM,May-19-2024 03:00 PM,https://www.redfin.com/WA/Seattle/5028-Sand-Point-Way-NE-98105/home/190501760,NWMLS as Distributed by MLS Grid,2232605,N,Y,47.6656332,-122.2817602
MLS Listing,,Single Family Residential,4019 2nd Ave NE,Seattle,WA,98105,2988888,5,3.5,Wallingford,4000,4000,2017,13,747,,Active,May-18-2024 02:30 PM,May-18-2024 04:30 PM,https://www.redfin.com/WA/Seattle/4019-2nd-Ave-NE-98105/home/117330,NWMLS as Distributed by MLS Grid,2232501,N,Y,47.656116,-122.3271033
MLS Listing,,Condo/Co-op,5000 30th Ave NE #302,Seattle,WA,98105,648000,2,2,Bryant,1053,,2000,14,615,830,Active,,,https://www.redfin.com/WA/Seattle/5000-30th-Ave-NE-98105/unit-302/home/40494,NWMLS as Distributed by MLS Grid,2231252,N,Y,47.6650713,-122.2953314
MLS Listing,,Condo/Co-op,4540 8th Ave NE #1505,Seattle,WA,98105,595000,2,2,University District,1120,,1974,15,531,1105,Active,,,https://www.redfin.com/WA/Seattle/4540-8th-Ave-NE-98105/unit-1505/home/190661017,NWMLS as Distributed by MLS Grid,2231784,N,Y,47.662694,-122.319045
PAST SALE,,Single Family Residential,5241 Brooklyn Ave NE,Seattle,WA,98105,818800,4,2,University District,2100,1827,1901,15,390,,Pending,,,https://www.redfin.com/WA/Seattle/5241-Brooklyn-Ave-NE-98105/home/190396036,NWMLS as Distributed by MLS Grid,2219225,N,Y,47.6676411,-122.3144664
MLS Listing,,Single Family Residential,5026 7th Ave NE,Seattle,WA,98105,1033000,6,3,University District,2540,3959,1922,15,407,,Active,,,https://www.redfin.com/WA/Seattle/5026-7th-Ave-NE-98105/home/311947,NWMLS as Distributed by MLS Grid,2230257,N,Y,47.6657759,-122.3203788
MLS Listing,,Condo/Co-op,4725 15th Ave NE #25,Seattle,WA,98105,309950,1,1,University District,672,8240,1923,17,461,472,Active,,,https://www.redfin.com/WA/Seattle/4725-15th-Ave-NE-98105/unit-25/home/176044101,NWMLS as Distributed by MLS Grid,2229979,N,Y,47.6638715,-122.3122067
MLS Listing,,Condo/Co-op,2901 NE Blakeley St #502,Seattle,WA,98105,510000,1,1,Belvedere Terrace,531,,2004,21,960,465,Active,,,https://www.redfin.com/WA/Seattle/2901-NE-Blakeley-St-98105/unit-502/home/50276,NWMLS as Distributed by MLS Grid,2228093,N,Y,47.6660526,-122.2975262
MLS Listing,,Single Family Residential,5132 46th Ave NE,Seattle,WA,98105,2399000,5,4.5,Laurelhurst,3215,4600,2025,22,746,,Active,,,https://www.redfin.com/WA/Seattle/5132-46th-Ave-NE-98105/home/121328,NWMLS as Distributed by MLS Grid,2226900,N,Y,47.666977,-122.2781532
MLS Listing,,Single Family Residential,4539 5th Ave NE Unit B,Seattle,WA,98105,1258000,4,3.5,Wallingford,2352,4209,1908,22,535,1,Active,May-19-2024 12:00 AM,May-19-2024 11:59 PM,https://www.redfin.com/WA/Seattle/4539-5th-Ave-NE-98105/unit-B/home/185154954,NWMLS as Distributed by MLS Grid,2228105,N,Y,47.6624933,-122.3232026
PAST SALE,,Single Family Residential,203 NE 43rd St,Seattle,WA,98105,1465950,3,3.5,Wallingford,1892,2000,2024,24,775,50,Pending,,,https://www.redfin.com/WA/Seattle/203-NE-43rd-St-98105/home/190339104,NWMLS as Distributed by MLS Grid,2205445,N,Y,47.65889433,-122.3271651
PAST SALE,June-18-2021,Townhouse,4511 NE 55th St,Seattle,WA,98105,998000,3,2,Hawthorne Hills,1846,13774,1979,27,541,500,Pending,,,https://www.redfin.com/WA/Seattle/4511-NE-55th-St-98105/home/22007801,NWMLS as Distributed by MLS Grid,2216525,N,Y,47.6688189,-122.27908
MLS Listing,,Single Family Residential,346 NE 55th St Unit A,Seattle,WA,98105,1525000,4,3.5,Wallingford,2414,1,2024,27,632,30,Active,,,https://www.redfin.com/WA/Seattle/346-NE-55th-St-98105/unit-A/home/190549500,NWMLS as Distributed by MLS Grid,2226004,N,Y,47.6688503,-122.3235437
MLS Listing,,Single Family Residential,,Seattle,WA,98105,23800000,6,8.5,,11271,43068,1925,28,2112,,Active,,,https://www.redfin.com/WA/Seattle/Undisclosed-address-98105/home/190548958,NWMLS as Distributed by MLS Grid,2223964,N,Y,47.653713,-122.264294
MLS Listing,,Condo/Co-op,1106 NE 42nd St #20,Seattle,WA,98105,260000,0,1,University District,350,,1930,34,743,114,Active,,,https://www.redfin.com/WA/Seattle/1106-NE-42nd-St-98105/unit-20/home/17770,NWMLS as Distributed by MLS Grid,2218590,N,Y,47.6584557,-122.3162619
PAST SALE,October-29-1999,Single Family Residential,4508 53rd Ave NE,Seattle,WA,98105,4695000,4,3.5,Laurelhurst,3703,16450,1930,35,1268,,Pending,,,https://www.redfin.com/WA/Seattle/4508-W-Laurel-Dr-NE-98105/home/122023,NWMLS as Distributed by MLS Grid,2194014,N,Y,47.6615579,-122.2708793
MLS Listing,,Townhouse,5755 63rd Ave NE,Seattle,WA,98105,1730000,3,2,Seattle,2410,1185,2016,35,718,,Active,,,https://www.redfin.com/WA/Seattle/5755-63rd-Ave-NE-98105/home/112855706,NWMLS as Distributed by MLS Grid,2222338,N,Y,47.6715972,-122.2612902
MLS Listing,,Single Family Residential,205 NE 43rd St,Seattle,WA,98105,879950,2,2.5,Wallingford,1080,1550,2024,35,815,50,Active,,,https://www.redfin.com/WA/Seattle/205-NE-43rd-St-98105/home/190489690,NWMLS as Distributed by MLS Grid,2222136,N,Y,47.6588046,-122.3271909
MLS Listing,,Vacant Land,5039 11th Ave NE,Seattle,WA,98105,1750000,,,University District,,4500,,41,,,Active,,,https://www.redfin.com/WA/Seattle/5039-11th-Ave-NE-98105/home/2098148,NWMLS as Distributed by MLS Grid,2217873,N,Y,47.6660988,-122.3166323
MLS Listing,,Single Family Residential,5214 NE 17th Ave,Seattle,WA,98105,2500000,10,10,University District,6590,5400,1910,45,379,,Active,,,https://www.redfin.com/WA/Seattle/5214-17th-Ave-NE-98105/home/308629,NWMLS as Distributed by MLS Grid,2210844,N,Y,47.6668693,-122.3091499
MLS Listing,,Condo/Co-op,905 NE 43rd St #111,Seattle,WA,98105,305000,1,1,University District,545,,1926,49,560,901,Active,,,https://www.redfin.com/WA/Seattle/905-NE-43rd-St-98105/unit-111/home/12538288,NWMLS as Distributed by MLS Grid,2215611,N,Y,47.6592429,-122.3185103
MLS Listing,,Condo/Co-op,4547 8th Ave NE #204,Seattle,WA,98105,414950,1,1,University District,633,,2008,51,656,673,Active,,,https://www.redfin.com/WA/Seattle/4547-8th-Ave-NE-98105/unit-204/home/21883081,NWMLS as Distributed by MLS Grid,2215204,N,Y,47.6628143,-122.3199182
PAST SALE,January-9-2014,Multi-Family (2-4 Unit),5219 22nd Ave NE,Seattle,WA,98105,1700000,10,6,University District,3685,5050,1914,52,461,,Pending,,,https://www.redfin.com/WA/Seattle/5219-22nd-Ave-NE-98105/home/2092351,NWMLS as Distributed by MLS Grid,2195445,N,Y,47.666983,-122.3048415
MLS Listing,,Condo/Co-op,2211 NE 54 St Unit 3E,Seattle,WA,98105,449999,1,1.5,Ravenna,1097,,1978,55,410,633,Active,,,https://www.redfin.com/WA/Seattle/2211-NE-54th-St-98105/unit-3E/home/36355,NWMLS as Distributed by MLS Grid,2214164,N,Y,47.6676715,-122.3036835
MLS Listing,,Condo/Co-op,4528 8th Ave NE Unit 5C,Seattle,WA,98105,839000,3,2,University District,1535,11026,1996,57,547,1060,Active,,,https://www.redfin.com/WA/Seattle/4528-8th-Ave-NE-98105/unit-5C/home/40837,NWMLS as Distributed by MLS Grid,2209049,N,Y,47.6620286,-122.3192484
MLS Listing,,Single Family Residential,6505 NE Windermere Rd,Seattle,WA,98105,10000000,5,3,Windermere,4760,61293,1965,57,2101,,Active,,,https://www.redfin.com/WA/Seattle/6505-NE-Windermere-Rd-98105/home/120535,NWMLS as Distributed by MLS Grid,2210560,N,Y,47.6696237,-122.2561187
PAST SALE,,Single Family Residential,207 NE 43rd St,Seattle,WA,98105,995950,2,2.5,Wallingford,1092,1550,2024,61,912,25,Pending,,,https://www.redfin.com/WA/Seattle/207-NE-43rd-St-98105/home/189960092,NWMLS as Distributed by MLS Grid,2205453,N,Y,47.6588042,-122.327147
MLS Listing,,Townhouse,4278 NE 50th St,Seattle,WA,98105,1050000,4,2.5,Laurelhurst,2020,1054,2019,61,520,,Active,,,https://www.redfin.com/WA/Seattle/4278-NE-50th-St-98105/home/167956132,NWMLS as Distributed by MLS Grid,2210051,N,Y,47.6650147,-122.2806582
MLS Listing,,Condo/Co-op,4540 8th Ave NE #702,Seattle,WA,98105,500000,2,2,University District,1120,,1974,64,446,895,Active,,,https://www.redfin.com/WA/Seattle/4540-8th-Ave-NE-98105/unit-702/home/22525,NWMLS as Distributed by MLS Grid,2208787,N,Y,47.662897,-122.318835
MLS Listing,,Condo/Co-op,4343 Roosevelt Way NE #603,Seattle,WA,98105,695000,2,2,University District,1165,,1996,71,597,927,Active,,,https://www.redfin.com/WA/Seattle/4343-Roosevelt-Way-NE-98105/unit-603/home/35976,NWMLS as Distributed by MLS Grid,2205152,N,Y,47.6606289,-122.3180337
MLS Listing,,Condo/Co-op,4540 8th Ave NE #1801,Seattle,WA,98105,920000,2,3,University District,1730,,1974,76,532,1710,Active,,,https://www.redfin.com/WA/Seattle/4540-8th-Ave-NE-98105/unit-1801/home/60551,NWMLS as Distributed by MLS Grid,2205431,N,Y,47.662897,-122.318835
MLS Listing,,Condo/Co-op,901 NE 43rd St #209,Seattle,WA,98105,220000,0,1,University District,357,,1926,79,616,593,Active,,,https://www.redfin.com/WA/Seattle/901-NE-43rd-St-98105/unit-209/home/12536914,NWMLS as Distributed by MLS Grid,2200877,N,Y,47.6592804,-122.3185952
PAST SALE,,Single Family Residential,4553 55th Ave NE,Seattle,WA,98105,2695000,5,3.5,Laurelhurst,3294,4316,1930,88,818,,Pending,,,https://www.redfin.com/WA/Seattle/4553-55th-Ave-NE-98105/home/122195,NWMLS as Distributed by MLS Grid,2190024,N,Y,47.6627506,-122.2691293
MLS Listing,,Townhouse,5728 Roosevelt Way NE,Seattle,WA,98105,849900,3,3.5,Roosevelt,1380,1148,2017,88,616,,Active,,,https://www.redfin.com/WA/Seattle/5728-Roosevelt-Way-NE-98105/home/101610988,NWMLS as Distributed by MLS Grid,2201033,N,Y,47.6706705,-122.3169483
PAST SALE,December-22-2022,Single Family Residential,5707 5th Ave NE,Seattle,WA,98105,889950,3,1,Wallingford,1880,3000,1927,93,473,,Pending,,,https://www.redfin.com/WA/Seattle/5707-5th-Ave-NE-98105/home/304526,NWMLS as Distributed by MLS Grid,2185292,N,Y,47.6703912,-122.3231079
MLS Listing,,Condo/Co-op,5810 Cowen Pl #204,Seattle,WA,98105,385000,2,1,Ravenna,900,,1928,93,428,979,Active,,,https://www.redfin.com/WA/Seattle/5810-Cowen-Pl-NE-98105/unit-204/home/70433291,NWMLS as Distributed by MLS Grid,2190562,N,Y,47.671361,-122.3123714
PAST SALE,October-27-2017,Condo/Co-op,4545 Sand Point Way NE #302,Seattle,WA,98105,360000,2,1,Laurelhurst,1191,,1968,100,302,708,Pending,,,https://www.redfin.com/WA/Seattle/4545-Sand-Point-Way-NE-98105/unit-302/home/11931,NWMLS as Distributed by MLS Grid,2193598,N,Y,47.6620112,-122.2865559
MLS Listing,,Other,1001 NE Boat St,Seattle,WA,98105,115000,1,1,University District,142,1,1972,106,810,,Active,,,https://www.redfin.com/WA/Seattle/1001-NE-Boat-St-98105/home/185402344,NWMLS as Distributed by MLS Grid,2195288,N,Y,47.6533966,-122.3180735
PAST SALE,April-12-2017,Multi-Family (5+ Unit),4528 20th Ave NE,Seattle,WA,98105,2590000,,,University District,5952,3878,1964,151,435,,Pending,,,https://www.redfin.com/WA/Seattle/4528-20th-Ave-NE-98105/home/103966034,NWMLS as Distributed by MLS Grid,2165235,N,Y,47.6621167,-122.3061714
MLS Listing,,Condo/Co-op,4540 8th Ave NE #1102,Seattle,WA,98105,555000,2,2,University District,1120,54280,1974,182,496,1002,Active,,,https://www.redfin.com/WA/Seattle/4540-8th-Ave-NE-98105/unit-1102/home/49247,NWMLS as Distributed by MLS Grid,2180022,N,Y,47.662897,-122.318835
MLS Listing,,Condo/Co-op,901 NE 43rd St #308,Seattle,WA,98105,299000,1,1,University District,670,9625,1926,244,446,1109,Active,,,https://www.redfin.com/WA/Seattle/901-NE-43rd-St-98105/unit-308/home/190464458,NWMLS as Distributed by MLS Grid,2155452,N,Y,47.6592804,-122.3185952
MLS Listing,,Vacant Land,5739 25th Ave NE,Seattle,WA,98105,745000,,,Ravenna,,4150,,252,,,Active,,,https://www.redfin.com/WA/Seattle/5739-25th-Ave-NE-98105/home/308913,NWMLS as Distributed by MLS Grid,2159085,N,Y,47.6712592,-122.3009215
MLS Listing,,Vacant Land,4301 11th Ave NE,Seattle,WA,98105,1800000,,,University District,,4120,,310,,,Active,,,https://www.redfin.com/WA/Seattle/4301-11th-Ave-NE-98105/home/182574536,NWMLS as Distributed by MLS Grid,2012981,N,Y,47.6600943,-122.3169081
