SALE TYPE,SOLD DATE,PROPERTY TYPE,ADDRESS,CITY,STATE OR PROVINCE,ZIP OR POSTAL CODE,PRICE,BEDS,BATHS,LOCATION,SQUARE FEET,LOT SIZE,YEAR BUILT,DAYS ON MARKET,$/SQUARE FEET,HOA/MONTH,STATUS,NEXT OPEN HOUSE START TIME,NEXT OPEN HOUSE END TIME,URL (SEE https://www.redfin.com/buy-a-home/comparative-market-analysis FOR INFO ON PRICING),SOURCE,MLS#,FAVORITE,INTERESTED,LATITUDE,LONGITUDE
"In accordance with local MLS rules, some MLS listings are not included in the download",,,,,,,,,,,,,,,,,,,,,,,,,,
MLS Listing,,Single Family Residential,29206 112th Ave SE,Auburn,WA,98092,835000,3,2,Lea Hill,2780,211701,1959,1,300,,Active,May-18-2024 02:00 PM,May-18-2024 04:00 PM,https://www.redfin.com/WA/Auburn/29206-112th-Ave-SE-98092/home/404819,NWMLS as Distributed by MLS Grid,2237519,N,N,47.3405334,-122.1915458
MLS Listing,,Single Family Residential,2946 63rd Pl SE,Auburn,WA,98092,1059000,5,3,Lakeland,3421,19607,2020,1,310,67,Active,May-18-2024 11:00 AM,May-18-2024 01:00 PM,https://www.redfin.com/WA/Auburn/2946-63rd-Pl-SE-98092/home/170228075,NWMLS as Distributed by MLS Grid,2239139,N,Y,47.2515369,-122.1896404
MLS Listing,,Condo/Co-op,6405 Isaac Ave SE Unit H17,Auburn,WA,98092,410000,2,2,Lakeland,1007,,2005,1,407,375,Active,May-18-2024 02:00 PM,May-18-2024 04:00 PM,https://www.redfin.com/WA/Auburn/6405-Isaac-Ave-SE-98092/unit-H17/home/3038347,NWMLS as Distributed by MLS Grid,2231473,N,Y,47.2500993,-122.2149854
PAST SALE,January-6-2017,Single Family Residential,6710 Douglas Ct SE,Auburn,WA,98092,649900,3,2.5,Lakeland,1710,9887,2010,5,380,35,Pending,,,https://www.redfin.com/WA/Auburn/6710-Douglas-Ct-SE-98092/home/22757897,NWMLS as Distributed by MLS Grid,2231611,N,Y,47.247872,-122.19381
PAST SALE,June-26-2014,Single Family Residential,2220 69th Ct SE,Auburn,WA,98092,575000,3,2.5,Lakeland,1553,3200,2014,9,370,28,Pending,,,https://www.redfin.com/WA/Auburn/2220-69th-Ct-SE-98092/home/54810854,NWMLS as Distributed by MLS Grid,2216915,N,Y,47.2489961,-122.2005778
PAST SALE,April-5-2011,Single Family Residential,12728 SE 318th Way,Auburn,WA,98092,599950,4,2,Green River College,1390,7380,1981,19,432,,Pending,,,https://www.redfin.com/WA/Auburn/12728-SE-318th-Way-98092/home/406219,NWMLS as Distributed by MLS Grid,2217752,N,Y,47.3178633,-122.1712337
PAST SALE,September-19-2017,Townhouse,4726 Mill Pond Dr SE #601,Auburn,WA,98092,409950,3,2.5,Lakeland,1673,,1995,20,245,646,Pending,,,https://www.redfin.com/WA/Auburn/4726-Mill-Pond-Dr-SE-98092/unit-601/home/33592,NWMLS as Distributed by MLS Grid,2227701,N,Y,47.2666972,-122.2175223
MLS Listing,,Single Family Residential,31815 120th Ave SE,Auburn,WA,98092,374000,3,1,Lea Hill,960,3840,1969,29,390,40,Active,,,https://www.redfin.com/WA/Auburn/31815-120th-Ave-SE-98092/home/406554,NWMLS as Distributed by MLS Grid,2214643,N,Y,47.3161512,-122.1827821
MLS Listing,,Condo/Co-op,1110 63rd St SE #102,Auburn,WA,98092,534000,2,2.5,Lakeland,1727,,2004,57,309,480,Active,,,https://www.redfin.com/WA/Auburn/1110-63rd-St-SE-98092/unit-102/home/3033347,NWMLS as Distributed by MLS Grid,2205499,N,Y,47.2505047,-122.2131704
MLS Listing,,Single Family Residential,31209 218th Pl SE,Black Diamond,WA,98092,1499950,4,3.5,Black Diamond,3480,24441,2017,105,431,100,Active,,,https://www.redfin.com/WA/Black-Diamond/31209-218th-Pl-SE-98010/home/113178874,NWMLS as Distributed by MLS Grid,2195681,N,Y,47.321761,-122.054675
PAST SALE,April-5-2016,Single Family Residential,12025 SE 314th Pl,Auburn,WA,98092,720000,4,2.5,Lea Hill,2724,3551,2016,1,264,68,Pending,,,https://www.redfin.com/WA/Auburn/12025-SE-314th-Pl-98092/home/55551107,NWMLS as Distributed by MLS Grid,2233161,N,Y,47.320016,-122.1814274
PAST SALE,December-21-2020,Single Family Residential,11649 SE 308th Pl,Auburn,WA,98092,599900,3,2.5,Lea Hill,1770,3822,2002,1,339,19,Pending,,,https://www.redfin.com/WA/Auburn/11649-SE-308th-Pl-98092/home/407887,NWMLS as Distributed by MLS Grid,2227760,N,Y,47.3257186,-122.1856052
PAST SALE,April-30-2007,Townhouse,2608 Fir Pl SE,Auburn,WA,98092,259900,2,2,Auburn,1400,1742,1978,1,186,400,Pending,,,https://www.redfin.com/WA/Auburn/2608-Fir-Pl-SE-98092/home/216189,NWMLS as Distributed by MLS Grid,2236528,N,Y,47.2861491,-122.18974
MLS Listing,,Condo/Co-op,1124 59th St SE Unit E13,Auburn,WA,98092,374800,2,2,Lakeland,1000,,2001,1,375,480,Active,,,https://www.redfin.com/WA/Auburn/1124-59th-St-SE-98092/unit-E13/home/3002494,NWMLS as Distributed by MLS Grid,2238510,N,Y,47.2533206,-122.2139244
MLS Listing,,Single Family Residential,5638 Hazel Loop SE,Auburn,WA,98092,635000,3,2.5,Lakeland,2170,8993,1988,1,293,8,Active,,,https://www.redfin.com/WA/Auburn/5638-Hazel-Loop-SE-98092/home/216971,NWMLS as Distributed by MLS Grid,2236744,N,Y,47.2576757,-122.2177065
MLS Listing,,Single Family Residential,36635 148th Ave SE,Auburn,WA,98092,850000,5,3,Janssen's,4958,71112,1966,1,171,,Active,,,https://www.redfin.com/WA/Auburn/36635-148th-Ave-SE-98092/home/217070,NWMLS as Distributed by MLS Grid,2237542,N,Y,47.2727022,-122.1465098
MLS Listing,,Condo/Co-op,6201 Hazel Ave SE Unit D6,Auburn,WA,98092,349998,2,1,Lakeland,972,2375,2005,1,360,273,Active,,,https://www.redfin.com/WA/Auburn/6201-Hazel-Ave-SE-98092/unit-D6/home/3033353,NWMLS as Distributed by MLS Grid,2238834,N,Y,47.2509432,-122.2166461
MLS Listing,,Condo/Co-op,3615 Auburn Way S Unit B,Auburn,WA,98092,389900,2,2.5,Green Valley,1136,9816,2000,1,343,150,Active,May-17-2024 03:00 PM,May-17-2024 05:00 PM,https://www.redfin.com/WA/Auburn/3615-Auburn-Way-S-98092/unit-B/home/175999225,NWMLS as Distributed by MLS Grid,2228982,N,Y,47.2880083,-122.1788572
MLS Listing,,Single Family Residential,17239 SE 329th St,Auburn,WA,98092,869000,4,2.5,Lake Holm,2860,35061,1988,1,304,11,Active,,,https://www.redfin.com/WA/Auburn/17239-SE-329th-St-98092/home/380816,NWMLS as Distributed by MLS Grid,2237399,N,Y,47.3064475,-122.110624
MLS Listing,,Condo/Co-op,1031 61st St SE #105,Auburn,WA,98092,410000,2,2,Lakeland,1148,2573,2007,1,357,182,Active,,,https://www.redfin.com/WA/Auburn/1031-61st-St-SE-98092/unit-105/home/103955057,NWMLS as Distributed by MLS Grid,2235242,N,Y,47.2527707,-122.2170482
MLS Listing,,Single Family Residential,12812 SE 285th St,Auburn,WA,98092,950000,4,3,Kent,2860,108900,1975,1,332,,Active,May-17-2024 04:00 PM,May-17-2024 06:00 PM,https://www.redfin.com/WA/Auburn/12812-SE-285th-St-98092/home/404931,NWMLS as Distributed by MLS Grid,2237639,N,Y,47.3464279,-122.1689495
MLS Listing,,Single Family Residential,5129 Nathan Loop SE,Auburn,WA,98092,769000,4,2.5,Lakeland,2830,7000,1996,1,272,30,Active,,,https://www.redfin.com/WA/Auburn/5129-Nathan-Loop-SE-98092/home/217281,NWMLS as Distributed by MLS Grid,2237357,N,Y,47.2625716,-122.2147642
PAST SALE,,Single Family Residential,4365 Joyce Ct SE Lot 13,Auburn,WA,98092,1355000,4,3.5,Lakeland,4100,9456,2023,1,330,,Pending,,,https://www.redfin.com/WA/Auburn/4365-Joyce-Ct-SE-98092/unit-13/home/188941116,NWMLS as Distributed by MLS Grid,2186236,N,Y,47.270608,-122.217694
MLS Listing,,Single Family Residential,18035 SE 317th St,Auburn,WA,98092,709950,4,2,Auburn,1830,23625,1961,1,388,,Active,May-18-2024 01:30 PM,May-18-2024 03:00 PM,https://www.redfin.com/WA/Auburn/18035-SE-317th-St-98092/home/382566,NWMLS as Distributed by MLS Grid,2238184,N,Y,47.3171407,-122.1003425
MLS Listing,,Single Family Residential,13122 SE 306th Pl,Auburn,WA,98092,899950,5,2.5,Lea Hill,3217,6171,2018,1,280,39,Active,May-18-2024 12:00 PM,May-18-2024 03:00 PM,https://www.redfin.com/WA/Auburn/13122-SE-306th-Pl-98092/home/145530693,NWMLS as Distributed by MLS Grid,2237453,N,Y,47.3275125,-122.1668812
PAST SALE,August-3-2016,Single Family Residential,6709 Douglas Ct SE,Auburn,WA,98092,645000,3,2.5,Dieringer,1774,5914,2011,2,364,38,Pending,,,https://www.redfin.com/WA/Auburn/6709-Douglas-Ct-SE-98092/home/22760448,NWMLS as Distributed by MLS Grid,2231874,N,Y,47.2479125,-122.1946277
MLS Listing,,Single Family Residential,12731 SE 287th Pl,Auburn,WA,98092,1580000,5,4,Auburn,3898,20620,2022,2,405,140,Active,May-17-2024 04:00 PM,May-17-2024 07:00 PM,https://www.redfin.com/WA/Auburn/12731-SE-287th-Pl-98092/home/176359858,NWMLS as Distributed by MLS Grid,2235956,N,Y,47.3443501,-122.1711001
PAST SALE,October-26-2021,Single Family Residential,20326 SE Green Valley Rd,Auburn,WA,98092,1750000,3,2,Auburn,1620,1576001,1909,3,1080,,Pending,,,https://www.redfin.com/WA/Auburn/20326-SE-Green-Valley-Rd-98092/home/379971,NWMLS as Distributed by MLS Grid,2232300,N,Y,47.28862,-122.073012
PAST SALE,May-2-2024,Single Family Residential,21305 SE 351st St,Auburn,WA,98092,725000,3,2,Green River,1780,33300,1974,3,407,,Pending,,,https://www.redfin.com/WA/Auburn/21305-SE-351st-St-98092/home/381391,NWMLS as Distributed by MLS Grid,2223853,N,Y,47.2874532,-122.0584225
PAST SALE,November-19-2012,Single Family Residential,11661 SE 323rd Pl,Auburn,WA,98092,497000,3,1.5,Lea Hill,1250,7900,1968,3,398,,Pending,,,https://www.redfin.com/WA/Auburn/11661-SE-323rd-Pl-98092/home/406300,NWMLS as Distributed by MLS Grid,2221562,N,Y,47.3121058,-122.1844362
PAST SALE,March-23-2012,Single Family Residential,11518 SE 302 Ct,Auburn,WA,98092,815000,4,2.5,Lea Hill,2623,5707,2012,3,311,66,Pending,,,https://www.redfin.com/WA/Auburn/11518-SE-302nd-Ct-98092/home/22459273,NWMLS as Distributed by MLS Grid,2235549,N,Y,47.3311708,-122.1873578
PAST SALE,July-9-1987,Single Family Residential,33646 130th Ave SE,Auburn,WA,98092,649990,3,3,Lake Holm,2460,16646,1979,3,264,10,Pending,,,https://www.redfin.com/WA/Auburn/33646-130th-Ave-SE-98092/home/380195,NWMLS as Distributed by MLS Grid,2229043,N,Y,47.2993803,-122.1672586
PAST SALE,March-2-2017,Single Family Residential,31918 108th Ave SE,Auburn,WA,98092,450000,4,2,Lea Hill,1270,7300,1969,4,354,,Pending,,,https://www.redfin.com/WA/Auburn/31918-108th-Ave-SE-98092/home/407430,NWMLS as Distributed by MLS Grid,2234651,N,Y,47.3157978,-122.1974555
PAST SALE,July-9-2021,Single Family Residential,31210 179th Pl SE,Auburn,WA,98092,535000,3,1.5,Auburn,1380,10125,1968,4,388,,Pending,,,https://www.redfin.com/WA/Auburn/31210-179th-Pl-SE-98092/home/383719,NWMLS as Distributed by MLS Grid,2230493,N,Y,47.3216526,-122.1023575
PAST SALE,,Single Family Residential,11249 SE 315th Ct,Auburn,WA,98092,595000,3,2,Lea Hill,1590,5607,1999,4,374,19,Pending,,,https://www.redfin.com/WA/Auburn/11249-SE-315th-Ct-98092/home/406117,NWMLS as Distributed by MLS Grid,2228678,N,Y,47.3193196,-122.1909683
PAST SALE,June-18-2020,Single Family Residential,13019 SE 308th St,Auburn,WA,98092,620000,3,2.5,Auburn,1555,3546,2013,4,399,40,Pending,,,https://www.redfin.com/WA/Auburn/13019-SE-308th-St-98092/home/44657438,NWMLS as Distributed by MLS Grid,2226655,N,Y,47.3254536,-122.1666337
PAST SALE,May-1-2007,Townhouse,31038 122nd Ln SE,Auburn,WA,98092,509999,3,2.5,Lea Hill,1453,1,2000,4,351,157,Pending,,,https://www.redfin.com/WA/Auburn/31038-122nd-Ln-SE-98092/home/17088667,NWMLS as Distributed by MLS Grid,2236125,N,Y,47.3241443,-122.1785683
PAST SALE,November-20-2019,Single Family Residential,33826 207th Pl SE,Auburn,WA,98092,415000,3,1,East Auburn,1140,9611,1969,4,364,,Pending,,,https://www.redfin.com/WA/Auburn/33826-207th-Pl-SE-98092/home/382052,NWMLS as Distributed by MLS Grid,2229349,N,Y,47.298515,-122.0659093
PAST SALE,May-1-2020,Single Family Residential,12005 SE 316th St,Auburn,WA,98092,584999,3,2.5,Lea Hill,1650,8073,1980,4,355,,Pending,,,https://www.redfin.com/WA/Auburn/12005-SE-316th-St-98092/home/407135,NWMLS as Distributed by MLS Grid,2229365,N,Y,47.3186931,-122.181585
PAST SALE,April-23-2004,Single Family Residential,12731 SE 302nd St,Auburn,WA,98092,754950,4,2.5,Lea Hill,2520,5880,1998,5,300,50,Pending,,,https://www.redfin.com/WA/Auburn/12731-SE-302nd-St-98092/home/402080,NWMLS as Distributed by MLS Grid,2217741,N,Y,47.3314058,-122.1711403
PAST SALE,February-19-1993,Single Family Residential,30603 127th Pl SE,Auburn,WA,98092,615000,3,2.5,Willow Park,1820,6480,1992,5,338,29,Pending,,,https://www.redfin.com/WA/Auburn/30603-127th-Pl-SE-98092/home/406413,NWMLS as Distributed by MLS Grid,2224562,N,Y,47.327836,-122.172336
PAST SALE,June-3-2005,Condo/Co-op,31900 104th Ave SE Unit B102,Auburn,WA,98092,349950,3,2,Lea Hill,1414,,1997,5,247,536,Pending,,,https://www.redfin.com/WA/Auburn/31900-104th-Ave-SE-98092/unit-B102/home/52968,NWMLS as Distributed by MLS Grid,2226233,N,Y,47.317289,-122.203516
PAST SALE,October-14-2015,Single Family Residential,2323 56th St SE,Auburn,WA,98092,649950,4,2.5,Lakeland,2015,4800,2013,5,323,37,Pending,,,https://www.redfin.com/WA/Auburn/2323-56th-St-SE-98092/home/28581911,NWMLS as Distributed by MLS Grid,2233446,N,Y,47.258883,-122.1988459
PAST SALE,July-27-2007,Single Family Residential,10830 SE 292nd St,Auburn,WA,98092,800000,3,2.5,Lea Hill,2440,14992,1984,5,328,,Pending,,,https://www.redfin.com/WA/Auburn/10830-SE-292nd-St-98092/home/403422,NWMLS as Distributed by MLS Grid,2222615,N,Y,47.3416197,-122.1960948
PAST SALE,October-31-2022,Single Family Residential,13016 SE 309th Pl,Auburn,WA,98092,675000,4,2.5,Lea Hill,1981,3957,2013,6,341,40,Pending,,,https://www.redfin.com/WA/Auburn/13016-SE-309th-Pl-98092/home/44653787,NWMLS as Distributed by MLS Grid,2221988,N,Y,47.324623,-122.1668439
PAST SALE,December-29-2023,Single Family Residential,2935 18th St SE,Auburn,WA,98092,495000,3,2,Auburn,1140,7920,1962,6,434,,Pending,,,https://www.redfin.com/WA/Auburn/2935-18th-St-SE-98092/home/216133,NWMLS as Distributed by MLS Grid,2221316,N,Y,47.2927054,-122.1894941
PAST SALE,May-1-2015,Single Family Residential,2335 53rd St SE,Auburn,WA,98092,599950,3,2.5,Lakeland,1570,4000,2013,6,382,37,Pending,,,https://www.redfin.com/WA/Auburn/2335-53rd-St-SE-98092/home/28581848,NWMLS as Distributed by MLS Grid,2219707,N,Y,47.2614898,-122.1983993
PAST SALE,,Single Family Residential,11543 SE 308th Pl,Auburn,WA,98092,624950,3,2.5,Lea Hill,1670,9525,1995,6,374,,Pending,,,https://www.redfin.com/WA/Auburn/11543-SE-308th-Pl-98092/home/407669,NWMLS as Distributed by MLS Grid,2235267,N,Y,47.3258785,-122.1872821
MLS Listing,,Single Family Residential,5303 AUBURN Way S,Auburn,WA,98092,599950,4,2,Green Valley,1860,34991,1952,6,323,,Active,,,https://www.redfin.com/WA/Auburn/5303-Auburn-Way-S-98092/home/216459,NWMLS as Distributed by MLS Grid,2236413,N,Y,47.276055,-122.1595321
MLS Listing,,Single Family Residential,19403 SE 332nd Pl,Auburn,WA,98092,1436000,4,2.5,Auburn,2070,38536,1987,6,694,,Active,,,https://www.redfin.com/WA/Auburn/19403-SE-332nd-Pl-98092/home/381506,NWMLS as Distributed by MLS Grid,2236365,N,Y,47.3035033,-122.0836222
MLS Listing,,Single Family Residential,13202 SE 290th St,Auburn,WA,98092,770000,3,2,East Hill,2293,26950,1967,6,336,,Active,,,https://www.redfin.com/WA/Auburn/13202-SE-290th-St-98092/home/403683,NWMLS as Distributed by MLS Grid,2235924,N,Y,47.3420963,-122.1651218
PAST SALE,February-4-2005,Single Family Residential,22420 SE 331st St,Auburn,WA,98092,950000,4,3,Auburn,2670,87120,1978,7,356,,Pending,,,https://www.redfin.com/WA/Auburn/22420-SE-331st-St-98092/home/378451,NWMLS as Distributed by MLS Grid,2221180,N,Y,47.3056331,-122.0434704
MLS Listing,,Single Family Residential,13001 SE 305th Pl,Auburn,WA,98092,779900,5,3.5,Willow Park,2530,6804,1996,7,308,29,Active,May-18-2024 12:00 PM,May-18-2024 02:00 PM,https://www.redfin.com/WA/Auburn/13001-SE-305th-Pl-98092/home/407207,NWMLS as Distributed by MLS Grid,2234344,N,Y,47.3287205,-122.168144
MLS Listing,,Single Family Residential,5516 Franklin Ave SE,Auburn,WA,98092,840000,4,2.5,Lakeland,2849,5130,2015,7,295,38,Active,,,https://www.redfin.com/WA/Auburn/5516-Franklin-Ave-SE-98092/home/35625089,NWMLS as Distributed by MLS Grid,2233981,N,Y,47.2596651,-122.192429
MLS Listing,,Single Family Residential,1322 49th St SE,Auburn,WA,98092,674999,3,2.5,Lakeland,1960,7119,1994,8,344,30,Active,May-18-2024 12:00 AM,May-18-2024 11:59 PM,https://www.redfin.com/WA/Auburn/1322-49th-St-SE-98092/home/216358,NWMLS as Distributed by MLS Grid,2229852,N,Y,47.264025,-122.2123823
MLS Listing,,Single Family Residential,29912 114th Way SE,Auburn,WA,98092,759950,4,3,Lea Hill,2190,9209,1996,8,347,27,Active,May-16-2024 05:00 PM,May-16-2024 07:00 PM,https://www.redfin.com/WA/Auburn/29912-114th-Way-SE-98092/home/404923,NWMLS as Distributed by MLS Grid,2233992,N,Y,47.3340504,-122.1882049
PAST SALE,October-24-2018,Single Family Residential,30607 122nd Ave SE,Auburn,WA,98092,785000,4,2.5,Lea Hill,2750,5602,2005,8,285,50,Pending,,,https://www.redfin.com/WA/Auburn/30607-122nd-Ave-SE-98092/home/2074057,NWMLS as Distributed by MLS Grid,2223626,N,Y,47.3275597,-122.1801532
PAST SALE,September-29-2001,Single Family Residential,13625 SE 299th St,Auburn,WA,98092,674950,3,2,Lea Hill,2300,49401,1966,8,293,,Pending,,,https://www.redfin.com/WA/Auburn/13625-SE-299th-St-98092/home/402186,NWMLS as Distributed by MLS Grid,2224792,N,Y,47.333794,-122.1593203
PAST SALE,March-7-2019,Single Family Residential,31349 120 Pl SE,Auburn,WA,98092,695000,4,2.5,Auburn,2640,4894,2014,8,263,55,Pending,,,https://www.redfin.com/WA/Auburn/31349-120th-Pl-SE-98092/home/53569129,NWMLS as Distributed by MLS Grid,2222135,N,Y,47.320599,-122.1825119
MLS Listing,,Single Family Residential,35032 216th Ave SE,Auburn,WA,98092,1350000,3,3,Green Valley,3070,290102,1977,8,440,,Active,May-18-2024 12:00 PM,May-18-2024 02:00 PM,https://www.redfin.com/WA/Auburn/35032-216th-Ave-SE-98092/home/380872,NWMLS as Distributed by MLS Grid,2234148,N,Y,47.287125,-122.052843
MLS Listing,,Single Family Residential,6706 Elaine Ave SE,Auburn,WA,98092,795000,4,2.5,Lake Tapps,2650,5000,2013,8,300,35,Active,,,https://www.redfin.com/WA/Auburn/6706-Elaine-Ave-SE-98092/home/22754674,NWMLS as Distributed by MLS Grid,2233822,N,Y,47.2482793,-122.1919027
PAST SALE,July-29-2004,Single Family Residential,3530 Scenic Dr SE,Auburn,WA,98092,360000,3,2,Auburn,1510,12391,1983,9,238,,Pending,,,https://www.redfin.com/WA/Auburn/3530-Scenic-Dr-SE-98092/home/215702,NWMLS as Distributed by MLS Grid,2230059,N,Y,47.2910392,-122.182476
MLS Listing,,Single Family Residential,2271 54th St SE,Auburn,WA,98092,889950,6,3,Lakeland,3570,9361,2017,9,249,40,Active,,,https://www.redfin.com/WA/Auburn/2271-54th-St-SE-98092/home/69356595,NWMLS as Distributed by MLS Grid,2234061,N,Y,47.260737,-122.2003817
MLS Listing,,Vacant Land,30435 111th Pl SE,Auburn,WA,98092,40000,,,Lea Hill,,5390,,9,,,Active,,,https://www.redfin.com/WA/Auburn/30435-111th-Ct-SE-98092/home/190616859,NWMLS as Distributed by MLS Grid,2229763,N,Y,47.3185406,-122.1930712
MLS Listing,,Vacant Land,30455 111th Pl SE,Auburn,WA,98092,40000,,,Lea Hill,,5610,,9,,,Active,,,https://www.redfin.com/WA/Auburn/30455-111th-Pl-SE-98092/home/162195856,NWMLS as Distributed by MLS Grid,2229762,N,Y,47.3128404,-122.1931764
PAST SALE,June-30-2006,Single Family Residential,19226 SE 342nd St,Auburn,WA,98092,1195000,4,2.5,East Auburn,2810,107781,1990,10,425,,Pending,,,https://www.redfin.com/WA/Auburn/19226-SE-342nd-St-98092/home/381180,NWMLS as Distributed by MLS Grid,2222518,N,Y,47.2966185,-122.0854706
PAST SALE,,Vacant Land,118 SE 282nd St,Kent,WA,98092,339000,,,Kent,,49222,,10,,,Pending,,,https://www.redfin.com/WA/Kent/118-SE-282nd-St-98030/home/190364544,NWMLS as Distributed by MLS Grid,2216535,N,Y,47.349046,-122.183905
PAST SALE,August-5-2010,Single Family Residential,1211 57th Dr SE,Auburn,WA,98092,674900,3,3,Lakeland,2237,8035,1994,10,302,29,Pending,,,https://www.redfin.com/WA/Auburn/1211-57th-Dr-SE-98092/home/216502,NWMLS as Distributed by MLS Grid,2223504,N,Y,47.2594648,-122.2141741
MLS Listing,,Condo/Co-op,6405 Isaac Ave SE Unit G17,Auburn,WA,98092,399000,2,2,Lakeland,1013,2369,2005,10,394,375,Active,May-17-2024 02:00 PM,May-17-2024 05:00 PM,https://www.redfin.com/WA/Auburn/6405-Isaac-Ave-SE-98092/unit-G17/home/3038847,NWMLS as Distributed by MLS Grid,2215064,N,Y,47.2500993,-122.2149854
MLS Listing,,Single Family Residential,3435 S Auburn Way Unit G-66,Auburn,WA,98092,335000,2,1.5,Auburn,904,,1979,12,371,477,Active,,,https://www.redfin.com/WA/Auburn/3435-Auburn-Way-S-98092/unit-G66/home/19063,NWMLS as Distributed by MLS Grid,2232850,N,Y,47.2867203,-122.1827992
PAST SALE,April-30-2015,Condo/Co-op,5922 Lindsay Ave SE Unit 12-A,Auburn,WA,98092,389000,3,2,Lakeland,1177,3135,2001,13,331,480,Pending,,,https://www.redfin.com/WA/Auburn/5922-Lindsay-Ave-SE-98092/unit-12-A/home/177005767,NWMLS as Distributed by MLS Grid,2222557,N,Y,47.2529782,-122.2130381
MLS Listing,,Single Family Residential,19823 SE Auburn Black Diamond Rd,Auburn,WA,98092,759000,3,1.5,Auburn,1430,198633,1961,13,531,,Active,,,https://www.redfin.com/WA/Auburn/19823-SE-Auburn-Black-Diamond-Rd-98092/home/380838,NWMLS as Distributed by MLS Grid,2227426,N,Y,47.2973063,-122.0781713
MLS Listing,,Single Family Residential,12497 SE 299th Pl,Auburn,WA,98092,699950,3,2.5,Lea Hill,2490,5000,2001,14,281,46,Active,May-19-2024 01:00 PM,May-19-2024 04:00 PM,https://www.redfin.com/WA/Auburn/12497-SE-299th-Pl-98092/home/405833,NWMLS as Distributed by MLS Grid,2230931,N,Y,47.333511,-122.1747565
MLS Listing,,Condo/Co-op,31900 104th Ave SE Unit B205,Auburn,WA,98092,345000,2,1.5,Auburn,1213,,1997,14,284,460,Active,,,https://www.redfin.com/WA/Auburn/31900-104th-Ave-SE-98092/unit-B205/home/41489,NWMLS as Distributed by MLS Grid,2229791,N,Y,47.317289,-122.203516
MLS Listing,,Single Family Residential,5622 Franklin Ave SE,Auburn,WA,98092,949950,4,4.5,Lake Tapps,3870,6448,2016,14,245,38,Active,,,https://www.redfin.com/WA/Auburn/5622-Franklin-Ave-SE-98092/home/35625014,NWMLS as Distributed by MLS Grid,2232277,N,Y,47.2581418,-122.1924111
MLS Listing,,Single Family Residential,28239 105th Ave SE,Auburn,WA,98092,1200000,5,2.5,East Hill,3296,54450,1971,14,364,70,Active,,,https://www.redfin.com/WA/Auburn/28239-105th-Ave-SE-98092/home/404713,NWMLS as Distributed by MLS Grid,2230861,N,Y,47.3479684,-122.2017483
MLS Listing,,Single Family Residential,2945 Scenic Dr SE,Auburn,WA,98092,750000,5,3,Forest Villa,2910,13416,1976,14,258,,Active,,,https://www.redfin.com/WA/Auburn/2945-Scenic-Dr-SE-98092/home/216258,NWMLS as Distributed by MLS Grid,2231457,N,Y,47.2969877,-122.1892543
MLS Listing,,Single Family Residential,31653 110th Pl SE,Auburn,WA,98092,690000,4,2.5,Green River College,2030,9694,1994,14,340,17,Active,,,https://www.redfin.com/WA/Auburn/31653-110th-Pl-SE-98092/home/406940,NWMLS as Distributed by MLS Grid,2231898,N,Y,47.3175426,-122.1947408
MLS Listing,,Single Family Residential,31915 113th Pl SE,Auburn,WA,98092,628000,4,2.5,Auburn,1710,7232,1992,14,367,,Active,,,https://www.redfin.com/WA/Auburn/31915-113th-Pl-SE-98092/home/407085,NWMLS as Distributed by MLS Grid,2229845,N,Y,47.3157138,-122.1908224
MLS Listing,,Single Family Residential,2025 65th St SE,Auburn,WA,98092,785000,4,3,Lakeland,2870,7347,2012,15,274,29,Active,May-16-2024 05:00 PM,May-16-2024 07:00 PM,https://www.redfin.com/WA/Auburn/2025-65th-St-SE-98092/home/22792482,NWMLS as Distributed by MLS Grid,2231357,N,Y,47.2497916,-122.203049
PAST SALE,,Single Family Residential,10214 SE 320th St,Auburn,WA,98092,527000,3,1.5,Auburn,1450,21780,1978,16,363,,Pending,,,https://www.redfin.com/WA/Auburn/10214-SE-320th-St-98092/home/407871,NWMLS as Distributed by MLS Grid,2228132,N,Y,47.3157893,-122.2049342
PAST SALE,April-16-2015,Condo/Co-op,1301 67th St SE Unit 25A,Auburn,WA,98092,525000,2,2,Lakeland,1754,,2004,21,299,520,Pending,,,https://www.redfin.com/WA/Auburn/1301-67th-St-SE-98092/unit-25A/home/3032641,NWMLS as Distributed by MLS Grid,2217850,N,Y,47.2484686,-122.2153322
MLS Listing,,Single Family Residential,32906 176th Ave SE,Auburn,WA,98092,1700000,4,2.5,Lake Holm,4520,218236,2002,21,376,,Active,,,https://www.redfin.com/WA/Auburn/32906-176th-Ave-SE-98092/home/380767,NWMLS as Distributed by MLS Grid,2228677,N,Y,47.307022,-122.103426
MLS Listing,,Single Family Residential,2032 57th St SE,Auburn,WA,98092,649990,4,2.5,Lakeland,1850,5372,2012,21,351,35,Active,,,https://www.redfin.com/WA/Auburn/2032-57th-St-SE-98092/home/28582266,NWMLS as Distributed by MLS Grid,2228534,N,Y,47.2577319,-122.2023775
MLS Listing,,Single Family Residential,16519 SE 326th St,Auburn,WA,98092,2699950,4,6,Lake Holm,6441,192205,2007,21,419,,Active,,,https://www.redfin.com/WA/Auburn/16519-SE-326th-St-98092/home/22690999,NWMLS as Distributed by MLS Grid,2228158,N,Y,47.3089973,-122.1214209
MLS Listing,,Condo/Co-op,31412 106th Pl SE Unit L5,Auburn,WA,98092,385000,2,2.5,Lea Hill,1215,,1982,21,317,407,Active,May-17-2024 01:00 PM,May-17-2024 05:00 PM,https://www.redfin.com/WA/Auburn/31412-106th-Pl-SE-98092/unit-L5/home/21725353,NWMLS as Distributed by MLS Grid,2222672,N,Y,47.3201989,-122.2007312
MLS Listing,,Condo/Co-op,1129 61st St SE Unit E-16,Auburn,WA,98092,400000,2,2,Lakeland,932,3106,2001,21,429,480,Active,,,https://www.redfin.com/WA/Auburn/1129-61st-St-SE-98092/unit-E16/home/3002340,NWMLS as Distributed by MLS Grid,2227917,N,Y,47.2530114,-122.2138269
MLS Listing,,Single Family Residential,2409 53rd St SE,Auburn,WA,98092,675000,3,2.5,Lakeland,1813,5524,2013,22,372,37,Active,,,https://www.redfin.com/WA/Auburn/2409-53rd-St-SE-98092/home/28581837,NWMLS as Distributed by MLS Grid,2226413,N,Y,47.2614751,-122.1975683
MLS Listing,,Single Family Residential,4832 Mill Pond Loop SE,Auburn,WA,98092,600000,3,2.5,Lakeland,1700,7500,1984,22,353,4,Active,,,https://www.redfin.com/WA/Auburn/4832-Mill-Pond-Loop-SE-98092/home/217252,NWMLS as Distributed by MLS Grid,2227496,N,Y,47.2648311,-122.2190182
MLS Listing,,Townhouse,906 71st St SE,Auburn,WA,98092,524999,2,2.5,Lakeland,1711,,2008,22,307,505,Active,,,https://www.redfin.com/WA/Auburn/906-71st-St-SE-98092/home/18602429,NWMLS as Distributed by MLS Grid,2227456,N,Y,47.243153,-122.2163369
PAST SALE,October-1-2019,Single Family Residential,828 72nd St SE,Auburn,WA,98092,525000,3,2.5,Lakeland,1711,1,2007,23,307,505,Pending,,,https://www.redfin.com/WA/Auburn/828-72nd-St-SE-98092/home/12488137,NWMLS as Distributed by MLS Grid,2206260,N,Y,47.2421976,-122.2165713
PAST SALE,May-13-2016,Townhouse,6108 Alexander Ave SE,Auburn,WA,98092,460000,3,2.5,Lakeland,1472,1545,2010,23,313,55,Pending,,,https://www.redfin.com/WA/Auburn/6108-Alexander-Ave-SE-98092/home/22791899,NWMLS as Distributed by MLS Grid,2196975,N,Y,47.2527788,-122.2279666
MLS Listing,,Single Family Residential,7205 Perry Ave SE,Auburn,WA,98092,795000,4,3,Lakeland,2858,10190,2007,23,278,100,Active,May-16-2024 05:00 PM,May-16-2024 07:00 PM,https://www.redfin.com/WA/Auburn/7205-Perry-Ave-SE-98092/home/12245378,NWMLS as Distributed by MLS Grid,2225961,N,Y,47.242005,-122.207055
PAST SALE,September-16-2021,Mobile/Manufactured Home,3501 Auburn Way S #49,Auburn,WA,98092,208000,3,2,Auburn,1296,,2015,24,160,,Pending,,,https://www.redfin.com/WA/Auburn/3501-Auburn-Way-S-98092/unit-49/home/175237276,NWMLS as Distributed by MLS Grid,2210045,N,Y,47.2873159,-122.1818825
MLS Listing,,Condo/Co-op,6221 Kennedy Ave SE Unit C,Auburn,WA,98092,475000,3,2.5,Lakeland,1510,4212,2002,27,315,391,Active,,,https://www.redfin.com/WA/Auburn/6221-Kennedy-Ave-SE-98092/unit-C/home/189753057,NWMLS as Distributed by MLS Grid,2226286,N,Y,47.2516604,-122.2146124
MLS Listing,,Single Family Residential,16629 SE 311th St,Auburn,WA,98092,1000000,5,4,Lake Morton,4260,54014,1986,27,235,,Active,May-19-2024 01:00 PM,May-19-2024 03:30 PM,https://www.redfin.com/WA/Auburn/16629-SE-311th-St-98092/home/380149,NWMLS as Distributed by MLS Grid,2225662,N,Y,47.322577,-122.1196496
MLS Listing,,Single Family Residential,6628 Francis Loop SE,Auburn,WA,98092,630000,4,2.5,Lakeland,1826,5021,2004,28,345,138,Active,,,https://www.redfin.com/WA/Auburn/6628-Francis-Loop-SE-98092/home/3027158,NWMLS as Distributed by MLS Grid,2217692,N,Y,47.248356,-122.2164114
MLS Listing,,Townhouse,1137 63rd St SE Unit A,Auburn,WA,98092,429900,2,2.5,Lakeland,1282,4240,2001,29,335,391,Active,,,https://www.redfin.com/WA/Auburn/1137-63rd-St-SE-98092/unit-A/home/3002229,NWMLS as Distributed by MLS Grid,2223556,N,Y,47.2519124,-122.2130943
PAST SALE,June-18-2020,Single Family Residential,5335 Highland Dr SE,Auburn,WA,98092,915000,5,4.5,Lakeland,3190,16795,1996,30,287,28,Pending,,,https://www.redfin.com/WA/Auburn/5335-Highland-Dr-SE-98092/home/216896,NWMLS as Distributed by MLS Grid,2217105,N,Y,47.2603719,-122.2156141
MLS Listing,,Single Family Residential,32728 181st Ave SE,Auburn,WA,98092,1087000,4,2.5,East Auburn,3600,39413,1989,30,302,,Active,,,https://www.redfin.com/WA/Auburn/32728-181st-Ave-SE-98092/home/380511,NWMLS as Distributed by MLS Grid,2223515,N,Y,47.307188,-122.0998323
PAST SALE,October-30-2019,Single Family Residential,32808 145th Pl SE,Auburn,WA,98092,1498000,3,2.5,Washington National,3550,22372,2005,31,422,171,Pending,,,https://www.redfin.com/WA/Auburn/32808-145th-Pl-SE-98092/home/2079896,NWMLS as Distributed by MLS Grid,2223365,N,Y,47.3068496,-122.1470145
PAST SALE,May-9-1989,Single Family Residential,708 50th St SE,Auburn,WA,98092,689999,4,2.5,Lakeland,2670,8278,1988,34,258,4,Pending,,,https://www.redfin.com/WA/Auburn/708-50th-St-SE-98092/home/216868,NWMLS as Distributed by MLS Grid,2221075,N,Y,47.2638489,-122.2187677
MLS Listing,,Single Family Residential,32725 145th Pl SE,Auburn,WA,98092,1300000,4,2.5,Washington National,3329,22561,2002,35,391,166,Active,,,https://www.redfin.com/WA/Auburn/32725-145th-Pl-SE-98092/home/380955,NWMLS as Distributed by MLS Grid,2221603,N,Y,47.3080402,-122.1483692
MLS Listing,,Single Family Residential,,Auburn,WA,98092,1749000,9,4.5,,3880,10790,1968,35,451,,Active,,,https://www.redfin.com/WA/Auburn/Undisclosed-address-98092/home/190489776,NWMLS as Distributed by MLS Grid,2221566,N,Y,47.298369,-122.184741
MLS Listing,,Condo/Co-op,31511 106th Pl SE Unit T304,Auburn,WA,98092,345000,3,2,Lea Hill,1260,,1982,35,274,285,Active,May-17-2024 01:00 PM,May-17-2024 05:00 PM,https://www.redfin.com/WA/Auburn/31511-106th-Place-SE-98092/unit-T304/home/190486269,NWMLS as Distributed by MLS Grid,2219530,N,Y,47.3202773,-122.201067
MLS Listing,,Condo/Co-op,31511 106th Pl SE Unit T207,Auburn,WA,98092,335000,3,2,Lea Hill,1260,,1982,35,266,285,Active,May-17-2024 01:00 PM,May-17-2024 05:00 PM,https://www.redfin.com/WA/Auburn/31511-106th-Pl-SE-98092/unit-T207/home/190486262,NWMLS as Distributed by MLS Grid,2219508,N,Y,47.3202773,-122.201067
MLS Listing,,Townhouse,1111 62nd St SE Unit 23B,Auburn,WA,98092,419990,2,2.5,Lakeland,1359,4240,2002,37,309,391,Active,,,https://www.redfin.com/WA/Auburn/1111-62nd-St-SE-98092/unit-23B/home/3006481,NWMLS as Distributed by MLS Grid,2220810,N,Y,47.2522561,-122.2143387
PAST SALE,,Townhouse,6470 James Ave SE Unit B,Auburn,WA,98092,530000,2,2.5,Lakeland,1727,5452,2004,39,307,508,Pending,,,https://www.redfin.com/WA/Auburn/6470-James-Ave-SE-98092/unit-B/home/190361004,NWMLS as Distributed by MLS Grid,2218373,N,Y,47.258273,-122.2168278
PAST SALE,,Single Family Residential,6319 Francis Ave SE,Auburn,WA,98092,619900,4,2,Lakeland,2096,5570,2005,42,296,127,Pending,,,https://www.redfin.com/WA/Auburn/6319-Francis-Ave-SE-98092/home/3040008,NWMLS as Distributed by MLS Grid,2211297,N,Y,47.2508606,-122.2180378
MLS Listing,,Mobile/Manufactured Home,4205 Auburn Way S #18,Auburn,WA,98092,95000,2,1,Auburn,,,1968,42,,,Active,,,https://www.redfin.com/WA/Auburn/4205-Auburn-Way-S-98092/unit-18/home/190392504,NWMLS as Distributed by MLS Grid,2219323,N,Y,47.2847571,-122.1746981
MLS Listing,,Single Family Residential,30121 104th Ave SE,Auburn,WA,98092,965000,4,2.5,Cobble Creek,3140,10810,1988,42,307,27,Active,May-19-2024 01:00 PM,May-19-2024 04:00 PM,https://www.redfin.com/WA/Auburn/30121-104th-Ave-SE-98092/home/405070,NWMLS as Distributed by MLS Grid,2208780,N,Y,47.3318376,-122.2024486
PAST SALE,November-16-2023,Condo/Co-op,3435 Auburn Way S #9,Auburn,WA,98092,259950,2,1,Auburn,783,146500,1979,49,332,406,Pending,,,https://www.redfin.com/WA/Auburn/3435-Auburn-Way-S-98092/unit-9/home/4243,NWMLS as Distributed by MLS Grid,2207120,N,Y,47.2867203,-122.1827992
MLS Listing,,Single Family Residential,29330 120th Ave SE,Auburn,WA,98092,700000,5,2.5,Auburn,2267,4043,2013,49,309,120,Active,,,https://www.redfin.com/WA/Auburn/29330-120th-Ave-SE-98092/home/22494935,NWMLS as Distributed by MLS Grid,2211220,N,Y,47.3386999,-122.1807102
PAST SALE,September-1-2023,Vacant Land,379 XX 212th Ave SE,Auburn,WA,98092,199950,,,Flaming Geyser,,88426,,51,,,Pending,,,https://www.redfin.com/WA/Auburn/379-XX-A-St-SE-98092/home/181349124,NWMLS as Distributed by MLS Grid,2211062,N,Y,47.26105,-122.060313
MLS Listing,,Townhouse,5909 Panorama Dr SE #15102,Auburn,WA,98092,509950,2,2.5,Lakeland,1727,5745,2006,51,295,516,Active,,,https://www.redfin.com/WA/Auburn/5909-Panorama-Dr-SE-98092/unit-15-102/home/8185800,NWMLS as Distributed by MLS Grid,2215123,N,Y,47.2557807,-122.2171809
MLS Listing,,Single Family Residential,29223 118th Ave SE,Auburn,WA,98092,859000,3,2.5,Lea Hill,2770,209000,1974,56,310,,Active,,,https://www.redfin.com/WA/Auburn/29223-118th-Ave-SE-98092/home/403182,NWMLS as Distributed by MLS Grid,2211580,N,Y,47.3401131,-122.1844777
MLS Listing,,Single Family Residential,16250 SE Lake Moneysmith Rd,Auburn,WA,98092,1290000,4,3.5,Lake Moneysmith,3156,333669,2023,58,409,,Active,May-19-2024 02:00 PM,May-19-2024 04:00 PM,https://www.redfin.com/WA/Auburn/16250-SE-Lake-Moneysmith-Rd-98092/home/22224227,NWMLS as Distributed by MLS Grid,2202778,N,Y,47.2902018,-122.1236534
MLS Listing,,Vacant Land,111 XX SE 281st St,Auburn,WA,98092,220000,,,East Hill,,30190,,59,,,Active,,,https://www.redfin.com/WA/Auburn/111-XX-SE-281st-St-98092/home/189882206,NWMLS as Distributed by MLS Grid,2202427,N,Y,47.349791,-122.200911
MLS Listing,,Single Family Residential,16700 SE 331st St,Auburn,WA,98092,1899950,4,5,Lake Holm,4707,256568,2006,62,404,,Active,,,https://www.redfin.com/WA/Auburn/16700-SE-331st-St-98092/home/2060252,NWMLS as Distributed by MLS Grid,2206272,N,Y,47.3053621,-122.1191873
MLS Listing,,Single Family Residential,33107 202nd Pl SE,Auburn,WA,98092,2593000,5,4.5,East Auburn,4717,163402,2021,63,550,190,Active,,,https://www.redfin.com/WA/Auburn/33107-202nd-Pl-SE-98092/home/113996251,NWMLS as Distributed by MLS Grid,2210328,N,Y,47.305153,-122.0731741
MLS Listing,,Vacant Land,131 xx SE 312th St,Auburn,WA,98092,269500,,,Lea Hill,,69696,,69,,,Active,,,https://www.redfin.com/WA/Auburn/131-XX-SE-312th-St-98092/home/172769814,NWMLS as Distributed by MLS Grid,2208038,N,Y,47.322221,-122.166165
PAST SALE,,Mobile/Manufactured Home,31101 116th Ave SE #46,Auburn,WA,98092,129999,3,2,Auburn,980,,1984,70,133,,Pending,,,https://www.redfin.com/WA/Auburn/31101-116th-Ave-SE-98092/unit-46/home/189958938,NWMLS as Distributed by MLS Grid,2204261,N,Y,47.3245562,-122.1898705
MLS Listing,,Vacant Land,0 Vacant Land,Auburn,WA,98092,74988,,,Auburn,,115224,,71,,,Active,,,https://www.redfin.com/WA/Auburn/10th-Ave-N-98001/home/2091485,NWMLS as Distributed by MLS Grid,2205958,N,Y,47.337092,-122.171115
MLS Listing,,Single Family Residential,30620 128th Pl SE,Auburn,WA,98092,729000,4,2.5,Willow Park,2140,6300,1996,76,341,30,Active,,,https://www.redfin.com/WA/Auburn/30620-128th-Pl-SE-98092/home/406221,NWMLS as Distributed by MLS Grid,2205487,N,Y,47.3274224,-122.170274
PAST SALE,May-20-2016,Single Family Residential,35415 227th Ave SE,Auburn,WA,98092,875000,4,3.5,Green Valley,2380,212137,1997,77,368,,Pending,,,https://www.redfin.com/WA/Auburn/35415-227th-Ave-SE-98092/home/379590,NWMLS as Distributed by MLS Grid,2199344,N,Y,47.2845505,-122.0405536
MLS Listing,,Condo/Co-op,31511 106th Pl SE Unit T307,Auburn,WA,98092,349950,3,2,Lea Hill,1260,,1982,84,278,285,Active,May-17-2024 01:00 PM,May-17-2024 05:00 PM,https://www.redfin.com/WA/Auburn/31511-106th-Pl-SE-98092/unit-T307/home/189832938,NWMLS as Distributed by MLS Grid,2201514,N,Y,47.3202773,-122.201067
PAST SALE,,Single Family Residential,4423 Joyce Ct SE #12,Auburn,WA,98092,1285000,4,3.5,Lakeland,4100,9470,2024,89,313,,Pending,,,https://www.redfin.com/WA/Auburn/4423-Joyce-Ct-SE-98092/unit-12/home/185865537,NWMLS as Distributed by MLS Grid,2162918,N,Y,47.270406,-122.217633
PAST SALE,April-15-2002,Mobile/Manufactured Home,31600 126th Ave SE #73,Auburn,WA,98092,130000,2,2,Green River College,960,,1980,89,135,,Pending,,,https://www.redfin.com/WA/Auburn/31600-126th-Ave-SE-98092/unit-73/home/176004057,NWMLS as Distributed by MLS Grid,2186717,N,Y,47.319525,-122.1732362
PAST SALE,August-27-2020,Single Family Residential,13232 SE 290 St,Auburn,WA,98092,980000,5,5,Kent,3710,107250,1978,97,264,,Pending,,,https://www.redfin.com/WA/Auburn/13232-SE-290th-St-98092/home/405054,NWMLS as Distributed by MLS Grid,2190224,N,Y,47.3421977,-122.1641248
MLS Listing,,Mobile/Manufactured Home,4205 Auburn Way S #20,Auburn,WA,98092,95000,2,2,Auburn,966,,1994,105,98,,Active,,,https://www.redfin.com/WA/Auburn/4205-Auburn-Way-S-98092/unit-20/home/189603631,NWMLS as Distributed by MLS Grid,2195909,N,Y,47.2847571,-122.1746981
MLS Listing,,Single Family Residential,4458 Joyce Ct SE,Auburn,WA,98092,1299999,4,3,Lakeland,3858,12632,2021,113,337,,Active,,,https://www.redfin.com/WA/Auburn/4458-Joyce-Ct-SE-98092/home/172716717,NWMLS as Distributed by MLS Grid,2194039,N,Y,47.2695645,-122.2171858
PAST SALE,April-1-2022,Mobile/Manufactured Home,3501 Auburn Way #26,Auburn,WA,98092,179999,3,2,East Auburn,1568,,1987,117,115,,Pending,,,https://www.redfin.com/WA/Auburn/3501-Auburn-Way-S-98092/unit-26/home/178682175,NWMLS as Distributed by MLS Grid,2169201,N,Y,47.2873261,-122.1819266
MLS Listing,,Single Family Residential,11314 SE 300th Pl,Auburn,WA,98092,735000,4,2.5,Lea Hill,2300,6413,1996,129,320,25,Active,,,https://www.redfin.com/WA/Auburn/11314-SE-300th-Pl-98092/home/404005,NWMLS as Distributed by MLS Grid,2182027,N,Y,47.3333654,-122.1909376
PAST SALE,August-1-2023,Single Family Residential,24011 SE Green Valley Rd,Auburn,WA,98092,679999,3,2,Green River,1590,51836,1965,160,428,,Pending,,,https://www.redfin.com/WA/Auburn/24011-SE-Green-Valley-Rd-98092/home/378366,NWMLS as Distributed by MLS Grid,2183161,N,Y,47.2856268,-122.0217205
MLS Listing,,Condo/Co-op,31309 107th Pl SE Unit E1,Auburn,WA,98092,375000,2,2.5,Lea Hill,1215,,1982,161,309,400,Active,May-17-2024 01:00 PM,May-17-2024 05:00 PM,https://www.redfin.com/WA/Auburn/31309-107th-Pl-SE-98092/unit-E1/home/188846784,NWMLS as Distributed by MLS Grid,2183850,N,Y,47.3211244,-122.199046
PAST SALE,December-6-2021,Single Family Residential,1154 57th Dr SE,Auburn,WA,98092,640000,4,3,Lakeland,2590,7937,1989,168,247,,Pending,,,https://www.redfin.com/WA/Auburn/1154-57th-Dr-SE-98092/home/216458,NWMLS as Distributed by MLS Grid,2167808,N,Y,47.2586079,-122.2151444
PAST SALE,March-6-2009,Mobile/Manufactured Home,4205 Auburn Way S #35,Auburn,WA,98092,85000,3,1,Auburn,1000,,1973,196,85,,Pending,,,https://www.redfin.com/WA/Auburn/4205-Auburn-Way-S-98092/unit-35/home/18638390,NWMLS as Distributed by MLS Grid,2168893,N,Y,47.2847571,-122.1746981
MLS Listing,,Single Family Residential,38025 183rd Ave SE,Auburn,WA,98092,899950,5,3,Wabash,3860,34880,1969,205,233,,Active,,,https://www.redfin.com/WA/Auburn/38025-183rd-Ave-SE-98092/home/293088,NWMLS as Distributed by MLS Grid,2168271,N,Y,47.2602525,-122.0991938
PAST SALE,October-31-2018,Single Family Residential,13018 SE 308th St,Auburn,WA,98092,740000,5,3,Lea Hill,2844,4013,2013,211,260,27,Pending,,,https://www.redfin.com/WA/Auburn/13018-SE-308th-St-98092/home/44653793,NWMLS as Distributed by MLS Grid,2161393,N,Y,47.3258836,-122.1667865
MLS Listing,,Single Family Residential,4327 Joyce Ct SE Lot 14,Auburn,WA,98092,1385000,4,3.5,Lakeland,4100,9944,2024,242,338,,Active,,,https://www.redfin.com/WA/Auburn/4327-Joyce-Ct-SE-98092/unit-14/home/187524267,NWMLS as Distributed by MLS Grid,2162914,N,Y,47.270821,-122.217756
MLS Listing,,Single Family Residential,4296 Joyce Ct SE Lot 1,Auburn,WA,98092,1418000,4,3,Lakeland,3858,18004,2024,244,368,,Active,,,https://www.redfin.com/WA/Auburn/4296-Joyce-Ct-SE-98092/unit-1/home/182266802,NWMLS as Distributed by MLS Grid,2161869,N,Y,47.271139,-122.217316
MLS Listing,,Single Family Residential,4368 Joyce Ct SE Lot 3,Auburn,WA,98092,1300000,4,2.5,Lakeland,3093,19629,2024,244,420,,Active,,,https://www.redfin.com/WA/Auburn/4368-Joyce-Ct-SE-98092/unit-3/home/187524266,NWMLS as Distributed by MLS Grid,2161868,N,Y,47.270755,-122.217072
MLS Listing,,Single Family Residential,33630 158th Ave SE,Auburn,WA,98092,1949995,4,2.5,Washington National,4200,946558,2001,251,464,,Active,,,https://www.redfin.com/WA/Auburn/33630-158th-Ave-SE-98092/home/380284,NWMLS as Distributed by MLS Grid,2159671,N,Y,47.3000689,-122.1312936
MLS Listing,,Vacant Land,31004 104th Ave SE,Auburn,WA,98092,149000,,,Auburn,,68824,,261,,,Active,,,https://www.redfin.com/WA/Auburn/31004-104th-Ave-SE-98092/home/2091609,NWMLS as Distributed by MLS Grid,2148179,N,Y,47.324413,-122.201219
MLS Listing,,Vacant Land,20633 SE 388th St,Enumclaw,WA,98092,285000,,,Wabash,,436313,,311,,,Active,,,https://www.redfin.com/WA/Enumclaw/20633-SE-388th-ST-98022/home/175135369,NWMLS as Distributed by MLS Grid,2137333,N,Y,47.253046,-122.06628
MLS Listing,,Single Family Residential,32725 110th Ave SE,Auburn,WA,98092,1199900,4,3,Lea Hill,3436,15000,2023,355,349,,Active,,,https://www.redfin.com/WA/Auburn/32725-110th-Ave-SE-98092/home/185546560,NWMLS as Distributed by MLS Grid,2073824,N,Y,47.3081591,-122.1960895
MLS Listing,,Vacant Land,320 XX 105th Ave SE,Auburn,WA,98092,449000,,,Lea Hill,,214750,,520,,,Active,,,https://www.redfin.com/WA/Auburn/320-xx-105th-Ave-SE-98092/home/174788733,NWMLS as Distributed by MLS Grid,2015329,N,Y,47.314542,-122.199506
