SALE TYPE,SOLD DATE,PROPERTY TYPE,ADDRESS,CITY,STATE OR PROVINCE,ZIP OR POSTAL CODE,PRICE,BEDS,BATHS,LOCATION,SQUARE FEET,LOT SIZE,YEAR BUILT,DAYS ON MARKET,$/SQUARE FEET,HOA/MONTH,STATUS,NEXT OPEN HOUSE START TIME,NEXT OPEN HOUSE END TIME,URL (SEE https://www.redfin.com/buy-a-home/comparative-market-analysis FOR INFO ON PRICING),SOURCE,MLS#,FAVORITE,INTERESTED,LATITUDE,LONGITUDE
"In accordance with local MLS rules, some MLS listings are not included in the download",,,,,,,,,,,,,,,,,,,,,,,,,,
PAST SALE,January-28-2005,Condo/Co-op,1837 SW 318th Pl Unit 21C,Federal Way,WA,98023,355000,3,2.5,Lakota,1324,,1978,4,268,716,Pending,,,https://www.redfin.com/WA/Federal-Way/1837-SW-318th-Pl-98023/unit-21C/home/57439,NWMLS as Distributed by MLS Grid,2229570,N,Y,47.3157606,-122.3583804
MLS Listing,,Single Family Residential,1618 SW 327th St,Federal Way,WA,98023,599000,3,3,Alderbrook,1270,6497,1986,7,472,,Active,,,https://www.redfin.com/WA/Federal-Way/1618-SW-327th-St-98023/home/359085,NWMLS as Distributed by MLS Grid,2234504,N,Y,47.3089734,-122.3557769
MLS Listing,,Single Family Residential,29844 9th Ave SW,Federal Way,WA,98023,1688000,6,4.5,Federal Way,5909,13950,2008,7,286,,Active,,,https://www.redfin.com/WA/Federal-Way/29844-9th-Ave-SW-98023/home/18665189,NWMLS as Distributed by MLS Grid,2230921,N,Y,47.3342049,-122.3462432
MLS Listing,,Single Family Residential,29825 10th Ave SW,Federal Way,WA,98023,824999,3,3,Dash Point,2330,13020,1962,21,354,,Active,May-18-2024 01:00 PM,May-18-2024 04:00 PM,https://www.redfin.com/WA/Federal-Way/29825-10th-Ave-SW-98023/home/348903,NWMLS as Distributed by MLS Grid,2227640,N,Y,47.3347296,-122.3480886
MLS Listing,,Single Family Residential,31934 14th Way SW,Federal Way,WA,98023,699950,3,2.5,Lakota,2335,7099,1990,42,300,,Active,,,https://www.redfin.com/WA/Federal-Way/31934-14th-Way-SW-98023/home/351889,NWMLS as Distributed by MLS Grid,2218189,N,Y,47.3158168,-122.3544616
MLS Listing,,Single Family Residential,1315 SW 310 St,Federal Way,WA,98023,649000,3,2,Adelaide,2760,20037,1958,55,235,,Active,,,https://www.redfin.com/WA/Federal-Way/1315-SW-310th-St-98023/home/350008,NWMLS as Distributed by MLS Grid,2213793,N,Y,47.3241667,-122.3524156
MLS Listing,,Single Family Residential,2812 SW 300th Pl,Federal Way,WA,98023,2000000,3,4.5,Lakota,4240,57639,1998,1,472,,Active,,,https://www.redfin.com/WA/Federal-Way/2812-SW-300th-Pl-98023/home/349066,NWMLS as Distributed by MLS Grid,2236752,N,Y,47.3342851,-122.3699968
MLS Listing,,Single Family Residential,33454 37th Ave SW,Federal Way,WA,98023,545000,4,1.5,Federal Way,1410,8330,1970,1,387,,Active,May-19-2024 12:00 PM,May-19-2024 03:00 PM,https://www.redfin.com/WA/Federal-Way/33454-37th-Ave-SW-98023/home/357047,NWMLS as Distributed by MLS Grid,2236080,N,Y,47.3019455,-122.3782982
MLS Listing,,Condo/Co-op,31845 18th Ave SW Unit 34D,Federal Way,WA,98023,335000,2,2,Twin Lakes,1193,780789,1978,1,281,645,Active,,,https://www.redfin.com/WA/Federal-Way/31845-18th-Ave-SW-98023/unit-34D/home/14558,NWMLS as Distributed by MLS Grid,2238988,N,Y,47.3155154,-122.357813
MLS Listing,,Single Family Residential,31323 33rd Ave SW,Federal Way,WA,98023,575000,4,2.5,Federal Way,2020,6440,1975,1,285,,Active,May-18-2024 12:00 PM,May-18-2024 02:00 PM,https://www.redfin.com/WA/Federal-Way/31323-33rd-Ave-SW-98023/home/355429,NWMLS as Distributed by MLS Grid,2230818,N,Y,47.3208632,-122.3742223
MLS Listing,,Single Family Residential,401 SW 312th St,Federal Way,WA,98023,849950,3,2,Mirror Lake,2220,12675,1997,1,383,,Active,May-18-2024 11:00 AM,May-18-2024 02:00 PM,https://www.redfin.com/WA/Federal-Way/401-SW-312th-St-98023/home/350753,NWMLS as Distributed by MLS Grid,2237769,N,Y,47.3217296,-122.3400393
MLS Listing,,Single Family Residential,4113 SW 321st St,Federal Way,WA,98023,649000,4,2,Federal Way,1620,8262,1970,1,401,37,Active,,,https://www.redfin.com/WA/Federal-Way/4113-SW-321st-St-98023/home/353461,NWMLS as Distributed by MLS Grid,2235896,N,Y,47.3140143,-122.3857673
PAST SALE,,Single Family Residential,2900 SW 312th Pl,Federal Way,WA,98023,529000,3,2.5,Federal Way,1800,12199,1964,1,294,,Pending,,,https://www.redfin.com/WA/Federal-Way/2900-SW-312th-Pl-98023/home/357022,NWMLS as Distributed by MLS Grid,2220648,N,Y,47.321619,-122.370797
MLS Listing,,Single Family Residential,4016 SW 334th Pl,Federal Way,WA,98023,585000,3,2.5,Federal Way,1390,7700,1980,1,421,,Active,,,https://www.redfin.com/WA/Federal-Way/4016-SW-334th-Pl-98023/home/353743,NWMLS as Distributed by MLS Grid,2235489,N,Y,47.3027175,-122.3838966
MLS Listing,,Single Family Residential,4152 SW 314th St,Federal Way,WA,98023,1699000,3,2.5,Twin Lakes,2800,10400,1978,1,607,37,Active,May-18-2024 01:00 PM,May-18-2024 03:00 PM,https://www.redfin.com/WA/Federal-Way/4152-SW-314th-St-98023/home/354543,NWMLS as Distributed by MLS Grid,2237236,N,Y,47.3214738,-122.3856075
PAST SALE,March-23-2015,Single Family Residential,4301 SW 323rd St,Federal Way,WA,98023,760000,3,2,Twin Lakes,1830,9620,1978,2,415,42,Pending,,,https://www.redfin.com/WA/Federal-Way/4301-SW-323rd-St-98023/home/353628,NWMLS as Distributed by MLS Grid,2230145,N,Y,47.3122748,-122.3887112
PAST SALE,October-31-2002,Single Family Residential,29415 10th Ave SW,Federal Way,WA,98023,1698800,5,5,Buenna,5236,18240,1988,2,324,,Pending,,,https://www.redfin.com/WA/Federal-Way/29415-10th-Ave-SW-98023/home/345573,NWMLS as Distributed by MLS Grid,2210463,N,Y,47.3383128,-122.3484066
MLS Listing,,Single Family Residential,33820 37th Ave SW,Federal Way,WA,98023,449000,3,2.5,Wedgewood,1880,9450,1978,2,239,,Active,,,https://www.redfin.com/WA/Federal-Way/33820-37th-Ave-SW-98023/home/353619,NWMLS as Distributed by MLS Grid,2237273,N,Y,47.2980199,-122.3797089
MLS Listing,,Single Family Residential,34300 13th Pl SW,Federal Way,WA,98023,709000,4,2.5,Campus Highlands,2422,5000,2004,2,293,,Active,May-17-2024 04:00 PM,May-17-2024 06:00 PM,https://www.redfin.com/WA/Federal-Way/34300-13th-Pl-SW-98023/home/2061912,NWMLS as Distributed by MLS Grid,2236360,N,Y,47.2942027,-122.3520213
PAST SALE,October-25-2004,Townhouse,4810 SW 317th Ln Unit B,Federal Way,WA,98023,400000,3,2,Twin Lakes,1260,,1984,3,317,531,Pending,,,https://www.redfin.com/WA/Federal-Way/4810-SW-317th-Ln-98023/unit-B/home/179745813,NWMLS as Distributed by MLS Grid,2224507,N,Y,47.3186418,-122.3953058
PAST SALE,May-9-2007,Single Family Residential,32505 23rd Ave SW,Federal Way,WA,98023,664950,3,2,Twin Lakes,2050,9000,1976,3,324,,Pending,,,https://www.redfin.com/WA/Federal-Way/32505-23rd-Ave-SW-98023/home/353690,NWMLS as Distributed by MLS Grid,2234870,N,Y,47.3109341,-122.3631958
PAST SALE,June-30-2015,Single Family Residential,35724 18th Ave SW,Federal Way,WA,98023,729000,5,3,Federal Way,2450,6208,2011,4,298,50,Pending,,,https://www.redfin.com/WA/Federal-Way/35724-18th-Ave-SW-98023/home/18659268,NWMLS as Distributed by MLS Grid,2234653,N,Y,47.2810742,-122.3573446
PAST SALE,November-13-2020,Single Family Residential,31813 51st Ave SW,Federal Way,WA,98023,850000,4,3,Dash Point,2270,47480,1978,4,374,,Pending,,,https://www.redfin.com/WA/Federal-Way/31813-51st-Ave-SW-98023/home/348677,NWMLS as Distributed by MLS Grid,2219438,N,Y,47.3162539,-122.398346
PAST SALE,July-22-2015,Single Family Residential,32720 13th Ave SW,Federal Way,WA,98023,715000,3,2.5,West Campus,2110,8941,1987,4,339,14,Pending,,,https://www.redfin.com/WA/Federal-Way/32720-13th-Ave-SW-98023/home/359162,NWMLS as Distributed by MLS Grid,2219783,N,Y,47.3075937,-122.3521904
PAST SALE,February-28-2024,Single Family Residential,2618 SW 334TH Pl,Federal Way,WA,98023,449995,3,2,West Campus,1360,8400,1975,4,331,,Pending,,,https://www.redfin.com/WA/Federal-Way/2618-SW-334th-Pl-98023/home/357334,NWMLS as Distributed by MLS Grid,2235264,N,Y,47.3023904,-122.3667807
PAST SALE,March-29-2022,Single Family Residential,33604 5th Pl SW,Federal Way,WA,98023,950000,4,2.5,Federal Way,3670,10530,1990,4,259,67,Pending,,,https://www.redfin.com/WA/Federal-Way/33604-5th-Pl-SW-98023/home/359391,NWMLS as Distributed by MLS Grid,2218122,N,Y,47.3009355,-122.3406425
PAST SALE,October-13-2005,Single Family Residential,1006 SW 361st St,Federal Way,WA,98023,749000,4,2.5,Federal Way,3068,5223,2005,5,244,28,Pending,,,https://www.redfin.com/WA/Federal-Way/1006-SW-361st-St-98023/home/2074076,NWMLS as Distributed by MLS Grid,2222418,N,Y,47.2782785,-122.3487122
PAST SALE,,Single Family Residential,35643 2nd Ave SW,Federal Way,WA,98023,875000,5,3,Federal Way,2720,7252,2019,5,322,25,Pending,,,https://www.redfin.com/WA/Federal-Way/35643-2nd-Ave-SW-98023/home/166902908,NWMLS as Distributed by MLS Grid,2219093,N,Y,47.2820334,-122.3384049
PAST SALE,February-6-2023,Single Family Residential,1226 SW 296th St,Federal Way,WA,98023,1650000,6,4,Buenna,5790,15750,1990,5,285,,Pending,,,https://www.redfin.com/WA/Federal-Way/1226-SW-296th-St-98023/home/349563,NWMLS as Distributed by MLS Grid,2224570,N,Y,47.3371278,-122.351284
PAST SALE,July-28-1994,Single Family Residential,34719 30th Ave SW,Federal Way,WA,98023,595000,3,2.5,Federal Way,1850,6480,1990,5,322,,Pending,,,https://www.redfin.com/WA/Federal-Way/34719-30th-Ave-SW-98023/home/356841,NWMLS as Distributed by MLS Grid,2223934,N,Y,47.2904205,-122.3719385
PAST SALE,April-13-2015,Condo/Co-op,33020 10th Ave SW Unit H301,Federal Way,WA,98023,299999,3,2,West Campus,1114,,1995,6,269,779,Pending,,,https://www.redfin.com/WA/Federal-Way/33020-10th-Ave-SW-98023/unit-H301/home/71059,NWMLS as Distributed by MLS Grid,2202574,N,Y,47.3044891,-122.3454437
PAST SALE,October-25-2000,Single Family Residential,32905 46th Ct SW,Federal Way,WA,98023,700000,4,2.5,Federal Way,2290,11549,1990,6,306,21,Pending,,,https://www.redfin.com/WA/Federal-Way/32905-46th-Ct-SW-98023/home/348842,NWMLS as Distributed by MLS Grid,2205191,N,Y,47.3066987,-122.3912659
PAST SALE,November-28-2017,Single Family Residential,320 SW 292nd St,Federal Way,WA,98023,1450000,3,2.5,Buenna,1920,11747,1939,6,755,,Pending,,,https://www.redfin.com/WA/Federal-Way/320-SW-292nd-St-98023/home/345569,NWMLS as Distributed by MLS Grid,2226249,N,Y,47.3406674,-122.3392245
MLS Listing,,Mobile/Manufactured Home,31813 21st Ave SW #22,Federal Way,WA,98023,65000,2,1,Twin Lakes,740,216122,1984,6,88,,Active,,,https://www.redfin.com/WA/Federal-Way/31813-21st-Ave-SW-98023/unit-22/home/104308743,NWMLS as Distributed by MLS Grid,2236394,N,Y,47.3163654,-122.3634709
MLS Listing,,Single Family Residential,36627 3rd Ave SW,Federal Way,WA,98023,725000,4,3,Dash Point,2450,39000,1981,6,296,,Active,,,https://www.redfin.com/WA/Federal-Way/36627-3rd-Ave-SW-98023/home/360966,NWMLS as Distributed by MLS Grid,2236304,N,Y,47.2728657,-122.3395575
MLS Listing,,Condo/Co-op,31500 33rd Pl SW Unit V203,Federal Way,WA,98023,350000,2,1,Dash Point,998,,1990,6,351,347,Active,May-17-2024 12:00 PM,May-17-2024 02:00 PM,https://www.redfin.com/WA/Federal-Way/31500-33rd-Pl-SW-98023/unit-V203/home/2118017,NWMLS as Distributed by MLS Grid,2234636,N,Y,47.3201707,-122.3751814
MLS Listing,,Single Family Residential,32704 7th Ave SW,Federal Way,WA,98023,700000,4,2.5,West Campus,3000,7926,1990,6,233,6,Active,,,https://www.redfin.com/WA/Federal-Way/32704-7th-Ave-SW-98023/home/359595,NWMLS as Distributed by MLS Grid,2235948,N,Y,47.30947,-122.3432521
MLS Listing,,Single Family Residential,3701 SW 335th Ct,Federal Way,WA,98023,539950,3,1,Federal Way,1290,9540,1976,6,419,,Active,May-16-2024 04:00 PM,May-16-2024 06:00 PM,https://www.redfin.com/WA/Federal-Way/3701-SW-335th-Ct-98023/home/356667,NWMLS as Distributed by MLS Grid,2235491,N,Y,47.301379,-122.379881
PAST SALE,October-3-2019,Single Family Residential,33709 29th Ct SW,Federal Way,WA,98023,630000,3,2.5,Twin Lakes,2050,8125,1984,7,307,,Pending,,,https://www.redfin.com/WA/Federal-Way/33709-29th-Ct-SW-98023/home/353350,NWMLS as Distributed by MLS Grid,2216369,N,Y,47.3000396,-122.371668
PAST SALE,May-31-2016,Single Family Residential,33942 28th Pl SW,Federal Way,WA,98023,699500,5,3,Alderdale,2188,8160,1979,7,320,,Pending,,,https://www.redfin.com/WA/Federal-Way/33942-28th-Pl-SW-98023/home/357147,NWMLS as Distributed by MLS Grid,2228702,N,Y,47.2973601,-122.3693666
PAST SALE,June-29-2001,Condo/Co-op,4601 SW 320th St Unit E1,Federal Way,WA,98023,249950,3,1.5,Federal Way,993,,1977,7,252,504,Pending,,,https://www.redfin.com/WA/Federal-Way/4601-SW-320th-St-98023/unit-E-1/home/175991819,NWMLS as Distributed by MLS Grid,2214397,N,Y,47.3138976,-122.3908505
PAST SALE,June-5-1987,Single Family Residential,33810 37th Ave SW,Federal Way,WA,98023,600000,3,2.5,Federal Way,1910,7350,1979,7,314,,Pending,,,https://www.redfin.com/WA/Federal-Way/33810-37th-Ave-SW-98023/home/356605,NWMLS as Distributed by MLS Grid,2228140,N,Y,47.2982253,-122.3793059
PAST SALE,,Single Family Residential,1061 SW 328th Ct,Federal Way,WA,98023,649000,3,2,West Campus,1950,8568,1988,7,333,24,Pending,,,https://www.redfin.com/WA/Federal-Way/1061-SW-328th-Ct-98023/home/358295,NWMLS as Distributed by MLS Grid,2223186,N,Y,47.3062727,-122.3487782
PAST SALE,July-31-2015,Single Family Residential,32020 16th Pl SW,Federal Way,WA,98023,610000,3,2,Alderbrook,1620,7208,1981,7,377,,Pending,,,https://www.redfin.com/WA/Federal-Way/32020-16th-Pl-SW-98023/home/359225,NWMLS as Distributed by MLS Grid,2220176,N,Y,47.3142903,-122.3557542
MLS Listing,,Single Family Residential,1728 SW 346th Pl,Federal Way,WA,98023,849000,4,3,Federal Way,2930,8401,2005,7,290,29,Active,,,https://www.redfin.com/WA/Federal-Way/1728-SW-346th-Pl-98023/home/2087768,NWMLS as Distributed by MLS Grid,2233437,N,Y,47.291582,-122.3571735
MLS Listing,,Single Family Residential,32607 46th Ct SW,Federal Way,WA,98023,619000,3,2.5,Dash Point,1530,10697,1986,7,405,,Active,,,https://www.redfin.com/WA/Federal-Way/32607-46th-Ct-SW-98023/home/348268,NWMLS as Distributed by MLS Grid,2233556,N,Y,47.3099687,-122.3919653
PAST SALE,April-19-1994,Single Family Residential,707 SW 365th St,Federal Way,WA,98023,734950,5,2,Federal Way,2160,38428,1961,9,340,,Pending,,,https://www.redfin.com/WA/Federal-Way/707-SW-365th-St-98023/home/360563,NWMLS as Distributed by MLS Grid,2232602,N,Y,47.2742018,-122.3440813
PAST SALE,August-1-2014,Single Family Residential,32824 10th Pl SW,Federal Way,WA,98023,699000,3,2.5,West Campus,2031,7702,1988,10,344,23,Pending,,,https://www.redfin.com/WA/Federal-Way/32824-10th-Pl-SW-98023/home/359052,NWMLS as Distributed by MLS Grid,2208327,N,Y,47.3058352,-122.3481887
PAST SALE,March-31-1993,Single Family Residential,33103 11th Ave SW,Federal Way,WA,98023,769950,4,2.5,West Campus,2820,8384,1989,12,273,23,Pending,,,https://www.redfin.com/WA/Federal-Way/33103-11th-Ave-SW-98023/home/357681,NWMLS as Distributed by MLS Grid,2232726,N,Y,47.3047106,-122.3506757
MLS Listing,,Single Family Residential,31107 50th Pl SW,Federal Way,WA,98023,969900,3,2.5,Dash Point,2630,17914,1978,13,369,4,Active,,,https://www.redfin.com/WA/Federal-Way/31107-50th-Pl-SW-98023/home/348482,NWMLS as Distributed by MLS Grid,2230805,N,Y,47.3231534,-122.3974013
PAST SALE,March-6-2019,Condo/Co-op,4601 SW 320th St Unit R-2,Federal Way,WA,98023,189950,1,1,Twin Lakes,579,,1977,13,328,368,Pending,,,https://www.redfin.com/WA/Federal-Way/4601-SW-320th-St-98023/unit-R2/home/34639,NWMLS as Distributed by MLS Grid,2225483,N,Y,47.3139445,-122.3908366
PAST SALE,April-19-2017,Single Family Residential,31202 3rd Ave SW,Federal Way,WA,98023,849000,4,3,Mirror Lake,2160,9750,1963,13,393,,Pending,,,https://www.redfin.com/WA/Federal-Way/31202-3rd-Ave-SW-98023/home/351488,NWMLS as Distributed by MLS Grid,2227862,N,Y,47.3222185,-122.3382293
PAST SALE,October-28-1986,Single Family Residential,32609 43rd Pl SW,Federal Way,WA,98023,549000,3,3,Twin Lakes,1917,10268,1978,13,286,37,Pending,,,https://www.redfin.com/WA/Federal-Way/32609-43rd-Pl-SW-98023/home/353786,NWMLS as Distributed by MLS Grid,2221732,N,Y,47.3095757,-122.3890336
PAST SALE,June-8-2022,Single Family Residential,2404 SW 307th St,Federal Way,WA,98023,579000,4,2.5,Lakota,1700,9680,1963,15,341,,Pending,,,https://www.redfin.com/WA/Federal-Way/2404-SW-307th-St-98023/home/348047,NWMLS as Distributed by MLS Grid,2222578,N,Y,47.326684,-122.3639978
MLS Listing,,Single Family Residential,725 SW 361st St,Federal Way,WA,98023,640000,4,2.5,Federal Way,1840,5584,2003,15,348,30,Active,,,https://www.redfin.com/WA/Federal-Way/725-SW-361st-St-98023/home/360153,NWMLS as Distributed by MLS Grid,2231351,N,Y,47.2774685,-122.3456086
MLS Listing,,Single Family Residential,32238 11th Ave SW,Federal Way,WA,98023,689950,3,2.5,West Campus,1890,7671,1985,15,365,14,Active,,,https://www.redfin.com/WA/Federal-Way/32238-11th-Ave-SW-98023/home/358419,NWMLS as Distributed by MLS Grid,2231080,N,Y,47.3115767,-122.3483477
PAST SALE,December-15-1992,Single Family Residential,3204 SW 323rd St,Federal Way,WA,98023,645000,4,2.5,Twin Lakes,2450,8925,1968,16,263,37,Pending,,,https://www.redfin.com/WA/Federal-Way/3204-SW-323rd-St-98023/home/353975,NWMLS as Distributed by MLS Grid,2217699,N,Y,47.3124468,-122.3737531
PAST SALE,April-27-2016,Condo/Co-op,4601 SW 320th St Unit G-6,Federal Way,WA,98023,235000,2,1,Twin Lakes,809,,1977,20,290,433,Pending,,,https://www.redfin.com/WA/Federal-Way/4601-SW-320th-St-98023/unit-G-6/home/17082517,NWMLS as Distributed by MLS Grid,2204005,N,Y,47.3150728,-122.39152
PAST SALE,May-26-2017,Single Family Residential,314 SW 328th St,Federal Way,WA,98023,699990,3,3,West Campus,2320,7496,1979,20,302,,Pending,,,https://www.redfin.com/WA/Federal-Way/314-SW-328th-St-98023/home/359222,NWMLS as Distributed by MLS Grid,2227537,N,Y,47.308338,-122.3387936
MLS Listing,,Single Family Residential,30519 24th Ave SW,Federal Way,WA,98023,1100000,5,3.5,S Federal Way,4471,9627,2006,20,246,29,Active,,,https://www.redfin.com/WA/Federal-Way/30519-24th-Ave-SW-98023/home/2072582,NWMLS as Distributed by MLS Grid,2217733,N,Y,47.3279367,-122.36452
MLS Listing,,Condo/Co-op,33020 10th Ave SW Unit W302,Federal Way,WA,98023,299000,2,2,Federal Way,910,897600,1995,21,329,625,Active,,,https://www.redfin.com/WA/Federal-Way/33020-10th-Ave-SW-98023/unit-W302/home/68878,NWMLS as Distributed by MLS Grid,2225268,N,Y,47.3044891,-122.3454437
MLS Listing,,Single Family Residential,30561 5th Ave SW,Federal Way,WA,98023,499950,3,1,Buenna,820,9300,1960,22,610,,Active,,,https://www.redfin.com/WA/Federal-Way/30561-5th-Ave-SW-98023/home/352277,NWMLS as Distributed by MLS Grid,2228108,N,Y,47.3270153,-122.341232
PAST SALE,December-29-2004,Single Family Residential,30304 8th Ave SW,Federal Way,WA,98023,599950,3,1.5,Dash Point,1680,8400,1966,22,357,,Pending,,,https://www.redfin.com/WA/Federal-Way/30304-8th-Ave-SW-98023/home/351905,NWMLS as Distributed by MLS Grid,2219593,N,Y,47.330245,-122.344894
MLS Listing,,Vacant Land,3906 SW 296th St,Federal Way,WA,98023,360000,,,Redondo,,15300,,22,,,Active,,,https://www.redfin.com/WA/Federal-Way/3906-SW-296th-St-98023/home/180875839,NWMLS as Distributed by MLS Grid,2225943,N,Y,47.337029,-122.338248
PAST SALE,,Single Family Residential,509 SW 366th St #6,Federal Way,WA,98023,1289950,4,2.5,Federal Way,2850,17943,2024,28,453,,Pending,,,https://www.redfin.com/WA/Federal-Way/509-SW-366th-St-98023/unit-6/home/189106831,NWMLS as Distributed by MLS Grid,2189910,N,Y,47.2734681,-122.3415833
MLS Listing,,Condo/Co-op,33020 10th Ave SW Unit W204,Federal Way,WA,98023,310000,2,2,Federal Way,903,,1995,28,343,625,Active,,,https://www.redfin.com/WA/Federal-Way/33020-10th-Ave-SW-98023/unit-W204/home/34153,NWMLS as Distributed by MLS Grid,2224425,N,Y,47.3044891,-122.3454437
PAST SALE,August-29-2019,Single Family Residential,32921 47th Ave SW,Federal Way,WA,98023,725000,5,2.5,Dash Point,2150,9732,1997,31,337,21,Pending,,,https://www.redfin.com/WA/Federal-Way/32921-47th-Ave-SW-98023/home/348661,NWMLS as Distributed by MLS Grid,2217912,N,Y,47.3060074,-122.3923752
PAST SALE,October-7-2008,Single Family Residential,203 SW 324th Ct,Federal Way,WA,98023,625000,4,3,West Campus,2220,8596,1979,31,282,,Pending,,,https://www.redfin.com/WA/Federal-Way/203-SW-324th-Ct-98023/home/358640,NWMLS as Distributed by MLS Grid,2220505,N,Y,47.310762,-122.3372968
MLS Listing,,Single Family Residential,541 SW 366th St #1,Federal Way,WA,98023,1324950,4,2.5,Federal Way,2850,15262,2024,32,465,,Active,May-17-2024 11:00 AM,May-17-2024 03:00 PM,https://www.redfin.com/WA/Federal-Way/541-SW-366th-St-98023/unit-1/home/190511643,NWMLS as Distributed by MLS Grid,2223228,N,Y,47.2734784,-122.3419886
MLS Listing,,Single Family Residential,175 SW 359th Pl,Federal Way,WA,98023,1049500,4,3.5,S Federal Way,3265,7233,2019,34,321,25,Active,,,https://www.redfin.com/WA/Federal-Way/175-SW-359th-Pl-98023/home/168853550,NWMLS as Distributed by MLS Grid,2220463,N,Y,47.2792302,-122.3374292
MLS Listing,,Condo/Co-op,33020 10th Ave SW Unit E202,Federal Way,WA,98023,299900,2,2,Federal Way,954,,1995,35,314,671,Active,,,https://www.redfin.com/WA/Federal-Way/33020-10th-Ave-SW-98023/unit-E202/home/26514,NWMLS as Distributed by MLS Grid,2215605,N,Y,47.3044891,-122.3454437
MLS Listing,,Mobile/Manufactured Home,31813 21 street Ave SW #30,Federal Way,WA,98023,75000,2,1,Federal Way,840,,1978,36,89,,Active,May-30-2024 04:00 PM,May-30-2024 06:00 PM,https://www.redfin.com/WA/Federal-Way/31813-21st-Ave-SW-98023/unit-30/home/190462857,NWMLS as Distributed by MLS Grid,2221055,N,Y,47.3163654,-122.3634709
PAST SALE,,Single Family Residential,35834 1st Pl SW,Federal Way,WA,98023,1199999,5,3.5,S Federal Way,4160,8692,2019,40,288,25,Pending,,,https://www.redfin.com/WA/Federal-Way/35834-1st-Pl-SW-98023/home/166637087,NWMLS as Distributed by MLS Grid,2207553,N,Y,47.2799437,-122.3362656
MLS Listing,,Single Family Residential,30822 26th Ave SW,Federal Way,WA,98023,679000,3,2.5,Federal Way,2070,9583,1987,42,328,,Active,,,https://www.redfin.com/WA/Federal-Way/30822-26th-Ave-SW-98023/home/348938,NWMLS as Distributed by MLS Grid,2219118,N,Y,47.3252341,-122.3649524
MLS Listing,,Single Family Residential,31215 41st Pl SW,Federal Way,WA,98023,865000,5,2,Twin Lakes,3270,11000,1978,44,265,37,Active,,,https://www.redfin.com/WA/Federal-Way/31215-41st-Pl-SW-98023/home/356836,NWMLS as Distributed by MLS Grid,2213731,N,Y,47.3224827,-122.3849754
MLS Listing,,Condo/Co-op,33020 10th Ave SW Unit AA303,Federal Way,WA,98023,299900,2,2,Federal Way,912,,1995,44,329,625,Active,,,https://www.redfin.com/WA/Federal-Way/33020-10th-Ave-SW-98023/unit-AA303/home/2061863,NWMLS as Distributed by MLS Grid,2218020,N,Y,47.3044891,-122.3454437
PAST SALE,,Vacant Land,1259 SW 301 St,Federal Way,WA,98023,210000,,,Redondo,,20000,,47,,,Pending,,,https://www.redfin.com/WA/Federal-Way/1259-SW-301st-St-98023/home/113220867,NWMLS as Distributed by MLS Grid,2195762,N,Y,47.331605,-122.3530898
MLS Listing,,Condo/Co-op,33020 10th Ave SW Unit A-304,Federal Way,WA,98023,299999,2,2,Federal Way,960,,1995,48,312,671,Active,,,https://www.redfin.com/WA/Federal-Way/33020-10th-Ave-SW-98023/unit-A304/home/46569,NWMLS as Distributed by MLS Grid,2216841,N,Y,47.3044891,-122.3454437
MLS Listing,,Vacant Land,0 SW 296th St,Federal Way,WA,98023,575000,,,Adelaide,,18546,,49,,,Active,,,https://www.redfin.com/WA/Federal-Way/SW-296th-St-98023/home/190249233,NWMLS as Distributed by MLS Grid,2208217,N,Y,47.337077,-122.355171
MLS Listing,,Single Family Residential,713 SW 353rd Pl,Federal Way,WA,98023,775000,3,2.5,Federal Way,2510,8762,1996,49,309,22,Active,,,https://www.redfin.com/WA/Federal-Way/713-SW-353rd-Pl-98023/home/360895,NWMLS as Distributed by MLS Grid,2213588,N,Y,47.2850059,-122.3450389
MLS Listing,,Vacant Land,368 SW 1ST Way,Federal Way,WA,98023,375000,,,Federal Way,,39500,,50,,,Active,,,https://www.redfin.com/WA/Federal-Way/368-1st-Way-S-98023/home/190313858,NWMLS as Distributed by MLS Grid,2215747,N,Y,47.271377,-122.335865
PAST SALE,November-1-2018,Townhouse,33020 10th Ave SW Unit W203,Federal Way,WA,98023,289950,2,2,Federal Way,907,897600,1995,53,320,617,Pending,,,https://www.redfin.com/WA/Federal-Way/33020-10th-Ave-SW-98023/unit-W203/home/63791,NWMLS as Distributed by MLS Grid,2203348,N,Y,47.3044891,-122.3454437
MLS Listing,,Single Family Residential,415 SW 366th St #10,Federal Way,WA,98023,1325000,5,3,Federal Way,3219,15107,2024,57,412,,Active,May-17-2024 11:00 AM,May-17-2024 03:00 PM,https://www.redfin.com/WA/Federal-Way/415-SW-366th-St-98023/unit-10/home/184034219,NWMLS as Distributed by MLS Grid,2208027,N,Y,47.2734376,-122.3403929
MLS Listing,,Single Family Residential,33110 35th Ave SW,Federal Way,WA,98023,625000,3,2.5,Twin Lakes,2731,7400,1977,59,229,,Active,,,https://www.redfin.com/WA/Federal-Way/33110-35th-Ave-SW-98023/home/356961,NWMLS as Distributed by MLS Grid,2209794,N,Y,47.3049433,-122.3762141
MLS Listing,,Vacant Land,314 XX 50th Ave SW,Federal Way,WA,98023,69000,,,Dash Point,,9880,,62,,,Active,,,https://www.redfin.com/WA/Federal-Way/314-XX-50th-Ave-SW-98023/home/176035552,NWMLS as Distributed by MLS Grid,2210250,N,Y,47.323801,-122.395565
PAST SALE,,Vacant Land,2200 SW 320th St,Federal Way,WA,98023,899000,,,Federal Way,,87067,,70,,,Pending,,,https://www.redfin.com/WA/Federal-Way/2200-SW-320th-St-98023/home/52052637,NWMLS as Distributed by MLS Grid,2202064,N,Y,47.3149467,-122.3615965
MLS Listing,,Condo/Co-op,33020 10th Ave SW Unit S302,Federal Way,WA,98023,329999,2,2,Federal Way,904,,1995,76,365,641,Active,,,https://www.redfin.com/WA/Federal-Way/33020-10th-Ave-SW-98023/unit-S302/home/30201,NWMLS as Distributed by MLS Grid,2203445,N,Y,47.3044891,-122.3454437
MLS Listing,,Single Family Residential,29417 1st Ave S,Federal Way,WA,98023,1150000,3,2.5,Buenna,2900,13125,1977,77,397,,Active,,,https://www.redfin.com/WA/Federal-Way/29417-1st-Ave-S-98003/home/347835,NWMLS as Distributed by MLS Grid,2204966,N,Y,47.3381479,-122.3348267
MLS Listing,,Condo/Co-op,31837 48th Cir SW Unit 9A,Federal Way,WA,98023,600000,2,2,Dash Point,1740,,2001,78,345,445,Active,May-19-2024 11:00 AM,May-19-2024 02:00 PM,https://www.redfin.com/WA/Federal-Way/31837-48th-Cir-SW-98023/unit-9A/home/176003367,NWMLS as Distributed by MLS Grid,2204880,N,Y,47.3166599,-122.3946135
MLS Listing,,Single Family Residential,4811 SW 330th Ct,Federal Way,WA,98023,769000,4,2.5,Dash Point,2660,8785,1989,83,289,21,Active,,,https://www.redfin.com/WA/Federal-Way/4811-SW-330th-Ct-98023/home/348767,NWMLS as Distributed by MLS Grid,2202896,N,Y,47.3057136,-122.3938431
MLS Listing,,Single Family Residential,33322 42nd Ave SW,Federal Way,WA,98023,1120000,5,5.5,Federal Way,4650,7200,2008,85,241,42,Active,,,https://www.redfin.com/WA/Federal-Way/33322-42nd-Ave-SW-98023/home/18660733,NWMLS as Distributed by MLS Grid,2202055,N,Y,47.3025429,-122.3858291
MLS Listing,,Condo/Co-op,33020 10th Ave SW Unit F302,Federal Way,WA,98023,330000,2,2,West Campus,956,,1995,90,345,672,Active,,,https://www.redfin.com/WA/Federal-Way/33020-10th-Ave-SW-98023/unit-F302/home/2061833,NWMLS as Distributed by MLS Grid,2195692,N,Y,47.3044891,-122.3454437
MLS Listing,,Single Family Residential,425 SW 366th St #9,Federal Way,WA,98023,1249950,3,2.5,Federal Way,2647,15026,2024,92,472,,Active,May-17-2024 11:00 AM,May-17-2024 03:00 PM,https://www.redfin.com/WA/Federal-Way/425-SW-366th-St-98023/unit-9/home/184565285,NWMLS as Distributed by MLS Grid,2199900,N,Y,47.2734408,-122.3405195
MLS Listing,,Vacant Land,26 XX Dash Point Rd SW,Federal Way,WA,98023,149000,,,Federal Way,,94315,,94,,,Active,,,https://www.redfin.com/WA/Federal-Way/26-XX-SW-Dash-Point-Rd-98023/home/175095534,NWMLS as Distributed by MLS Grid,2197056,N,Y,47.325228,-122.367078
MLS Listing,,Single Family Residential,31907 36th Ave SW,Federal Way,WA,98023,729950,4,2.5,Twin Lakes,2570,8466,1976,97,284,38,Active,May-18-2024 12:00 PM,May-18-2024 03:00 PM,https://www.redfin.com/WA/Federal-Way/31907-36th-Ave-SW-98023/home/354831,NWMLS as Distributed by MLS Grid,2198588,N,Y,47.3158437,-122.3812818
MLS Listing,,Single Family Residential,4248 SW 323rd St,Federal Way,WA,98023,645000,4,2.5,Twin Lakes,2540,7800,1978,106,254,42,Active,,,https://www.redfin.com/WA/Federal-Way/4248-SW-323rd-St-98023/home/354585,NWMLS as Distributed by MLS Grid,2195467,N,Y,47.3126546,-122.3881167
MLS Listing,,Single Family Residential,37104 2nd Ave SW,Federal Way,WA,98023,1500000,3,3.5,Federal Way,4456,19000,2024,106,337,,Active,,,https://www.redfin.com/WA/Federal-Way/37104-2nd-Ave-SW-98023/home/189584712,NWMLS as Distributed by MLS Grid,2195308,N,Y,47.2693655,-122.3371493
MLS Listing,,Condo/Co-op,33020 10th Ave SW Unit S-304,Federal Way,WA,98023,299000,2,2,West Campus,909,,1995,112,329,641,Active,,,https://www.redfin.com/WA/Federal-Way/33020-10th-Ave-SW-98023/unit-S304/home/175740390,NWMLS as Distributed by MLS Grid,2194188,N,Y,47.3034131,-122.3470983
MLS Listing,,Vacant Land,37000 2nd Ave SW,Federal Way,WA,98023,88500,,,Federal Way,,24000,,132,,,Active,,,https://www.redfin.com/WA/Federal-Way/37000-2nd-Ave-SW-98023/home/186475049,NWMLS as Distributed by MLS Grid,2189269,N,Y,47.269379,-122.3371486
MLS Listing,,Single Family Residential,35402 SW 7th Ave SW,Federal Way,WA,98023,945000,5,2.5,Federal Way,3000,14700,1998,135,315,22,Active,,,https://www.redfin.com/WA/Federal-Way/35402-7th-Ave-SW-98023/home/360852,NWMLS as Distributed by MLS Grid,2186291,N,Y,47.284429,-122.3440231
MLS Listing,,Condo/Co-op,33020 10th Ave SW Unit F304,Federal Way,WA,98023,314990,2,2,West Campus,958,,1995,156,329,640,Active,,,https://www.redfin.com/WA/Federal-Way/33020-10th-Ave-SW-98023/unit-F304/home/2061528,NWMLS as Distributed by MLS Grid,2185045,N,Y,47.3044891,-122.3454437
PAST SALE,,Single Family Residential,427 SW 366th St #7,Federal Way,WA,98023,1199950,5,3,Federal Way,3267,17941,2024,159,367,,Pending,,,https://www.redfin.com/WA/Federal-Way/427-SW-366th-St-98023/unit-7/home/182594807,NWMLS as Distributed by MLS Grid,2174254,N,Y,47.2734414,-122.3405437
PAST SALE,March-4-2022,Single Family Residential,33010 39th Pl SW,Federal Way,WA,98023,609900,3,2.5,Federal Way,2190,8051,1989,171,278,,Pending,,,https://www.redfin.com/WA/Federal-Way/33010-39th-Pl-SW-98023/home/353247,NWMLS as Distributed by MLS Grid,2168025,N,Y,47.3058362,-122.3823281
MLS Listing,,Single Family Residential,926 SW 356th St,Federal Way,WA,98023,1000000,4,2.5,Federal Way,3050,88542,1957,192,328,,Active,,,https://www.redfin.com/WA/Federal-Way/926-SW-356th-St-98023/home/360097,NWMLS as Distributed by MLS Grid,2177814,N,Y,47.2826763,-122.3471345
MLS Listing,,Single Family Residential,537 SW 366th St #3,Federal Way,WA,98023,1199950,5,3,Federal Way,2908,18095,2024,205,413,,Active,May-17-2024 11:00 AM,May-17-2024 03:00 PM,https://www.redfin.com/WA/Federal-Way/537-SW-366th-St-98023/unit-3/home/184566390,NWMLS as Distributed by MLS Grid,2174465,N,Y,47.2734771,-122.341938
MLS Listing,,Single Family Residential,421 SW 366th St #8,Federal Way,WA,98023,1174950,4,2.5,Federal Way,2730,17912,2024,205,430,,Active,May-17-2024 11:00 AM,May-17-2024 03:00 PM,https://www.redfin.com/WA/Federal-Way/421-SW-366th-St-98023/unit-8/home/188167623,NWMLS as Distributed by MLS Grid,2174430,N,Y,47.2734395,-122.3404689
PAST SALE,June-22-2004,Vacant Land,1525 SW 341st Pl,Federal Way,WA,98023,1850000,,,Federal Way,,368516,,232,,,Pending,,,https://www.redfin.com/WA/Federal-Way/1525-SW-341st-Pl-98023/home/358128,NWMLS as Distributed by MLS Grid,2020557,N,Y,47.294554,-122.354212
MLS Listing,,Single Family Residential,29903 Marine View Dr SW,Federal Way,WA,98023,2500000,4,3,Marine View Park,2950,28314,1964,267,847,,Active,,,https://www.redfin.com/WA/Federal-Way/29903-Marine-View-Dr-SW-98023/home/348165,NWMLS as Distributed by MLS Grid,2145420,N,Y,47.337039,-122.355946
MLS Listing,,Vacant Land,307 YY 28th Ave SW,Federal Way,WA,98023,99999,,,Federal Way,,53143,,306,,,Active,,,https://www.redfin.com/WA/Federal-Way/307-YY-28th-Ave-SW-98023/home/185688969,NWMLS as Distributed by MLS Grid,2076437,N,Y,47.326584,-122.368303
MLS Listing,,Vacant Land,37 xxx 2nd Ave SW,Federal Way,WA,98023,110000,,,Federal Way,,6000,,314,,,Active,,,https://www.redfin.com/WA/Federal-Way/37-xxx-2nd-Ave-SW-98023/home/186035056,NWMLS as Distributed by MLS Grid,2135312,N,Y,47.267643,-122.337938
MLS Listing,,Vacant Land,0 1st Ave SW,Federal Way,WA,98023,165000,,,Dash Point,,33000,,319,,,Active,,,https://www.redfin.com/WA/Federal-Way/Unknown-Unknown/home/22588375,NWMLS as Distributed by MLS Grid,2055553,N,Y,47.269315,-122.33529
MLS Listing,,Vacant Land,3911 SW Dash Point Rd,Federal Way,WA,98023,395000,,,Dumas Bay,,98307,,349,,,Active,,,https://www.redfin.com/WA/Federal-Way/3911-SW-Dash-Point-Rd-98023/home/49671753,NWMLS as Distributed by MLS Grid,2076149,N,Y,47.3238748,-122.381475
PAST SALE,,Vacant Land,5101 SW 316th Pl,Federal Way,WA,98023,574900,,,Dash Point,,91476,,705,,,Pending,,,https://www.redfin.com/WA/Federal-Way/5101-SW-316th-Pl-98023/home/348205,NWMLS as Distributed by MLS Grid,1812884,N,Y,47.3194898,-122.3982465
PAST SALE,,Vacant Land,317 xx 51st Ave SW,Federal Way,WA,98023,285000,,,Dash Point,,91859,,748,,,Pending,,,https://www.redfin.com/WA/Federal-Way/317-xx-51st-Ave-SW-98023/home/175862961,NWMLS as Distributed by MLS Grid,1812201,N,Y,47.31698,-122.398407
MLS Listing,,Vacant Land,1900 SW 350th St,Federal Way,WA,98023,99950,,,Federal Way,,10023,,2389,,,Active,,,https://www.redfin.com/WA/Federal-Way/1900-SW-350th-St-98023/home/28635498,NWMLS as Distributed by MLS Grid,1183791,N,Y,47.2876433,-122.3584881
New Construction Plan,,Single Family Residential,2978 Plan,Federal Way,WA,98023,1169950,4,3,Federal Way,2978,,,119,393,,Active,,,https://www.redfin.com/WA/Federal-Way/Federal-Way/2978/home/189450783,Zillow,83017F9409CB,N,Y,47.2734771,-122.341938
New Construction Plan,,Single Family Residential,2908 Plan,Federal Way,WA,98023,1159950,5,3,Federal Way,2908,,,119,399,,Active,,,https://www.redfin.com/WA/Federal-Way/Federal-Way/2908/home/189450777,Zillow,954C6AE4047A,N,Y,47.2734771,-122.341938
New Construction Plan,,Single Family Residential,3297 Plan,Federal Way,WA,98023,1319950,5,3.5,Federal Way,3297,,,119,400,,Active,,,https://www.redfin.com/WA/Federal-Way/Federal-Way/3297/home/189450720,Zillow,5A8B31B0C7E4,N,Y,47.2734771,-122.341938
New Construction Plan,,Single Family Residential,3269 Plan,Federal Way,WA,98023,1224950,4,3,Federal Way,3269,,,119,375,,Active,,,https://www.redfin.com/WA/Federal-Way/Federal-Way/3269/home/189450697,Zillow,6EB76751C1D6,N,Y,47.2734771,-122.341938
New Construction Plan,,Single Family Residential,3267 Plan,Federal Way,WA,98023,1224950,5,3,Federal Way,3267,,,119,375,,Active,,,https://www.redfin.com/WA/Federal-Way/Federal-Way/3267/home/189450689,Zillow,32A1EF6D0EB4,N,Y,47.2734771,-122.341938
New Construction Plan,,Single Family Residential,3219 Plan,Federal Way,WA,98023,1209950,5,3,Federal Way,3219,,,119,376,,Active,,,https://www.redfin.com/WA/Federal-Way/Federal-Way/3219/home/189450665,Zillow,6AA53EBE447B,N,Y,47.2734771,-122.341938
New Construction Plan,,Single Family Residential,2730 Plan,Federal Way,WA,98023,1134950,4,2.5,Federal Way,2730,,,119,416,,Active,,,https://www.redfin.com/WA/Federal-Way/Federal-Way/2730/home/189450626,Zillow,F05507F7D188,N,Y,47.2734771,-122.341938
