SALE TYPE,SOLD DATE,PROPERTY TYPE,ADDRESS,CITY,STATE OR PROVINCE,ZIP OR POSTAL CODE,PRICE,BEDS,BATHS,LOCATION,SQUARE FEET,LOT SIZE,YEAR BUILT,DAYS ON MARKET,$/SQUARE FEET,HOA/MONTH,STATUS,NEXT OPEN HOUSE START TIME,NEXT OPEN HOUSE END TIME,URL (SEE https://www.redfin.com/buy-a-home/comparative-market-analysis FOR INFO ON PRICING),SOURCE,MLS#,FAVORITE,INTERESTED,LATITUDE,LONGITUDE
"In accordance with local MLS rules, some MLS listings are not included in the download",,,,,,,,,,,,,,,,,,,,,,,,,,
MLS Listing,,Single Family Residential,11610 NE 136th St,Kirkland,WA,98034,1345000,4,3,Kingsgate,2807,7350,1965,1,479,63,Active,May-18-2024 12:00 PM,May-18-2024 02:00 PM,https://www.redfin.com/WA/Kirkland/11610-NE-136th-St-98034/home/454127,NWMLS as Distributed by MLS Grid,2236678,N,Y,47.7222599,-122.1860834
PAST SALE,May-31-1995,Single Family Residential,10035 NE 141st St,Kirkland,WA,98034,1098000,4,2.5,Kirkland,1920,8325,1981,3,572,,Pending,,,https://www.redfin.com/WA/Kirkland/10035-NE-141st-St-98034/home/459089,NWMLS as Distributed by MLS Grid,2235268,N,Y,47.72701,-122.2059896
PAST SALE,June-18-2021,Single Family Residential,7222 NE 129th St,Kirkland,WA,98034,2297000,5,3,Finn Hill,3040,10754,2021,8,756,,Pending,,,https://www.redfin.com/WA/Kirkland/7222-NE-129th-St-98034/home/175039878,NWMLS as Distributed by MLS Grid,2226992,N,Y,47.7169038,-122.2447588
PAST SALE,August-8-2016,Single Family Residential,8020 NE 124th St,Kirkland,WA,98034,995000,3,2,Finn Hill,1820,9702,1968,11,547,,Pending,,,https://www.redfin.com/WA/Kirkland/8020-NE-124th-St-98034/home/275666,NWMLS as Distributed by MLS Grid,2222652,N,Y,47.7118898,-122.2341019
MLS Listing,,Condo/Co-op,11920 98th Ave NE #103,Kirkland,WA,98034,524995,2,2,Juanita,861,,2002,15,610,699,Active,,,https://www.redfin.com/WA/Kirkland/11920-98th-Ave-NE-98034/unit-103/home/48138,NWMLS as Distributed by MLS Grid,2230924,N,Y,47.7071147,-122.2097725
MLS Listing,,Single Family Residential,8329 NE Juanita Dr,Kirkland,WA,98034,1398000,1,1,Juanita,750,8551,1936,125,1864,,Active,,,https://www.redfin.com/WA/Kirkland/8329-NE-Juanita-Dr-98034/home/280070,NWMLS as Distributed by MLS Grid,2191042,N,Y,47.698711,-122.228948
PAST SALE,,Single Family Residential,7060 NE 137th St Unit A&B,Kirkland,WA,98034,1250000,4,2.5,Holmes Point,1820,9673,1962,1,687,,Pending,,,https://www.redfin.com/WA/Kirkland/7060-NE-137th-St-98034/unit-A-B/home/190486270,NWMLS as Distributed by MLS Grid,2234151,N,Y,47.7232341,-122.245669
MLS Listing,,Condo/Co-op,12504 NE 117th Pl Unit A7,Kirkland,WA,98034,459950,2,1,North Rose Hill,854,,1978,1,539,507,Active,May-18-2024 10:30 AM,May-18-2024 12:30 PM,https://www.redfin.com/WA/Kirkland/12504-NE-117th-Pl-98034/unit-A7/home/62989,NWMLS as Distributed by MLS Grid,2234027,N,Y,47.705572,-122.172982
MLS Listing,,Condo/Co-op,14014 Juanita Dr NE Unit C1,Kirkland,WA,98034,370500,2,1,Finn Hill,896,,1977,1,414,572,Active,May-18-2024 02:00 PM,May-18-2024 04:00 PM,https://www.redfin.com/WA/Kirkland/14014-Juanita-Dr-NE-98034/unit-C1/home/34651,NWMLS as Distributed by MLS Grid,2239255,N,Y,47.7265117,-122.2430081
MLS Listing,,Single Family Residential,13845 119th Ave NE,Kirkland,WA,98034,1198000,4,2.5,Kenmore,2700,9847,1966,1,444,63,Active,May-18-2024 11:00 AM,May-18-2024 01:30 PM,https://www.redfin.com/WA/Kirkland/13845-119th-Ave-NE-98034/home/453786,NWMLS as Distributed by MLS Grid,2237759,N,Y,47.7249284,-122.1821834
MLS Listing,,Single Family Residential,7816 NE 143rd St,Kirkland,WA,98034,947000,3,2,Finn Hill,1336,7200,1985,1,709,,Active,May-17-2024 05:00 PM,May-17-2024 07:00 PM,https://www.redfin.com/WA/Kirkland/7816-NE-143rd-St-98034/home/276857,NWMLS as Distributed by MLS Grid,2237061,N,Y,47.7317861,-122.2360058
MLS Listing,,Condo/Co-op,11801 100th Ave NE Unit B101,Kirkland,WA,98034,468000,2,1,Juanita,857,,1978,1,546,530,Active,May-18-2024 11:00 AM,May-18-2024 01:00 PM,https://www.redfin.com/WA/Kirkland/11801-100th-Ave-NE-98034/unit-B101/home/190814323,NWMLS as Distributed by MLS Grid,2237791,N,Y,47.7059248,-122.2083967
MLS Listing,,Single Family Residential,12820 95th Ave NE,Kirkland,WA,98034,988000,3,2,Juanita,1253,7965,1971,1,789,,Active,,,https://www.redfin.com/WA/Kirkland/12820-95th-Ave-NE-98034/home/279288,NWMLS as Distributed by MLS Grid,2237950,N,Y,47.7157032,-122.2144469
MLS Listing,,Single Family Residential,15010 122nd Pl NE,Kirkland,WA,98034,1078900,4,3,Kingsgate,1730,4485,1972,1,624,114,Active,May-18-2024 12:00 PM,May-18-2024 04:00 PM,https://www.redfin.com/WA/Kirkland/15010-122nd-Pl-NE-98034/home/454669,NWMLS as Distributed by MLS Grid,2237988,N,Y,47.7367944,-122.1784654
MLS Listing,,Single Family Residential,13220 125th Ave NE,Kirkland,WA,98034,1200000,3,2.5,Totem Lake,1590,7360,1970,1,755,,Active,,,https://www.redfin.com/WA/Kirkland/13220-125th-Ave-NE-98034/home/453416,NWMLS as Distributed by MLS Grid,2225597,N,Y,47.7192701,-122.1735112
MLS Listing,,Single Family Residential,9055 NE 131st Pl,Kirkland,WA,98034,1150000,4,2.5,Finn Hill,1875,22557,1969,1,613,,Active,May-18-2024 12:00 PM,May-18-2024 02:00 PM,https://www.redfin.com/WA/Kirkland/9055-NE-131st-Pl-98034/home/279580,NWMLS as Distributed by MLS Grid,2238241,N,Y,47.7176323,-122.2194893
MLS Listing,,Single Family Residential,12410 95th Pl NE,Kirkland,WA,98034,1050000,4,2,Juanita,2026,6630,1970,1,518,,Active,May-18-2024 11:00 AM,May-18-2024 01:00 PM,https://www.redfin.com/WA/Kirkland/12410-95th-Pl-NE-98034/home/277348,NWMLS as Distributed by MLS Grid,2237332,N,Y,47.7117632,-122.2134592
MLS Listing,,Townhouse,9612 NE 121st Ln,Kirkland,WA,98034,665000,2,1.5,Juanita,1165,1312,1983,1,571,560,Active,May-18-2024 01:00 PM,May-18-2024 04:00 PM,https://www.redfin.com/WA/Kirkland/9612-NE-121st-Ln-98034/home/277695,NWMLS as Distributed by MLS Grid,2237241,N,Y,47.70964,-122.2127754
MLS Listing,,Single Family Residential,12234 93rd Ave NE,Kirkland,WA,98034,1395000,4,2,Juanita,2410,13216,1929,1,579,,Active,May-18-2024 11:00 AM,May-18-2024 02:00 PM,https://www.redfin.com/WA/Kirkland/12234-93rd-Ave-NE-98034/home/281875,NWMLS as Distributed by MLS Grid,2236154,N,Y,47.7111241,-122.2175543
PAST SALE,July-21-2017,Single Family Residential,14223 81st Ave NE,Kirkland,WA,98034,849000,3,1,Finn Hill,1150,7200,1974,1,738,,Pending,,,https://www.redfin.com/WA/Kirkland/14223-81st-Ave-NE-98034/home/276755,NWMLS as Distributed by MLS Grid,2235414,N,Y,47.7309726,-122.2333893
PAST SALE,,Single Family Residential,7105 NE 119th Ln,Kirkland,WA,98034,3900000,4,3.5,Holmes Point,3957,6298,2024,1,986,175,Pending,,,https://www.redfin.com/WA/Kirkland/7105-NE-119th-Ln-98034/home/44657650,NWMLS as Distributed by MLS Grid,2236796,N,Y,47.7078418,-122.2482129
MLS Listing,,Single Family Residential,8730 NE 124th St,Kirkland,WA,98034,1295000,3,2,Finn Hill,1920,12707,1973,1,674,,Active,May-16-2024 04:30 PM,May-16-2024 06:30 PM,https://www.redfin.com/WA/Kirkland/8730-NE-124th-St-98034/home/277899,NWMLS as Distributed by MLS Grid,2238023,N,Y,47.7117024,-122.2245914
MLS Listing,,Single Family Residential,12218 83rd Pl NE,Kirkland,WA,98034,1450000,4,3,Finn Hill,2217,7000,1976,1,654,,Active,May-16-2024 05:00 PM,May-16-2024 07:00 PM,https://www.redfin.com/WA/Kirkland/12218-83rd-Pl-NE-98034/home/281078,NWMLS as Distributed by MLS Grid,2237764,N,Y,47.7101442,-122.2299729
MLS Listing,,Townhouse,13706 134th Ave NE,Kirkland,WA,98034,899000,3,2.5,Kingsgate,1370,2739,1981,1,656,25,Active,,,https://www.redfin.com/WA/Kirkland/13706-134th-Ave-NE-98034/home/513432,NWMLS as Distributed by MLS Grid,2238281,N,Y,47.7238596,-122.1610334
MLS Listing,,Single Family Residential,8428 NE 123rd Pl,Kirkland,WA,98034,1950000,5,3.5,Finn Hill,3522,4268,2011,1,554,50,Active,May-17-2024 03:30 PM,May-17-2024 07:00 PM,https://www.redfin.com/WA/Kirkland/8428-NE-123rd-Pl-98034/home/22495121,NWMLS as Distributed by MLS Grid,2237699,N,Y,47.7112934,-122.2287328
MLS Listing,,Townhouse,14434 101st Pl NE,Kirkland,WA,98034,899000,3,2.5,North Juanita,1260,5762,1983,1,713,50,Active,May-18-2024 11:00 AM,May-18-2024 01:00 PM,https://www.redfin.com/WA/Kirkland/14434-101st-Pl-NE-98034/home/458512,NWMLS as Distributed by MLS Grid,2229437,N,Y,47.7318943,-122.2064339
MLS Listing,,Condo/Co-op,11903 NE 128th St #609,Kirkland,WA,98034,667000,1,1,Totem Lake,687,,2022,1,971,696,Active,May-18-2024 02:30 PM,May-18-2024 04:30 PM,https://www.redfin.com/WA/Kirkland/11903-NE-128th-St-98034/unit-609/home/179577645,NWMLS as Distributed by MLS Grid,2234324,N,Y,47.7147455,-122.1819524
MLS Listing,,Single Family Residential,13024 132nd Ave NE,Kirkland,WA,98034,1494000,3,2.5,Totem Lake,1820,4623,2024,1,821,25,Active,,,https://www.redfin.com/WA/Kirkland/13024-132nd-Ave-NE-98034/home/190503218,NWMLS as Distributed by MLS Grid,2237948,N,Y,47.7171003,-122.1637462
PAST SALE,July-29-2021,Single Family Residential,14167 91st Ct NE,Kirkland,WA,98034,1249999,4,3,Finn Hill,1840,6926,1976,2,679,,Pending,,,https://www.redfin.com/WA/Kirkland/14167-91st-Ct-NE-98034/home/277104,NWMLS as Distributed by MLS Grid,2227187,N,Y,47.728846,-122.219657
PAST SALE,April-3-2020,Condo/Co-op,12611 109th Ct NE Unit J201,Kirkland,WA,98034,495000,2,2,Juanita,938,,1991,2,528,522,Pending,,,https://www.redfin.com/WA/Kirkland/12611-109th-Ct-NE-98034/unit-J201/home/5643,NWMLS as Distributed by MLS Grid,2228781,N,Y,47.711501,-122.196329
PAST SALE,,Single Family Residential,11531 Holmes Point Dr NE,Kirkland,WA,98034,3000000,4,2.5,Holmes Point,2340,26405,1953,2,1282,,Pending,,,https://www.redfin.com/WA/Kirkland/11531-Holmes-Point-Dr-NE-98034/home/282082,NWMLS as Distributed by MLS Grid,2234958,N,Y,47.7037528,-122.2440465
PAST SALE,May-6-2024,Single Family Residential,12724 83rd Ct NE,Kirkland,WA,98034,995000,3,2.5,Finn Hill,1260,10890,1983,2,790,,Pending,,,https://www.redfin.com/WA/Kirkland/12724-83rd-Ct-NE-98034/home/275113,NWMLS as Distributed by MLS Grid,2219649,N,Y,47.7147495,-122.2304535
PAST SALE,July-16-2018,Single Family Residential,8749 NE 140th St,Kirkland,WA,98034,1049900,3,2,Kirkland,1560,7412,1969,2,673,,Pending,,,https://www.redfin.com/WA/Kirkland/8749-NE-140th-St-98034/home/278136,NWMLS as Distributed by MLS Grid,2230328,N,Y,47.7260976,-122.2227149
MLS Listing,,Single Family Residential,7800 NE 144th St,Kirkland,WA,98034,990000,4,2,Finn Hill,1720,7214,1971,2,576,,Active,May-18-2024 01:00 PM,May-18-2024 04:00 PM,https://www.redfin.com/WA/Kirkland/7800-NE-144th-St-98034/home/276036,NWMLS as Distributed by MLS Grid,2233990,N,Y,47.732773,-122.237159
PAST SALE,,Single Family Residential,13012 132nd Ave NE,Kirkland,WA,98034,1575000,3,2.5,Totem Lake,1820,3863,2024,3,865,25,Pending,,,https://www.redfin.com/WA/Kirkland/13012-132nd-Ave-NE-98034/home/190568203,NWMLS as Distributed by MLS Grid,2226734,N,Y,47.7170513,-122.1637452
PAST SALE,March-1-2017,Townhouse,10201 NE 129th Ln,Kirkland,WA,98034,699950,2,2,Juanita,1000,1950,1986,3,700,116,Pending,,,https://www.redfin.com/WA/Kirkland/10201-NE-129th-Ln-98034/home/456617,NWMLS as Distributed by MLS Grid,2235693,N,Y,47.7162654,-122.2056669
PAST SALE,July-6-2020,Single Family Residential,12703 NE 142nd Ct,Kirkland,WA,98034,1088000,3,2.5,Kingsgate,1480,9900,1969,3,735,46,Pending,,,https://www.redfin.com/WA/Kirkland/12703-NE-142nd-Ct-98034/home/453414,NWMLS as Distributed by MLS Grid,2231224,N,Y,47.7290626,-122.1709373
MLS Listing,,Vacant Land,1 xx Champagne Point Rd NE,Kirkland,WA,98034,888000,,,Holmes Point,,34800,,3,,,Active,,,https://www.redfin.com/WA/Kirkland/1-xx-Champagne-Point-Rd-NE-98034/home/190766414,NWMLS as Distributed by MLS Grid,2233710,N,Y,47.702901,-122.242802
PAST SALE,December-1-1978,Single Family Residential,12800 NE 135th St,Kirkland,WA,98034,990000,3,2.5,Kingsgate,1470,6800,1976,4,673,,Pending,,,https://www.redfin.com/WA/Kirkland/12800-NE-135th-St-98034/home/455298,NWMLS as Distributed by MLS Grid,2219669,N,Y,47.7217683,-122.1697753
PAST SALE,,Single Family Residential,14118 77th Ave NE,Kirkland,WA,98034,975000,3,2.5,Finn Hill,1770,7800,1974,4,551,,Pending,,,https://www.redfin.com/WA/Kirkland/14118-77th-Ave-NE-98034/home/274720,NWMLS as Distributed by MLS Grid,2226331,N,Y,47.7285922,-122.2382559
PAST SALE,March-7-2014,Single Family Residential,11151 Champagne Point Rd NE,Kirkland,WA,98034,1750000,4,3,Juanita,2630,7760,1987,4,665,,Pending,,,https://www.redfin.com/WA/Kirkland/11151-Champagne-Point-Rd-NE-98034/home/281791,NWMLS as Distributed by MLS Grid,2232771,N,Y,47.7015888,-122.2423414
PAST SALE,May-31-2018,Single Family Residential,8726 NE 139th St,Kirkland,WA,98034,1150000,3,2,Finn Hill,1416,8094,1967,4,812,,Pending,,,https://www.redfin.com/WA/Kirkland/8726-NE-139th-St-98034/home/278251,NWMLS as Distributed by MLS Grid,2231549,N,Y,47.7258462,-122.2236585
PAST SALE,April-21-1999,Single Family Residential,10150 NE 144th Pl,Kirkland,WA,98034,1025000,4,2.5,North Juanita,1810,8750,1976,4,566,,Pending,,,https://www.redfin.com/WA/Kirkland/10150-NE-144th-Pl-98034/home/458551,NWMLS as Distributed by MLS Grid,2233236,N,Y,47.732722,-122.204864
PAST SALE,December-8-2023,Condo/Co-op,10009 NE 120th Ln Unit B202,Kirkland,WA,98034,408000,1,1,Juanita,832,334976,1986,4,490,397,Pending,,,https://www.redfin.com/WA/Kirkland/10009-NE-120th-Ln-98034/unit-B202/home/2117567,NWMLS as Distributed by MLS Grid,2224287,N,Y,47.7089925,-122.2069956
PAST SALE,,Townhouse,12814 103rd Pl NE,Kirkland,WA,98034,760000,2,2.5,North Juanita,1180,1449,1986,4,644,116,Pending,,,https://www.redfin.com/WA/Kirkland/12814-103rd-Pl-NE-98034/home/458761,NWMLS as Distributed by MLS Grid,2225763,N,Y,47.7150938,-122.2030953
PAST SALE,July-1-2019,Single Family Residential,14229 111th Ave NE,Kirkland,WA,98034,950000,3,2,Juanita,1280,7100,1975,4,742,,Pending,,,https://www.redfin.com/WA/Kirkland/14229-111th-Ave-NE-98034/home/457323,NWMLS as Distributed by MLS Grid,2227691,N,Y,47.7293934,-122.1938781
PAST SALE,,Single Family Residential,12716 82nd Ave NE #6,Kirkland,WA,98034,1398000,3,2.5,Finn Hill,1855,2484,2024,5,754,53,Pending,,,https://www.redfin.com/WA/Kirkland/12716-82nd-Ave-NE-98034/unit-6/home/190609407,NWMLS as Distributed by MLS Grid,2231325,N,Y,47.7146556,-122.2317399
PAST SALE,December-19-2011,Single Family Residential,13026 111th Pl NE,Kirkland,WA,98034,1250000,5,3,Juanita,2280,6771,1972,5,548,,Pending,,,https://www.redfin.com/WA/Kirkland/13026-111th-Pl-NE-98034/home/458229,NWMLS as Distributed by MLS Grid,2233580,N,Y,47.7173896,-122.1919645
PAST SALE,,Single Family Residential,7101 NE 119th Ln,Kirkland,WA,98034,3900000,4,3.5,Holmes Point,3914,6294,2024,5,996,175,Pending,,,https://www.redfin.com/WA/Kirkland/7101-NE-119th-Ln-98034/home/22226885,NWMLS as Distributed by MLS Grid,2233670,N,Y,47.7079717,-122.2482757
PAST SALE,December-5-1985,Single Family Residential,14020 82nd Pl NE,Kirkland,WA,98034,1075000,3,2.5,Finn Hill,1800,6579,1986,5,597,,Pending,,,https://www.redfin.com/WA/Kirkland/14020-82nd-Pl-NE-98034/home/274473,NWMLS as Distributed by MLS Grid,2233593,N,Y,47.7275474,-122.231074
PAST SALE,March-14-2018,Single Family Residential,7826 NE 125th St,Kirkland,WA,98034,1929000,5,3,Finn Hill,3060,5499,2017,5,630,85,Pending,,,https://www.redfin.com/WA/Kirkland/7826-NE-125th-St-98034/home/143457618,NWMLS as Distributed by MLS Grid,2231107,N,Y,47.7125994,-122.2364847
PAST SALE,May-18-2022,Condo/Co-op,12020 100th Ave NE Unit M103,Kirkland,WA,98034,499950,2,1,Juanita,1009,,1986,5,495,484,Pending,,,https://www.redfin.com/WA/Kirkland/12020-100th-Ave-NE-98034/unit-M103/home/2117604,NWMLS as Distributed by MLS Grid,2205940,N,Y,47.7082816,-122.2073746
PAST SALE,November-3-2017,Condo/Co-op,14331 124th Ave NE Unit C25,Kirkland,WA,98034,425000,2,2,Kingsgate,931,,1979,5,456,409,Pending,,,https://www.redfin.com/WA/Kirkland/14331-124th-Ave-NE-98034/unit-C-25/home/143993015,NWMLS as Distributed by MLS Grid,2209249,N,Y,47.7307787,-122.1763818
PAST SALE,June-16-2009,Single Family Residential,13431 121st Ave NE,Kirkland,WA,98034,1100000,3,2,Totem Lake,1446,8254,1968,5,761,,Pending,,,https://www.redfin.com/WA/Kirkland/13431-121st-Ave-NE-98034/home/452850,NWMLS as Distributed by MLS Grid,2231293,N,Y,47.7214128,-122.1792588
PAST SALE,,Single Family Residential,7919 NE 131st St,Kirkland,WA,98034,979000,4,3,Finn Hill,1860,9903,1974,5,526,,Pending,,,https://www.redfin.com/WA/Kirkland/7919-NE-131st-St-98034/home/274650,NWMLS as Distributed by MLS Grid,2226654,N,Y,47.717843,-122.2357708
PAST SALE,December-2-2015,Single Family Residential,14125 108th Ave NE,Kirkland,WA,98034,1200000,4,3,Kirkland,2190,7350,1969,5,548,,Pending,,,https://www.redfin.com/WA/Kirkland/14125-108th-Ave-NE-98034/home/457024,NWMLS as Distributed by MLS Grid,2229405,N,Y,47.728445,-122.1973776
PAST SALE,September-30-2005,Single Family Residential,8827 NE 137th Pl,Kirkland,WA,98034,950000,3,2,Finn Hill,1220,8867,1968,5,779,,Pending,,,https://www.redfin.com/WA/Kirkland/8827-NE-137th-Pl-98034/home/278803,NWMLS as Distributed by MLS Grid,2232005,N,Y,47.7234856,-122.2229687
PAST SALE,February-27-1998,Single Family Residential,8010 NE 140th Pl,Kirkland,WA,98034,1300000,4,3,Finn Hill,2360,8085,1980,6,551,,Pending,,,https://www.redfin.com/WA/Kirkland/8010-NE-140th-Pl-98034/home/274859,NWMLS as Distributed by MLS Grid,2230297,N,Y,47.727302,-122.233944
PAST SALE,April-30-2018,Single Family Residential,13203 129th Pl NE,Kirkland,WA,98034,960000,4,3,Kingsgate,1820,7050,1973,6,527,,Pending,,,https://www.redfin.com/WA/Kirkland/13203-129th-Pl-NE-98034/home/453082,NWMLS as Distributed by MLS Grid,2224490,N,Y,47.7188131,-122.1682644
PAST SALE,March-13-1998,Condo/Co-op,9727 NE Juanita Dr #411,Kirkland,WA,98034,1449000,2,2,Juanita,1748,,1982,6,829,1093,Pending,,,https://www.redfin.com/WA/Kirkland/9727-NE-Juanita-Dr-98034/unit-411/home/28434,NWMLS as Distributed by MLS Grid,2229468,N,Y,47.7035947,-122.2126873
PAST SALE,April-30-2020,Single Family Residential,13205 111th Ave NE,Kirkland,WA,98034,1899000,4,2.5,Juanita,2370,5277,2020,6,801,,Pending,,,https://www.redfin.com/WA/Kirkland/13205-111th-Ave-NE-98034/home/171116057,NWMLS as Distributed by MLS Grid,2233908,N,Y,47.7186824,-122.194267
PAST SALE,March-4-2024,Single Family Residential,12353 105th Pl NE,Kirkland,WA,98034,1049800,3,3,Juanita,1660,10537,1971,6,632,,Pending,,,https://www.redfin.com/WA/Kirkland/12353-105th-Pl-NE-98034/home/456482,NWMLS as Distributed by MLS Grid,2227887,N,Y,47.7096735,-122.2008682
PAST SALE,April-15-2011,Single Family Residential,8185 NE Juanita Dr,Kirkland,WA,98034,2195000,2,3,Juanita,2910,13839,1936,6,754,,Pending,,,https://www.redfin.com/WA/Kirkland/8185-NE-Juanita-Dr-98034/home/281637,NWMLS as Distributed by MLS Grid,2227247,N,Y,47.69853,-122.233049
PAST SALE,,Single Family Residential,8233 NE 124th St,Kirkland,WA,98034,1890000,4,4,Finn Hill,2988,6709,2024,6,633,,Pending,,,https://www.redfin.com/WA/Kirkland/8233-NE-124th-St-98034/home/190594085,NWMLS as Distributed by MLS Grid,2227287,N,Y,47.7114426,-122.2306033
PAST SALE,December-28-2005,Condo/Co-op,12607 100th Ln NE Unit L254,Kirkland,WA,98034,499995,2,2,Juanita,989,,1987,6,506,509,Pending,,,https://www.redfin.com/WA/Kirkland/12607-100th-Ln-NE-98034/unit-L254/home/2116139,NWMLS as Distributed by MLS Grid,2236372,N,Y,47.7141092,-122.2082895
PAST SALE,November-22-2017,Single Family Residential,8324 NE 143rd St,Kirkland,WA,98034,1099000,4,3,Finn Hill,1680,8460,1969,6,654,,Pending,,,https://www.redfin.com/WA/Kirkland/8324-NE-143rd-St-98034/home/275408,NWMLS as Distributed by MLS Grid,2215966,N,Y,47.73041,-122.229995
PAST SALE,June-22-2022,Single Family Residential,12201 NE 134th St,Kirkland,WA,98034,2998000,5,4.5,Totem Lake,4432,9290,2024,6,676,,Pending,,,https://www.redfin.com/WA/Kirkland/12201-NE-134th-St-98034/home/453689,NWMLS as Distributed by MLS Grid,2224541,N,Y,47.7208282,-122.1777044
PAST SALE,March-3-1992,Single Family Residential,13807 128th Ave NE,Kirkland,WA,98034,974950,3,3,Kingsgate,1950,7800,1974,7,500,,Pending,,,https://www.redfin.com/WA/Kirkland/13807-128th-Ave-NE-98034/home/455276,NWMLS as Distributed by MLS Grid,2217648,N,Y,47.7240941,-122.1696013
PAST SALE,April-10-2015,Single Family Residential,14240 92nd Ave NE,Kirkland,WA,98034,1124000,4,3,Finn Hill,2256,7336,1977,7,498,,Pending,,,https://www.redfin.com/WA/Kirkland/14240-92nd-Ave-NE-98034/home/278541,NWMLS as Distributed by MLS Grid,2215429,N,Y,47.729728,-122.218724
PAST SALE,September-18-2020,Townhouse,"7825 NE 121st Ln Unit C, 7",Kirkland,WA,98034,1395000,4,3.5,Juanita,2107,1300,2020,7,662,365,Pending,,,https://www.redfin.com/WA/Kirkland/7825-NE-121st-Ln-98034/unit-C-7/home/171508465,NWMLS as Distributed by MLS Grid,2214167,N,Y,47.7089367,-122.2359993
PAST SALE,June-8-2010,Single Family Residential,13008 132nd Ave NE,Kirkland,WA,98034,1325000,4,3,Totem Lake,2180,10690,1947,7,608,,Pending,,,https://www.redfin.com/WA/Kirkland/13008-132nd-Ave-NE-98034/home/512860,NWMLS as Distributed by MLS Grid,2226674,N,Y,47.7168362,-122.1637658
PAST SALE,August-1-2006,Single Family Residential,7703 NE 142nd Ct,Kirkland,WA,98034,898000,4,2,Finn Hill,1540,7875,1971,7,583,,Pending,,,https://www.redfin.com/WA/Kirkland/7703-NE-142nd-Ct-98034/home/275218,NWMLS as Distributed by MLS Grid,2230081,N,Y,47.730651,-122.237817
PAST SALE,October-29-1993,Single Family Residential,14412 83rd Pl NE,Kirkland,WA,98034,950000,3,1.5,Finn Hill,1290,10125,1967,7,736,,Pending,,,https://www.redfin.com/WA/Kirkland/14412-83rd-Pl-NE-98034/home/275617,NWMLS as Distributed by MLS Grid,2227805,N,Y,47.732301,-122.2295881
PAST SALE,August-31-2007,Townhouse,12733 NE 132nd St Unit C9,Kirkland,WA,98034,618000,2,2,Totem Lake,952,,1987,7,649,520,Pending,,,https://www.redfin.com/WA/Kirkland/12733-NE-132nd-St-98034/unit-C9/home/27061,NWMLS as Distributed by MLS Grid,2234005,N,Y,47.7178679,-122.1702371
MLS Listing,,Vacant Land,11043 Champagne Point Rd NE,Kirkland,WA,98034,3000000,,,Juanita,,10422,,7,,,Active,,,https://www.redfin.com/WA/Kirkland/11043-Champagne-Point-Rd-NE-98034/home/281055,NWMLS as Distributed by MLS Grid,2235883,N,Y,47.7014892,-122.2442752
MLS Listing,,Single Family Residential,12721 79th Ct NE,Kirkland,WA,98034,1350000,4,3,Kirkland,2384,11845,1979,7,566,,Active,May-18-2024 11:00 AM,May-18-2024 02:00 PM,https://www.redfin.com/WA/Kirkland/12721-79th-Ct-NE-98034/home/275667,NWMLS as Distributed by MLS Grid,2221271,N,Y,47.7149168,-122.2359349
MLS Listing,,Condo/Co-op,12044 96th Ave NE #221,Kirkland,WA,98034,490000,2,1.5,Juanita,1024,133158,1982,7,479,752,Active,,,https://www.redfin.com/WA/Kirkland/12044-96th-Ave-NE-98034/unit-221/home/7510,NWMLS as Distributed by MLS Grid,2235634,N,Y,47.7088837,-122.2120993
MLS Listing,,Single Family Residential,8710 NE 144th Ct,Kirkland,WA,98034,1450000,4,2.5,Finn Hill,2160,7828,1991,7,671,17,Active,May-18-2024 01:00 PM,May-18-2024 04:00 PM,https://www.redfin.com/WA/Kirkland/8710-NE-144th-Ct-98034/home/279145,NWMLS as Distributed by MLS Grid,2232344,N,Y,47.7326774,-122.2267432
MLS Listing,,Single Family Residential,12014 76th Ave NE,Kirkland,WA,98034,1575000,5,2.5,Holmes Point,3374,20946,1976,7,467,,Active,,,https://www.redfin.com/WA/Kirkland/12014-76th-Ave-NE-98034/home/281817,NWMLS as Distributed by MLS Grid,2235556,N,Y,47.7085749,-122.2394731
MLS Listing,,Condo/Co-op,9206 NE Juanita Dr Unit C-7,Kirkland,WA,98034,425000,1,1,Juanita,719,,1978,7,591,438,Active,May-19-2024 12:00 PM,May-19-2024 02:00 PM,https://www.redfin.com/WA/Kirkland/9206-Juanita-Dr-NE-98034/unit-C-7/home/190730508,NWMLS as Distributed by MLS Grid,2235163,N,Y,47.7055719,-122.2183125
PAST SALE,August-9-2015,Single Family Residential,13419 NE 135 St,Kirkland,WA,98034,1175000,3,2.5,Kingsgate,1520,5858,1989,8,773,31,Pending,,,https://www.redfin.com/WA/Kirkland/13419-NE-135th-St-98034/home/511579,NWMLS as Distributed by MLS Grid,2230262,N,Y,47.7214946,-122.1610637
PAST SALE,September-30-2016,Single Family Residential,9754 NE 125th Pl,Kirkland,WA,98034,980000,2,1.5,Juanita,1310,7490,1969,8,748,,Pending,,,https://www.redfin.com/WA/Kirkland/9754-NE-125th-Pl-98034/home/277795,NWMLS as Distributed by MLS Grid,2231951,N,Y,47.7129843,-122.2128684
MLS Listing,,Single Family Residential,8230 NE 115th Pl,Kirkland,WA,98034,2100000,3,2.5,Juanita,2610,10021,1977,8,805,,Active,,,https://www.redfin.com/WA/Kirkland/8230-NE-115th-Pl-98034/home/280298,NWMLS as Distributed by MLS Grid,2234010,N,Y,47.7041658,-122.2312689
MLS Listing,,Single Family Residential,8010 NE 126th St,Kirkland,WA,98034,1550000,3,3.5,Finn Hill,2850,8392,2008,8,544,,Active,,,https://www.redfin.com/WA/Kirkland/8010-NE-126th-St-98034/home/21884424,NWMLS as Distributed by MLS Grid,2233144,N,Y,47.7136226,-122.2345905
MLS Listing,,Condo/Co-op,14510 124th Ave NE Unit H79,Kirkland,WA,98034,329950,2,1,Kingsgate,923,,1979,8,357,503,Active,,,https://www.redfin.com/WA/Kirkland/14510-124th-Ave-NE-98034/unit-H79/home/190720956,NWMLS as Distributed by MLS Grid,2233466,N,Y,47.7334469,-122.1751594
PAST SALE,March-23-2021,Single Family Residential,9706 NE 136th St,Kirkland,WA,98034,1148000,4,3,Finn Hill,1690,8711,1977,9,679,,Pending,,,https://www.redfin.com/WA/Kirkland/9706-NE-136th-St-98034/home/279834,NWMLS as Distributed by MLS Grid,2224360,N,Y,47.7222335,-122.2116561
PAST SALE,December-28-2017,Townhouse,14113 74th Ct NE #2,Kirkland,WA,98034,945000,3,3.5,Juanita,1525,,2017,9,620,150,Pending,,,https://www.redfin.com/WA/Kirkland/14113-74th-Ct-NE-98034/unit-2/home/113995012,NWMLS as Distributed by MLS Grid,2221254,N,Y,47.7281978,-122.2417469
MLS Listing,,Condo/Co-op,9201 NE Juanita Dr #404,Kirkland,WA,98034,1295000,2,2,Juanita,1376,,1976,9,941,979,Active,,,https://www.redfin.com/WA/Kirkland/9201-NE-Juanita-Dr-98034/unit-404/home/37619,NWMLS as Distributed by MLS Grid,2233709,N,Y,47.705201,-122.218163
MLS Listing,,Condo/Co-op,12611 109th Ct NE Unit J-101,Kirkland,WA,98034,515000,2,2,Juanita,938,,1991,9,549,522,Active,,,https://www.redfin.com/WA/Kirkland/12611-109th-Ct-NE-98034/unit-J101/home/5638,NWMLS as Distributed by MLS Grid,2233650,N,Y,47.711501,-122.196329
MLS Listing,,Condo/Co-op,14018 Juanita Dr NE Unit C6,Kirkland,WA,98034,345000,1,1,Inglewood/Inglemoor,675,,1977,9,511,475,Active,May-18-2024 02:00 PM,May-18-2024 04:00 PM,https://www.redfin.com/WA/Kirkland/14018-Juanita-Dr-NE-98034/unit-C6/home/29353,NWMLS as Distributed by MLS Grid,2228948,N,Y,47.7267578,-122.2431444
MLS Listing,,Single Family Residential,12714 82nd Ave NE #5,Kirkland,WA,98034,1375000,3,2.5,Finn Hill,1855,2484,2024,9,741,53,Active,May-18-2024 12:00 AM,May-18-2024 11:59 PM,https://www.redfin.com/WA/Kirkland/12714-82nd-Ave-NE-98034/unit-5/home/190710397,NWMLS as Distributed by MLS Grid,2233823,N,Y,47.714642,-122.2317401
MLS Listing,,Single Family Residential,12118 NE 150 St,Kirkland,WA,98034,1150000,4,2,Kingsgate,1510,6014,1972,9,762,114,Active,,,https://www.redfin.com/WA/Kirkland/12118-NE-150th-St-98034/home/455128,NWMLS as Distributed by MLS Grid,2234028,N,Y,47.7366938,-122.1800214
PAST SALE,October-28-2002,Single Family Residential,12937 63rd Ave NE,Kirkland,WA,98034,2098000,4,4,Holmes Point,3614,9450,1962,10,581,,Pending,,,https://www.redfin.com/WA/Kirkland/12937-63rd-Ave-NE-98034/home/279964,NWMLS as Distributed by MLS Grid,2227375,N,Y,47.7157796,-122.2559148
PAST SALE,November-24-2014,Single Family Residential,11825 89th Pl NE,Kirkland,WA,98034,1625000,4,2.5,Juanita,2350,2970,2008,10,691,,Pending,,,https://www.redfin.com/WA/Kirkland/11825-89th-Pl-NE-98034/home/18664041,NWMLS as Distributed by MLS Grid,2215587,N,Y,47.7063895,-122.2237648
PAST SALE,,Condo/Co-op,12525 NE 145th Pl Unit F112,Kirkland,WA,98034,299000,2,1,Kingsgate,845,,1979,12,354,482,Pending,,,https://www.redfin.com/WA/Kirkland/12525-NE-145th-Pl-98034/unit-F112/home/190557200,NWMLS as Distributed by MLS Grid,2225822,N,Y,47.7336884,-122.1733865
PAST SALE,August-10-2018,Single Family Residential,14407 107th Pl NE,Kirkland,WA,98034,1388888,5,2.5,Kirkland,2420,7660,1973,13,574,,Pending,,,https://www.redfin.com/WA/Kirkland/14407-107th-Pl-NE-98034/home/457786,NWMLS as Distributed by MLS Grid,2227410,N,Y,47.7314552,-122.1979759
MLS Listing,,Condo/Co-op,11913 93rd Ln NE #302,Kirkland,WA,98034,395000,1,1,Juanita,943,,1981,13,419,364,Active,,,https://www.redfin.com/WA/Kirkland/11913-93rd-Ln-NE-98034/unit-302/home/190679774,NWMLS as Distributed by MLS Grid,2230421,N,Y,47.7073185,-122.2174447
MLS Listing,,Single Family Residential,7223 NE 118th Ct,Kirkland,WA,98034,2899000,5,4,Holmes Point,4060,10543,2021,13,714,,Active,,,https://www.redfin.com/WA/Kirkland/7223-NE-118th-Ct-98034/home/168849863,NWMLS as Distributed by MLS Grid,2232532,N,Y,47.7065904,-122.2441554
MLS Listing,,Single Family Residential,12534 Holmes Point Dr NE,Kirkland,WA,98034,2500000,4,3,Holmes Point,3130,18038,1975,14,799,,Active,May-19-2024 01:00 PM,May-19-2024 04:00 PM,https://www.redfin.com/WA/Kirkland/12534-Holmes-Point-Dr-NE-98034/home/280179,NWMLS as Distributed by MLS Grid,2231512,N,Y,47.7132933,-122.2550264
MLS Listing,,Condo/Co-op,12525 NE 145th Pl Unit F106,Kirkland,WA,98034,439950,2,1,Kingsgate,923,,1979,14,477,482,Active,,,https://www.redfin.com/WA/Kirkland/12525-NE-145th-Pl-98034/unit-F106/home/63992,NWMLS as Distributed by MLS Grid,2231879,N,Y,47.7336884,-122.1733865
MLS Listing,,Condo/Co-op,9927 NE 144th Ln #806,Kirkland,WA,98034,550000,3,2,Juanita,1218,,1980,16,452,460,Active,May-18-2024 02:00 PM,May-18-2024 04:00 PM,https://www.redfin.com/WA/Kirkland/9927-NE-144th-Ln-98034/unit-806/home/19313,NWMLS as Distributed by MLS Grid,2226194,N,Y,47.7314921,-122.2090547
MLS Listing,,Condo/Co-op,9826 NE 122nd St Unit T102,Kirkland,WA,98034,395000,1,1,Juanita,825,,1986,17,479,407,Active,,,https://www.redfin.com/WA/Kirkland/9826-NE-122nd-St-98034/unit-T102/home/2117635,NWMLS as Distributed by MLS Grid,2230069,N,Y,47.7100835,-122.20957
PAST SALE,,Condo/Co-op,11107 NE 125th Ln Unit F222,Kirkland,WA,98034,545000,2,2,Totem Lake,960,,1985,17,568,605,Pending,,,https://www.redfin.com/WA/Kirkland/11107-NE-125th-Ln-98034/unit-F222/home/12168758,NWMLS as Distributed by MLS Grid,2214340,N,Y,47.7123564,-122.1927298
MLS Listing,,Vacant Land,0 Holmes Point Dr NE,Kirkland,WA,98034,300000,,,Finn Hill,,4223,,19,,,Active,,,https://www.redfin.com/WA/Kirkland/Holmes-Point-Dr-NE-98034/home/144439054,NWMLS as Distributed by MLS Grid,2228653,N,Y,47.72368,-122.253047
MLS Listing,,Single Family Residential,13630 135th Ave NE,Kirkland,WA,98034,859950,2,2,Kingsgate,1260,5000,1981,19,683,25,Active,May-18-2024 04:00 PM,May-18-2024 06:00 PM,https://www.redfin.com/WA/Kirkland/13630-135th-Ave-NE-98034/home/512406,NWMLS as Distributed by MLS Grid,2222232,N,Y,47.7231575,-122.1594502
MLS Listing,,Single Family Residential,12422 NE 137th Pl,Kirkland,WA,98034,1150000,4,3,Kingsgate,1820,7420,1972,20,632,,Active,May-17-2024 04:00 PM,May-17-2024 06:00 PM,https://www.redfin.com/WA/Kirkland/12422-NE-137th-Pl-98034/home/455787,NWMLS as Distributed by MLS Grid,2224779,N,Y,47.7236363,-122.1742116
PAST SALE,,Condo/Co-op,14517 127th Ln NE Unit N-49,Kirkland,WA,98034,300000,1,1,Kingsgate,640,,1979,22,469,358,Pending,,,https://www.redfin.com/WA/Kirkland/14517-127th-Ln-NE-98034/unit-N-49/home/190323427,NWMLS as Distributed by MLS Grid,2216059,N,Y,47.7336792,-122.1702855
PAST SALE,July-19-2023,Condo/Co-op,12728 NE 144th St Unit F102,Kirkland,WA,98034,475000,2,1,Kingsgate,935,,1983,23,508,380,Pending,,,https://www.redfin.com/WA/Kirkland/12728-NE-144th-St-98034/unit-F102/home/55143,NWMLS as Distributed by MLS Grid,2222446,N,Y,47.7312622,-122.169981
MLS Listing,,Condo/Co-op,11508 NE 128th St #14,Kirkland,WA,98034,399000,1,1,Totem Lake,741,,1978,24,538,480,Active,,,https://www.redfin.com/WA/Kirkland/11508-NE-128th-St-98034/unit-14/home/146295624,NWMLS as Distributed by MLS Grid,2226237,N,Y,47.7150636,-122.1868753
PAST SALE,,Single Family Residential,6420 NE 129th Pl,Kirkland,WA,98034,1825000,4,2.5,Holmes Point,4097,36524,1959,26,445,,Pending,,,https://www.redfin.com/WA/Kirkland/6420-NE-129th-Pl-98034/home/282024,NWMLS as Distributed by MLS Grid,2215079,N,Y,47.7162358,-122.2528929
MLS Listing,,Condo/Co-op,12023 NE 100th Ave NE Unit 6B,Kirkland,WA,98034,334950,1,1,Juanita,662,,1977,26,506,346,Active,,,https://www.redfin.com/WA/Kirkland/12023-100th-Ave-NE-98034/unit-6B/home/17281,NWMLS as Distributed by MLS Grid,2220803,N,Y,47.7082353,-122.2090391
MLS Listing,,Condo/Co-op,12021 100th Ave NE Unit 3B,Kirkland,WA,98034,425000,2,1,Juanita,963,,1977,28,441,444,Active,,,https://www.redfin.com/WA/Kirkland/12021-100th-Ave-NE-98034/unit-3B/home/190541826,NWMLS as Distributed by MLS Grid,2223162,N,Y,47.7082327,-122.208854
MLS Listing,,Condo/Co-op,11811 93rd Ln NE #302,Kirkland,WA,98034,437000,1,1,Juanita,966,,1981,34,452,420,Active,,,https://www.redfin.com/WA/Kirkland/11811-93rd-Ln-NE-98034/unit-302/home/2663,NWMLS as Distributed by MLS Grid,2205167,N,Y,47.7066975,-122.2172036
MLS Listing,,Condo/Co-op,12229 100th Ave NE Unit A111,Kirkland,WA,98034,369000,1,1,Juanita,655,40214,1984,35,563,403,Active,,,https://www.redfin.com/WA/Kirkland/12229-100th-Ave-NE-98034/unit-A111/home/14284,NWMLS as Distributed by MLS Grid,2221669,N,Y,47.7104433,-122.2082644
MLS Listing,,Condo/Co-op,11903 128th St NE #201,Kirkland,WA,98034,728000,1,1,Totem Lake,803,,2022,35,907,819,Active,,,https://www.redfin.com/WA/Kirkland/11903-NE-128th-St-98034/unit-201/home/179577554,NWMLS as Distributed by MLS Grid,2221855,N,Y,47.7147455,-122.1819524
MLS Listing,,Condo/Co-op,11644 100th Ave NE #308,Kirkland,WA,98034,610000,2,2,Juanita,1135,,1978,36,537,687,Active,,,https://www.redfin.com/WA/Kirkland/11644-100th-Ave-NE-98034/unit-308/home/35790,NWMLS as Distributed by MLS Grid,2208114,N,Y,47.7053702,-122.2076882
PAST SALE,June-29-2007,Condo/Co-op,12513 NE 130th Way Unit C-201,Kirkland,WA,98034,360000,1,1,Totem Lake,711,,1978,38,506,397,Pending,,,https://www.redfin.com/WA/Kirkland/12513-NE-130th-Way-98034/unit-C201/home/72517,NWMLS as Distributed by MLS Grid,2205403,N,Y,47.7174632,-122.1731917
MLS Listing,,Townhouse,11510 NE 128th St #1,Kirkland,WA,98034,479995,2,1,Juanita,1026,,1978,43,468,606,Active,,,https://www.redfin.com/WA/Kirkland/11510-NE-128th-St-98034/unit-1/home/1124,NWMLS as Distributed by MLS Grid,2217816,N,Y,47.7150501,-122.1871896
MLS Listing,,Single Family Residential,7112 NE 119th Ln,Kirkland,WA,98034,3990000,4,3.5,Holmes Point,4480,7441,2024,50,891,150,Active,,,https://www.redfin.com/WA/Kirkland/7112-NE-119th-Ln-98034/home/44657652,NWMLS as Distributed by MLS Grid,2211956,N,Y,47.707846,-122.247814
MLS Listing,,Condo/Co-op,9807 NE 124th St #207,Kirkland,WA,98034,435000,2,2,Juanita,937,,1975,61,464,665,Active,,,https://www.redfin.com/WA/Kirkland/9807-NE-124th-St-98034/unit-207/home/26828234,NWMLS as Distributed by MLS Grid,2200161,N,Y,47.7104161,-122.2109325
MLS Listing,,Single Family Residential,8164 NE 117th Pl,Kirkland,WA,98034,1950000,4,3,Finn Hill,3106,5511,2012,63,628,63,Active,May-18-2024 12:00 PM,May-18-2024 02:00 PM,https://www.redfin.com/WA/Kirkland/8164-NE-117th-Pl-98034/home/28581497,NWMLS as Distributed by MLS Grid,2206570,N,Y,47.70601,-122.2330336
MLS Listing,,Single Family Residential,8301 NE Juanita Dr,Kirkland,WA,98034,6000000,4,4.5,Juanita,3430,9386,1992,63,1749,,Active,,,https://www.redfin.com/WA/Kirkland/8301-NE-Juanita-Dr-98034/home/281213,NWMLS as Distributed by MLS Grid,2206921,N,Y,47.697615,-122.228966
PAST SALE,May-21-2019,Single Family Residential,13830 NE 137th St,Kirkland,WA,98034,1730000,3,3,Kirkland,2260,149695,1961,67,765,,Pending,,,https://www.redfin.com/WA/Kirkland/13830-NE-137th-St-98034/home/513525,NWMLS as Distributed by MLS Grid,2206145,N,Y,47.7233804,-122.1547667
MLS Listing,,Vacant Land,13720 Holmes Point Dr,Kirkland,WA,98034,449000,,,Holmes Point,,54098,,68,,,Active,,,https://www.redfin.com/WA/Kirkland/13720-Holmes-Point-Dr-NE-98034/home/22685645,NWMLS as Distributed by MLS Grid,2185726,N,Y,47.7235398,-122.2513518
PAST SALE,,Single Family Residential,7109 NE 119th Ln,Kirkland,WA,98034,3900000,4,3.5,Holmes Point,3968,6294,2024,70,983,150,Pending,,,https://www.redfin.com/WA/Kirkland/7109-NE-119th-Ln-98034/home/44657653,NWMLS as Distributed by MLS Grid,2202676,N,Y,47.7076144,-122.248164
MLS Listing,,Condo/Co-op,10013 NE 123rd St Unit F/A,Kirkland,WA,98034,489999,2,1,Kirkland,872,199360,1977,72,562,455,Active,,,https://www.redfin.com/WA/Kirkland/10013-NE-123rd-St-98034/unit-F-A/home/160476137,NWMLS as Distributed by MLS Grid,2206468,N,Y,47.7101365,-122.206445
MLS Listing,,Condo/Co-op,11903 NE 128TH St #314,Kirkland,WA,98034,1095000,3,2,Totem Lake,1167,,2022,84,938,1247,Active,,,https://www.redfin.com/WA/Kirkland/11903-NE-128th-St-98034/unit-314/home/179577585,NWMLS as Distributed by MLS Grid,2201665,N,Y,47.7147455,-122.1819524
MLS Listing,,Townhouse,9039 NE Juanita Dr #304,Kirkland,WA,98034,888000,2,2,Kirkland,1211,23569,1986,112,733,907,Active,,,https://www.redfin.com/WA/Kirkland/9039-NE-Juanita-Dr-98034/unit-304/home/50708,NWMLS as Distributed by MLS Grid,2194373,N,Y,47.704397,-122.219881
MLS Listing,,Single Family Residential,10929 NE 133rd St #3,Kirkland,WA,98034,1375000,3,2.5,Juanita,1684,12129,2024,117,817,67,Active,,,https://www.redfin.com/WA/Kirkland/10929-NE-133rd-St-98034/unit-3/home/190747175,NWMLS as Distributed by MLS Grid,2192003,N,Y,47.7193753,-122.194738
MLS Listing,,Single Family Residential,12930 Juanita Dr NE,Kirkland,WA,98034,949500,2,2,Juanita,1199,4905,2023,117,792,19,Active,,,https://www.redfin.com/WA/Kirkland/12930-Juanita-Dr-NE-98034/home/186199772,NWMLS as Distributed by MLS Grid,2191117,N,Y,47.7175693,-122.2369042
MLS Listing,,Single Family Residential,11626 91st Ln NE,Kirkland,WA,98034,1600000,2,1,Kirkland,1070,7200,1944,120,1495,,Active,,,https://www.redfin.com/WA/Kirkland/11626-91st-Ln-NE-98034/home/280696,NWMLS as Distributed by MLS Grid,2191761,N,Y,47.706171,-122.2192875
MLS Listing,,Condo/Co-op,11917 93rd Ln NE #203,Kirkland,WA,98034,499000,2,1.5,Kirkland,895,,1981,191,558,354,Active,,,https://www.redfin.com/WA/Kirkland/11917-93rd-Ln-NE-98034/unit-203/home/4551,NWMLS as Distributed by MLS Grid,2175937,N,Y,47.7075483,-122.2175672
MLS Listing,,Single Family Residential,13331 Holmes Point Dr NE,Kirkland,WA,98034,2780000,4,4.5,Holmes Point,4450,8263,2023,197,625,,Active,,,https://www.redfin.com/WA/Kirkland/13331-Holmes-Point-Dr-NE-98034/home/145530514,NWMLS as Distributed by MLS Grid,2175238,N,Y,47.720936,-122.2592236
MLS Listing,,Vacant Land,13750 97TH Ave NE,Kirkland,WA,98034,330000,,,Finn Hill,,51836,,224,,,Active,,,https://www.redfin.com/WA/Kirkland/13750-97th-Ave-NE-98034/home/22643948,NWMLS as Distributed by MLS Grid,2164534,N,Y,47.7237549,-122.2116896
For-Sale-by-Owner Listing,,Condo/Co-op,11615 127th Ln NE,Kirkland,WA,98034,639000,3,2,North Rose Hill,1156,,1980,1,553,,Active,,,https://www.redfin.com/WA/Kirkland/11615-127th-Ln-NE-98034/home/37954,FSBO.com,539497,N,Y,47.7042385,-122.172658
For-Sale-by-Owner Listing,,Condo/Co-op,12520 NE 145th St Apt E35,Kirkland,WA,98034,375000,2,1,Kirkland,923,,1970,228,406,,Active,,,https://www.redfin.com/WA/Kirkland/12520-NE-145th-St-98034/unit-E35/home/187784600,Fizber.com,11501405,N,Y,47.7332097,-122.173756
