SALE TYPE,SOLD DATE,PROPERTY TYPE,ADDRESS,CITY,STATE OR PROVINCE,ZIP OR POSTAL CODE,PRICE,BEDS,BATHS,LOCATION,SQUARE FEET,LOT SIZE,YEAR BUILT,DAYS ON MARKET,$/SQUARE FEET,HOA/MONTH,STATUS,NEXT OPEN HOUSE START TIME,NEXT OPEN HOUSE END TIME,URL (SEE https://www.redfin.com/buy-a-home/comparative-market-analysis FOR INFO ON PRICING),SOURCE,MLS#,FAVORITE,INTERESTED,LATITUDE,LONGITUDE
"In accordance with local MLS rules, some MLS listings are not included in the download",,,,,,,,,,,,,,,,,,,,,,,,,,
PAST SALE,October-26-2016,Single Family Residential,2901 NE 8th Pl,Renton,WA,98056,679950,3,2,Highlands,1420,8925,1959,2,479,,Pending,,,https://www.redfin.com/WA/Renton/2901-NE-8th-Pl-98056/home/242131,NWMLS as Distributed by MLS Grid,2234047,N,Y,47.4956376,-122.1801853
PAST SALE,March-13-2020,Single Family Residential,2409 Kennewick Ave NE,Renton,WA,98056,999950,4,2,Kennydale,2030,7222,1996,3,493,21,Pending,,,https://www.redfin.com/WA/Renton/2409-Kennewick-Ave-NE-98056/home/411302,NWMLS as Distributed by MLS Grid,2225695,N,Y,47.5136547,-122.195136
MLS Listing,,Single Family Residential,11605 SE May Creek Park Dr,Newcastle,WA,98056,899950,4,1.5,Newcastle,2110,12514,1958,7,427,,Active,,,https://www.redfin.com/WA/Newcastle/11605-SE-May-Creek-Park-Dr-98056/home/417561,NWMLS as Distributed by MLS Grid,2230066,N,Y,47.52375176,-122.1852437
PAST SALE,,Single Family Residential,11411 SE 88th St #4,Newcastle,WA,98056,1999950,5,4,Newcastle,3542,10808,2024,93,565,,Pending,,,https://www.redfin.com/WA/Newcastle/11411-SE-88th-St-98056/unit-4/home/189726387,NWMLS as Distributed by MLS Grid,2198064,N,Y,47.5236554,-122.188009
MLS Listing,,Condo/Co-op,1800 NE 40th St Unit D102,Renton,WA,98056,515000,2,2,Renton,1204,,1999,1,428,521,Active,,,https://www.redfin.com/WA/Renton/1800-NE-40th-St-98056/unit-D102/home/30106,NWMLS as Distributed by MLS Grid,2239346,N,Y,47.527758,-122.1940829
MLS Listing,,Single Family Residential,3301 NE 11th Pl,Renton,WA,98056,725000,3,2,Highlands,1670,6804,1958,1,434,,Active,May-18-2024 12:00 PM,May-18-2024 03:00 PM,https://www.redfin.com/WA/Renton/3301-NE-11th-Pl-98056/home/241984,NWMLS as Distributed by MLS Grid,2235649,N,Y,47.5016968,-122.1750112
MLS Listing,,Single Family Residential,1029 Newport Ct NE,Renton,WA,98056,875000,4,3,Highlands,2490,9194,1978,1,351,,Active,,,https://www.redfin.com/WA/Renton/1029-Newport-Ct-NE-98056/home/242723,NWMLS as Distributed by MLS Grid,2238953,N,Y,47.4987815,-122.1746465
MLS Listing,,Single Family Residential,2516 Monroe Ct NE,Renton,WA,98056,1199999,3,2.5,Honey Creek,2490,9521,1998,1,482,97,Active,May-17-2024 03:00 PM,May-17-2024 06:00 PM,https://www.redfin.com/WA/Renton/2516-Monroe-Ct-NE-98056/home/412014,NWMLS as Distributed by MLS Grid,2238455,N,Y,47.5141806,-122.1755528
MLS Listing,,Single Family Residential,407 Grandey Way NE,Renton,WA,98056,870000,5,3.5,Windsor Hills,3500,13680,1943,1,249,,Active,May-18-2024 11:00 AM,May-18-2024 01:00 PM,https://www.redfin.com/WA/Renton/407-Grandey-Way-NE-98056/home/242985,NWMLS as Distributed by MLS Grid,2237158,N,Y,47.4887408,-122.1921133
MLS Listing,,Single Family Residential,3433 NE 17th Pl,Renton,WA,98056,850000,4,2,Honey Creek,1650,9674,1959,1,515,,Active,May-18-2024 11:00 AM,May-18-2024 02:00 PM,https://www.redfin.com/WA/Renton/3433-NE-17th-Pl-98056/home/410011,NWMLS as Distributed by MLS Grid,2237829,N,Y,47.5071072,-122.1729973
MLS Listing,,Single Family Residential,1606 Kennewick Ave NE,Renton,WA,98056,998000,4,3,Kennydale,2210,7284,1974,1,452,,Active,May-18-2024 10:00 AM,May-18-2024 12:00 PM,https://www.redfin.com/WA/Renton/1606-Kennewick-Ave-NE-98056/home/410808,NWMLS as Distributed by MLS Grid,2224169,N,Y,47.5067137,-122.1944029
PAST SALE,January-5-2021,Single Family Residential,1202 N 29th St,Renton,WA,98056,775000,3,1.5,Lower Kennydale,1120,8100,1918,2,692,,Pending,,,https://www.redfin.com/WA/Renton/1202-N-29th-St-98056/home/409045,NWMLS as Distributed by MLS Grid,2234649,N,Y,47.5178574,-122.2031058
PAST SALE,August-20-2015,Single Family Residential,570 Olympia Ave NE,Renton,WA,98056,710000,3,2.5,Renton,1630,9450,1986,2,436,,Pending,,,https://www.redfin.com/WA/Renton/570-Olympia-Ave-NE-98056/home/242112,NWMLS as Distributed by MLS Grid,2223439,N,Y,47.4916637,-122.1716278
PAST SALE,August-20-2004,Multi-Family (2-4 Unit),619 Index Ave NE,Renton,WA,98056,635000,5,3,Highlands,1820,10890,1943,2,349,,Pending,,,https://www.redfin.com/WA/Renton/619-Index-Ave-NE-98056/home/241791,NWMLS as Distributed by MLS Grid,2230436,N,Y,47.4923986,-122.1807933
PAST SALE,,Single Family Residential,11388 SE 82nd St,Newcastle,WA,98056,2374950,5,4.5,Newcastle,4042,10562,2024,2,588,40,Pending,,,https://www.redfin.com/WA/Newcastle/11388-SE-82nd-St-98056/home/190029506,NWMLS as Distributed by MLS Grid,2206830,N,Y,47.5292581,-122.1887104
MLS Listing,,Single Family Residential,9260 123rd Dr SE,Newcastle,WA,98056,2249990,4,4,Newcastle,3801,7511,2024,2,592,236,Active,May-19-2024 01:00 AM,May-19-2024 04:00 AM,https://www.redfin.com/WA/Newcastle/9260-123rd-Dr-SE-98056/home/189773508,NWMLS as Distributed by MLS Grid,2237474,N,Y,47.5205076,-122.1762116
PAST SALE,December-13-1995,Single Family Residential,1115 N 35th St,Renton,WA,98056,1299950,4,2.5,Lower Kennydale,2320,6480,1991,3,560,,Pending,,,https://www.redfin.com/WA/Renton/1115-N-35th-St-98056/home/408055,NWMLS as Distributed by MLS Grid,2227968,N,Y,47.5225881,-122.2034052
PAST SALE,July-8-2009,Single Family Residential,11313 SE 79th Pl,Newcastle,WA,98056,1650000,6,2.5,Newcastle,3472,7189,2007,3,475,,Pending,,,https://www.redfin.com/WA/Newcastle/11313-SE-79th-Pl-98056/home/18660328,NWMLS as Distributed by MLS Grid,2232334,N,Y,47.5315828,-122.1890195
PAST SALE,October-15-1992,Multi-Family (2-4 Unit),1217 Jefferson Ave NE,Renton,WA,98056,700000,4,1.5,Highlands,1500,13520,1943,3,467,,Pending,,,https://www.redfin.com/WA/Renton/1217-Jefferson-Ave-NE-98056/home/412095,NWMLS as Distributed by MLS Grid,2236447,N,Y,47.5037301,-122.1799218
PAST SALE,,Condo/Co-op,4005 NE 3rd Pl Unit 3E,Renton,WA,98056,740000,2,2,Highlands,1588,8392,2010,3,466,716,Pending,,,https://www.redfin.com/WA/Renton/4005-NE-3rd-Pl-98056/unit-3E/home/39904487,NWMLS as Distributed by MLS Grid,2218879,N,Y,47.4873017,-122.1646318
PAST SALE,September-6-2015,Single Family Residential,8407 121st Pl SE,Newcastle,WA,98056,1799000,4,2.5,Newcastle,2790,6201,2015,3,645,27,Pending,,,https://www.redfin.com/WA/Newcastle/8407-121st-Pl-SE-98056/home/79025949,NWMLS as Distributed by MLS Grid,2233028,N,Y,47.5264709,-122.1788339
PAST SALE,,Single Family Residential,1115 N 28th Pl,Renton,WA,98056,1099000,4,2.5,Lower Kennydale,1850,8400,2008,3,594,,Pending,,,https://www.redfin.com/WA/Renton/1115-N-28th-Pl-98056/home/408516,NWMLS as Distributed by MLS Grid,2225165,N,Y,47.5167514,-122.2037734
PAST SALE,August-10-2018,Single Family Residential,2215 NE 10th St,Renton,WA,98056,760000,4,2.5,Highlands,2423,10868,1966,3,314,,Pending,,,https://www.redfin.com/WA/Renton/2215-NE-10th-St-98056/home/242481,NWMLS as Distributed by MLS Grid,2235283,N,Y,47.4988901,-122.1888662
MLS Listing,,Vacant Land,120 XX SE 81st Ln,Newcastle,WA,98056,389000,,,Newcastle,,102366,,3,,,Active,,,https://www.redfin.com/WA/Newcastle/120-XX-SE-81st-St-98056/home/190764580,NWMLS as Distributed by MLS Grid,2236793,N,Y,47.529678,-122.178912
PAST SALE,,Single Family Residential,8652 120th Pl SE,Newcastle,WA,98056,1757700,4,4.5,Newcastle,3437,5000,2023,4,511,155,Pending,,,https://www.redfin.com/WA/Newcastle/8652-120th-Pl-SE-98056/home/183996407,NWMLS as Distributed by MLS Grid,2140238,N,Y,47.5257,-122.1761
PAST SALE,June-25-2019,Townhouse,7525 129th Pl SE Unit E103,Newcastle,WA,98056,785000,3,3,Newcastle,1391,,2012,4,564,473,Pending,,,https://www.redfin.com/WA/Newcastle/7525-129th-Pl-SE-98056/unit-E103/home/52428586,NWMLS as Distributed by MLS Grid,2221945,N,Y,47.5348822,-122.1678972
PAST SALE,,Single Family Residential,1910 NE Redmond Ave NE,Renton,WA,98056,645000,3,3,Renton,1900,12941,1959,4,339,,Pending,,,https://www.redfin.com/WA/Renton/1910-Redmond-Ave-NE-98056/home/411419,NWMLS as Distributed by MLS Grid,2233104,N,Y,47.5090019,-122.1683119
PAST SALE,April-29-2005,Single Family Residential,2911 SE 3rd Ct,Renton,WA,98056,710000,3,2.5,Liberty Ridge,2160,4071,2004,4,329,51,Pending,,,https://www.redfin.com/WA/Renton/2911-SE-3rd-Ct-98056/home/2089167,NWMLS as Distributed by MLS Grid,2229562,N,Y,47.4802946,-122.1786406
PAST SALE,June-1-2007,Single Family Residential,104 Glennwood Pl SE,Renton,WA,98056,799950,3,2.5,Liberty Ridge,1680,4500,2002,4,476,57,Pending,,,https://www.redfin.com/WA/Renton/104-Glennwood-Pl-SE-98056/home/246717,NWMLS as Distributed by MLS Grid,2223433,N,Y,47.482841,-122.1812676
PAST SALE,July-7-2017,Single Family Residential,2621 NE 24th St,Renton,WA,98056,959950,4,3,Kennydale,1870,7221,1966,4,513,,Pending,,,https://www.redfin.com/WA/Renton/2621-NE-24th-St-98056/home/412633,NWMLS as Distributed by MLS Grid,2233775,N,Y,47.5130134,-122.1837031
PAST SALE,April-26-2024,Single Family Residential,3924 Park Ave N,Renton,WA,98056,1050000,2,1,Kennydale,1690,9850,1927,4,621,,Pending,,,https://www.redfin.com/WA/Renton/3924-Park-Ave-N-98056/home/408348,NWMLS as Distributed by MLS Grid,2221876,N,Y,47.5270801,-122.2013357
PAST SALE,,Single Family Residential,8946 121st Ave SE,Newcastle,WA,98056,750000,3,1,Newcastle,1750,10720,1963,4,429,,Pending,,,https://www.redfin.com/WA/Newcastle/8946-121st-Ave-SE-98056/home/413320,NWMLS as Distributed by MLS Grid,2218524,N,Y,47.521734,-122.1793046
PAST SALE,,Single Family Residential,8625 120th Pl SE,Newcastle,WA,98056,1797700,5,3,Newcastle,3115,5257,2023,4,577,155,Pending,,,https://www.redfin.com/WA/Newcastle/8625-120th-Pl-SE-98056/home/183996408,NWMLS as Distributed by MLS Grid,2140246,N,Y,47.5257,-122.1761
PAST SALE,January-17-1978,Single Family Residential,7007 116th Ave SE,Newcastle,WA,98056,1050000,2,1,Newcastle,1070,29700,1951,4,981,,Pending,,,https://www.redfin.com/WA/Newcastle/7007-116th-Ave-SE-98056/home/415637,NWMLS as Distributed by MLS Grid,2215658,N,Y,47.5400963,-122.1861435
PAST SALE,,Single Family Residential,8582 121st Pl SE,Newcastle,WA,98056,1822250,5,3.5,Newcastle,3694,6216,2023,4,493,155,Pending,,,https://www.redfin.com/WA/Newcastle/8582-121st-Pl-SE-98056/home/183996374,NWMLS as Distributed by MLS Grid,2073864,N,Y,47.5257,-122.1761
PAST SALE,,Single Family Residential,2108 Queen Ave NE,Renton,WA,98056,750000,3,2,Highlands,1650,10227,1958,5,455,,Pending,,,https://www.redfin.com/WA/Renton/2108-Queen-Ave-NE-98056/home/411611,NWMLS as Distributed by MLS Grid,2232646,N,Y,47.510641,-122.169555
PAST SALE,,Single Family Residential,2525 Edmonds Ave NE,Renton,WA,98056,590000,3,1,Kennydale,1060,8015,1968,5,557,,Pending,,,https://www.redfin.com/WA/Renton/2525-Edmonds-Ave-NE-98056/home/411491,NWMLS as Distributed by MLS Grid,2227989,N,Y,47.5146325,-122.1867079
PAST SALE,,Single Family Residential,8608 121st Pl SE,Newcastle,WA,98056,1908950,5,3.5,Newcastle,3901,8304,2023,5,489,155,Pending,,,https://www.redfin.com/WA/Newcastle/8608-121st-Pl-SE-98056/home/183996378,NWMLS as Distributed by MLS Grid,2153324,N,Y,47.5257,-122.1761
PAST SALE,,Single Family Residential,9242 123rd Dr SE,Newcastle,WA,98056,2299990,5,5.5,Newcastle,4083,8562,2024,5,563,236,Pending,,,https://www.redfin.com/WA/Newcastle/9242-123rd-Dr-SE-98056/home/189680006,NWMLS as Distributed by MLS Grid,2198538,N,Y,47.5205076,-122.1762116
PAST SALE,April-30-1998,Single Family Residential,6936 115th Pl SE,Newcastle,WA,98056,1360000,4,2.5,Newcastle,2460,7750,1992,5,553,42,Pending,,,https://www.redfin.com/WA/Newcastle/6936-115th-Pl-SE-98056/home/417346,NWMLS as Distributed by MLS Grid,2225557,N,Y,47.5407976,-122.1860519
PAST SALE,October-18-2023,Single Family Residential,12631 SE 75th Pl,Newcastle,WA,98056,1499000,4,4,Newcastle,2820,9294,1976,5,532,,Pending,,,https://www.redfin.com/WA/Newcastle/12631-SE-75th-Pl-98056/home/416288,NWMLS as Distributed by MLS Grid,2231856,N,Y,47.534001,-122.1706761
MLS Listing,,Condo/Co-op,975 Aberdeen Ave NE Unit F107,Renton,WA,98056,335000,2,1,Highlands,776,,1990,6,432,450,Active,,,https://www.redfin.com/WA/Renton/975-Aberdeen-Ave-NE-98056/unit-F107/home/62012,NWMLS as Distributed by MLS Grid,2235003,N,Y,47.4997283,-122.1914414
PAST SALE,,Vacant Land,2900 NE 5th Pl,Renton,WA,98056,350000,,,Highlands,,5682,,7,,,Pending,,,https://www.redfin.com/WA/Renton/2900-NE-5th-Pl-98056/home/190582906,NWMLS as Distributed by MLS Grid,2227556,N,Y,47.4912701,-122.1805696
PAST SALE,,Single Family Residential,8567 121st Pl SE,Newcastle,WA,98056,1894553,4,3.5,Newcastle,3545,5912,2024,7,534,155,Pending,,,https://www.redfin.com/WA/Newcastle/8567-121st-Pl-SE-98056/home/183996411,NWMLS as Distributed by MLS Grid,2217261,N,Y,47.525212,-122.177317
MLS Listing,,Single Family Residential,3613 NE 7th Pl,Renton,WA,98056,549950,2,1,Highlands,805,5200,1952,7,683,,Active,,,https://www.redfin.com/WA/Renton/3613-NE-7th-Pl-98056/home/241703,NWMLS as Distributed by MLS Grid,2235508,N,Y,47.4934474,-122.1704325
MLS Listing,,Single Family Residential,9834 SE 124th,Renton,WA,98056,850000,3,2,Highlands,1650,9600,1967,7,515,,Active,,,https://www.redfin.com/WA/Renton/9834-124th-Ave-SE-98056/home/410306,NWMLS as Distributed by MLS Grid,2233007,N,Y,47.5142104,-122.1742999
MLS Listing,,Single Family Residential,3826 Park Ave N,Renton,WA,98056,2998000,4,4.5,Lower Kennydale,4814,10046,2024,7,623,,Active,May-19-2024 12:00 PM,May-19-2024 03:00 PM,https://www.redfin.com/WA/Renton/3826-Park-Ave-N-98056/home/408645,NWMLS as Distributed by MLS Grid,2233514,N,Y,47.526205,-122.200925
MLS Listing,,Single Family Residential,1201 N 28th Pl,Renton,WA,98056,1199888,3,3,Kennydale,1870,5616,1978,7,642,,Active,May-18-2024 11:00 AM,May-18-2024 01:00 PM,https://www.redfin.com/WA/Renton/1201-N-28th-Pl-98056/home/408514,NWMLS as Distributed by MLS Grid,2235533,N,Y,47.5167949,-122.2030905
PAST SALE,June-2-2021,Single Family Residential,11415 SE May Creek Park Dr,Newcastle,WA,98056,1599888,3,3,Newcastle,3480,22044,1959,8,460,,Pending,,,https://www.redfin.com/WA/Renton/11415-SE-May-Creek-Park-Dr-98056/home/415248,NWMLS as Distributed by MLS Grid,2232792,N,Y,47.5231936,-122.1873828
PAST SALE,,Single Family Residential,8586 121st Pl SE,Newcastle,WA,98056,1830200,4,2.5,Newcastle,3848,5952,2023,8,476,155,Pending,,,https://www.redfin.com/WA/Newcastle/8586-121st-Pl-SE-98056/home/183996376,NWMLS as Distributed by MLS Grid,2071604,N,Y,47.5257,-122.1761
MLS Listing,,Single Family Residential,11404 SE 69th Pl,Newcastle,WA,98056,1649500,4,3,Newcastle,2940,5746,2006,8,561,38,Active,,,https://www.redfin.com/WA/Renton/11404-SE-69th-Pl-98056/home/8186785,NWMLS as Distributed by MLS Grid,2228272,N,Y,47.541858,-122.1879825
MLS Listing,,Single Family Residential,1417 N 40th St,Renton,WA,98056,875000,3,1.5,Lower Kennydale,1720,9935,1953,9,509,,Active,May-18-2024 12:00 PM,May-18-2024 03:00 PM,https://www.redfin.com/WA/Renton/1417-N-40th-St-98056/home/408354,NWMLS as Distributed by MLS Grid,2232182,N,Y,47.5273825,-122.1992824
PAST SALE,,Single Family Residential,2126 NE 14th Pl,Renton,WA,98056,1608698,5,3.5,Renton,3569,7158,2024,9,451,,Pending,,,https://www.redfin.com/WA/Renton/2126-NE-14th-Pl-98056/home/190104747,NWMLS as Distributed by MLS Grid,2208596,N,Y,47.5052051,-122.1698599
PAST SALE,,Single Family Residential,9106 123rd Dr SE,Newcastle,WA,98056,2269990,5,5.5,Newcastle,4018,7753,2024,9,565,236,Pending,,,https://www.redfin.com/WA/Newcastle/9106-123rd-Dr-SE-98056/home/189540686,NWMLS as Distributed by MLS Grid,2194632,N,Y,47.5205076,-122.1762116
PAST SALE,,Single Family Residential,1410 Aberdeen Ave,Renton,WA,98056,1585872,4,2.5,Renton,3871,7015,2024,9,410,,Pending,,,https://www.redfin.com/WA/Renton/1410-Aberdeen-Ave-NE-98056/home/190105145,NWMLS as Distributed by MLS Grid,2209052,N,Y,47.505356,-122.1905049
PAST SALE,,Single Family Residential,8617 120th Pl SE,Newcastle,WA,98056,1690950,4,2.5,Newcastle,3001,5257,2023,10,563,155,Pending,,,https://www.redfin.com/WA/Newcastle/8617-120th-Pl-SE-98056/home/183996409,NWMLS as Distributed by MLS Grid,2071613,N,Y,47.5257,-122.1761
PAST SALE,,Condo/Co-op,975 Aberdeen Ave NE Unit F307,Renton,WA,98056,324950,2,1,Renton,766,,1990,10,424,442,Pending,,,https://www.redfin.com/WA/Renton/975-Aberdeen-Ave-NE-98056/unit-F307/home/190554247,NWMLS as Distributed by MLS Grid,2222961,N,Y,47.4997283,-122.1914414
PAST SALE,March-27-2024,Single Family Residential,504 Index Ave NE,Renton,WA,98056,625000,3,1,Highlands,1390,7821,1959,10,450,,Pending,,,https://www.redfin.com/WA/Renton/504-Index-Ave-NE-98056/home/241959,NWMLS as Distributed by MLS Grid,2227878,N,Y,47.4905465,-122.1800935
PAST SALE,,Single Family Residential,2137 NE 14th Pl,Renton,WA,98056,1452448,4,2.5,Renton,3402,7767,2024,11,427,,Pending,,,https://www.redfin.com/WA/Renton/2137-NE-14th-Pl-98056/home/188871337,NWMLS as Distributed by MLS Grid,2185165,N,Y,47.5049163,-122.1698781
PAST SALE,,Single Family Residential,9120 123rd Dr SE,Newcastle,WA,98056,2279990,4,4,Newcastle,3801,7533,2024,11,600,236,Pending,,,https://www.redfin.com/WA/Newcastle/9120-123rd-Dr-SE-98056/home/190566888,NWMLS as Distributed by MLS Grid,2226762,N,Y,47.5209525,-122.1754022
PAST SALE,,Single Family Residential,675 Edmonds Ave NE,Renton,WA,98056,499950,3,1,Highlands,860,5952,1942,11,581,,Pending,,,https://www.redfin.com/WA/Renton/675-Edmonds-Ave-NE-98056/home/241117,NWMLS as Distributed by MLS Grid,2216339,N,Y,47.4942573,-122.1858138
PAST SALE,,Single Family Residential,8601 120th Pl SE,Newcastle,WA,98056,1727250,5,3,Newcastle,3115,5259,2023,11,554,155,Pending,,,https://www.redfin.com/WA/Newcastle/8601-120th-Pl-SE-98056/home/183996410,NWMLS as Distributed by MLS Grid,2071623,N,Y,47.5257,-122.1761
PAST SALE,January-4-2024,Single Family Residential,3600 NE 10th St,Renton,WA,98056,699949,3,2,Highlands,1056,5228,1957,12,663,,Pending,,,https://www.redfin.com/WA/Renton/3600-NE-10th-St-98056/home/242236,NWMLS as Distributed by MLS Grid,2220938,N,Y,47.4986893,-122.1709917
PAST SALE,October-29-1993,Single Family Residential,11704 SE 78th Pl,Newcastle,WA,98056,1495000,4,3.5,Newcastle,3340,9529,1990,12,448,6,Pending,,,https://www.redfin.com/WA/Newcastle/11704-SE-78th-Pl-98056/home/413611,NWMLS as Distributed by MLS Grid,2225118,N,Y,47.5319767,-122.185311
MLS Listing,,Vacant Land,2300 xx NE 3rd St,Renton,WA,98056,1650000,,,Highlands,,56386,,13,,,Active,,,https://www.redfin.com/WA/Renton/2300-SE-3rd-St-98056/home/245680,NWMLS as Distributed by MLS Grid,2233049,N,Y,47.4803279,-122.187379
MLS Listing,,Single Family Residential,259 Index Ave SE,Renton,WA,98056,817450,4,2.5,Liberty Ridge,2330,3500,2004,14,351,57,Active,,,https://www.redfin.com/WA/Renton/259-Index-Ave-SE-98056/home/2087529,NWMLS as Distributed by MLS Grid,2223502,N,Y,47.4808642,-122.1804053
MLS Listing,,Single Family Residential,11909 SE 91st St,Newcastle,WA,98056,1128000,3,2.5,Newcastle,1660,9642,1973,14,680,,Active,,,https://www.redfin.com/WA/Newcastle/11909-SE-91st-St-98056/home/416269,NWMLS as Distributed by MLS Grid,2229849,N,Y,47.5211022,-122.1814571
MLS Listing,,Single Family Residential,910 N 31st St,Renton,WA,98056,2375000,5,3.5,Lower Kennydale,3465,5025,2023,15,685,,Active,,,https://www.redfin.com/WA/Renton/910-N-31st-St-98056/home/408343,NWMLS as Distributed by MLS Grid,2231617,N,Y,47.5193408,-122.206679
PAST SALE,September-28-2012,Single Family Residential,2204 NE 10th Pl,Renton,WA,98056,549000,2,1.5,Renton,950,9195,1949,15,578,,Pending,,,https://www.redfin.com/WA/Renton/2204-NE-10th-Pl-98056/home/241880,NWMLS as Distributed by MLS Grid,2226607,N,Y,47.5001905,-122.1886659
PAST SALE,November-19-2001,Single Family Residential,3507 NE Sunset Blvd,Renton,WA,98056,975000,3,1,Highlands,1800,13939,1958,18,542,,Pending,,,https://www.redfin.com/WA/Renton/3507-Sunset-Blvd-NE-98056/home/143134133,NWMLS as Distributed by MLS Grid,2214006,N,Y,47.5056562,-122.1723211
PAST SALE,,Single Family Residential,1466 Aberdeen Ave,Renton,WA,98056,1505872,4,3.5,Renton,3911,7047,2024,19,385,,Pending,,,https://www.redfin.com/WA/Renton/1466-Aberdeen-Ave-NE-98056/home/189489568,NWMLS as Distributed by MLS Grid,2193358,N,Y,47.505429,-122.1909835
MLS Listing,,Multi-Family (2-4 Unit),630 Index Pl NE #2,Renton,WA,98056,595000,2,2,Renton,1150,10164,1943,20,517,,Active,,,https://www.redfin.com/WA/Renton/630-Index-Pl-NE-98056/unit-2/home/190613033,NWMLS as Distributed by MLS Grid,2229594,N,Y,47.4928908,-122.179148
MLS Listing,,Single Family Residential,605 Camas Ave NE,Renton,WA,98056,509999,2,1,Highlands,1440,5475,1942,21,354,,Active,,,https://www.redfin.com/WA/Renton/605-Camas-Ave-NE-98056/home/241702,NWMLS as Distributed by MLS Grid,2211053,N,Y,47.4924834,-122.1863002
MLS Listing,,Condo/Co-op,5021 Ripley Ln N #307,Renton,WA,98056,569950,2,2,Kennydale,932,,1968,21,612,834,Active,,,https://www.redfin.com/WA/Renton/5021-Ripley-Ln-N-98056/unit-307/home/72112,NWMLS as Distributed by MLS Grid,2226552,N,Y,47.5371578,-122.1970911
MLS Listing,,Single Family Residential,1314 N 26th St,Renton,WA,98056,1199000,4,2,Kennydale,2340,6500,1951,21,512,,Active,,,https://www.redfin.com/WA/Renton/1314-N-26th-St-98056/home/408769,NWMLS as Distributed by MLS Grid,2224765,N,Y,47.5148412,-122.2004725
MLS Listing,,Single Family Residential,1002 N 31st St,Renton,WA,98056,2499950,5,5,Lower Kennydale,3650,5100,2023,22,685,,Active,,,https://www.redfin.com/WA/Renton/1002-N-31st-St-98056/home/408972,NWMLS as Distributed by MLS Grid,2227943,N,Y,47.5194061,-122.2056545
MLS Listing,,Single Family Residential,6921 115th Ct SE,Newcastle,WA,98056,1690000,6,4,Newcastle,2876,5099,2005,23,588,38,Active,,,https://www.redfin.com/WA/Newcastle/6921-115th-Ct-SE-98056/home/8186790,NWMLS as Distributed by MLS Grid,2197607,N,Y,47.5408944,-122.1876505
PAST SALE,,Vacant Land,78 XX 111th Pl SE,Newcastle,WA,98056,1800000,,,Newcastle,,105000,,24,,,Pending,,,https://www.redfin.com/WA/Renton/78-XX-111th-Pl-SE-98056/home/175712554,NWMLS as Distributed by MLS Grid,2147294,N,Y,47.532756,-122.19171
MLS Listing,,Single Family Residential,1016 N 32nd St,Renton,WA,98056,1150000,3,1,Lower Kennydale,1300,9612,1954,24,885,,Active,,,https://www.redfin.com/WA/Renton/1016-N-32nd-St-98056/home/408276,NWMLS as Distributed by MLS Grid,2226818,N,Y,47.5200764,-122.2048786
PAST SALE,,Single Family Residential,12032 SE 87th Way,Newcastle,WA,98056,1821650,4,4.5,Newcastle,3437,6000,2023,26,530,155,Pending,,,https://www.redfin.com/WA/Newcastle/12032-SE-87th-Way-98056/home/183996399,NWMLS as Distributed by MLS Grid,2165667,N,Y,47.5257,-122.1761
PAST SALE,,Single Family Residential,2125 NE 14th Pl,Renton,WA,98056,1604398,4,4,Renton,3858,7106,2024,26,416,,Pending,,,https://www.redfin.com/WA/Renton/2125-NE-14th-Pl-98056/home/189792109,NWMLS as Distributed by MLS Grid,2201276,N,Y,47.5049163,-122.1698781
MLS Listing,,Condo/Co-op,1100 Harrington Ave NE #210,Renton,WA,98056,324950,2,1,Highlands,1037,33690,1983,26,313,535,Active,,,https://www.redfin.com/WA/Renton/1100-Harrington-Ave-NE-98056/unit-210/home/35311,NWMLS as Distributed by MLS Grid,2226079,N,Y,47.5011668,-122.1822796
MLS Listing,,Single Family Residential,7642 129th Ave SE,Newcastle,WA,98056,2600000,3,3.5,Lake Boren,2700,11188,2017,29,963,,Active,,,https://www.redfin.com/WA/Newcastle/7642-129th-Ave-SE-98056/home/415102,NWMLS as Distributed by MLS Grid,2222705,N,Y,47.533116,-122.1676403
MLS Listing,,Single Family Residential,4022 Aberdeen Way NE #33,Renton,WA,98056,1549990,3,2.5,Newcastle,2550,2450,2024,29,608,166,Active,May-17-2024 11:00 AM,May-17-2024 05:00 PM,https://www.redfin.com/WA/Renton/4022-Aberdeen-Pl-NE-98056/unit-33/home/190540815,NWMLS as Distributed by MLS Grid,2225021,N,Y,47.5109318,-122.1900894
MLS Listing,,Single Family Residential,4028 Aberdeen Way NE #34,Renton,WA,98056,1544990,3,2.5,Newcastle,2550,2450,2024,29,606,166,Active,May-17-2024 11:00 AM,May-17-2024 05:00 PM,https://www.redfin.com/WA/Renton/4028-Aberdeen-Pl-NE-98056/unit-34/home/190540807,NWMLS as Distributed by MLS Grid,2225030,N,Y,47.5109318,-122.1900894
MLS Listing,,Single Family Residential,11398 82nd St,Newcastle,WA,98056,2389950,5,3.5,Newcastle,3838,7554,2024,29,623,40,Active,,,https://www.redfin.com/WA/Newcastle/11398-SE-82nd-St-98056/home/190539248,NWMLS as Distributed by MLS Grid,2223651,N,Y,47.5292581,-122.1887104
MLS Listing,,Condo/Co-op,1700 Lake Washington Blvd N #101,Renton,WA,98056,939950,3,2,Kennydale,1520,,2001,34,618,722,Active,,,https://www.redfin.com/WA/Renton/1700-Lake-Washington-Blvd-N-98056/unit-101/home/19308,NWMLS as Distributed by MLS Grid,2222898,N,Y,47.507456,-122.2005418
PAST SALE,March-22-2007,Condo/Co-op,975 Aberdeen Ave NE Unit L102,Renton,WA,98056,300000,2,2,Highlands,852,,1990,35,352,494,Pending,,,https://www.redfin.com/WA/Renton/975-Aberdeen-Ave-NE-98056/unit-L102/home/51314,NWMLS as Distributed by MLS Grid,2221941,N,Y,47.4997283,-122.1914414
PAST SALE,July-11-2022,Single Family Residential,1625 Kennewick Ave NE,Renton,WA,98056,975000,3,2.5,Kennydale,2100,7790,1975,41,464,,Pending,,,https://www.redfin.com/WA/Renton/1625-Kennewick-Ave-NE-98056/home/412144,NWMLS as Distributed by MLS Grid,2210770,N,Y,47.5073747,-122.1950171
MLS Listing,,Single Family Residential,4010 Aberdeen Way NE #32,Renton,WA,98056,1499990,3,2.5,Newcastle,2550,2450,2024,41,588,166,Active,May-17-2024 11:00 AM,May-17-2024 05:00 PM,https://www.redfin.com/WA/Renton/4010-Aberdeen-Pl-NE-98056/unit-32/home/190401963,NWMLS as Distributed by MLS Grid,2219767,N,Y,47.5109318,-122.1900894
MLS Listing,,Single Family Residential,905 N 32nd St,Renton,WA,98056,2375999,5,3.5,Lower Kennydale,3510,5025,2023,41,677,,Active,,,https://www.redfin.com/WA/Renton/905-N-32nd-St-98056/home/175630172,NWMLS as Distributed by MLS Grid,2219664,N,Y,47.519691,-122.206653
MLS Listing,,Vacant Land,1833 NE 12th St,Renton,WA,98056,999950,,,Kennydale,,41000,,41,,,Active,,,https://www.redfin.com/WA/Renton/1833-NE-12th-St-98056/home/411164,NWMLS as Distributed by MLS Grid,2219422,N,Y,47.5028554,-122.1936749
MLS Listing,,Single Family Residential,1408 N 34th St,Renton,WA,98056,2325000,4,4.5,Newcastle,3720,9000,2019,49,625,,Active,May-18-2024 02:00 PM,May-18-2024 04:00 PM,https://www.redfin.com/WA/Renton/1408-N-34th-St-98056/home/408742,NWMLS as Distributed by MLS Grid,2216338,N,Y,47.5222444,-122.1997413
MLS Listing,,Single Family Residential,1432 N 28th St,Renton,WA,98056,600000,3,1,Kennydale,990,10040,1956,49,606,,Active,,,https://www.redfin.com/WA/Renton/1432-N-28th-St-98056/home/408950,NWMLS as Distributed by MLS Grid,2214589,N,Y,47.5172582,-122.1990275
MLS Listing,,Single Family Residential,4010 Aberdeen Way NE #31,Renton,WA,98056,1399990,3,2.5,Newcastle,2550,2450,2024,56,549,166,Active,May-17-2024 11:00 AM,May-17-2024 05:00 PM,https://www.redfin.com/WA/Renton/4010-Aberdeen-Pl-NE-98056/unit-31/home/190247194,NWMLS as Distributed by MLS Grid,2211544,N,Y,47.5109318,-122.1900894
MLS Listing,,Single Family Residential,1321 N 28th St,Renton,WA,98056,750000,4,2,Lower Kennydale,1250,11783,1968,56,600,,Active,,,https://www.redfin.com/WA/Renton/1321-N-28th-St-98056/home/408413,NWMLS as Distributed by MLS Grid,2211813,N,Y,47.5164833,-122.200409
MLS Listing,,Single Family Residential,658 Blaine Ave NE,Renton,WA,98056,849900,6,3,Highlands,3300,9134,1966,58,258,,Active,,,https://www.redfin.com/WA/Renton/658-Blaine-Ave-NE-98056/home/242752,NWMLS as Distributed by MLS Grid,2209266,N,Y,47.4934185,-122.1886592
MLS Listing,,Townhouse,2804 NE 12th St,Renton,WA,98056,680800,3,2.5,Highlands,1530,928,2023,59,445,140,Active,,,https://www.redfin.com/WA/Renton/2804-NE-12th-St-98056/home/187464647,NWMLS as Distributed by MLS Grid,2206417,N,Y,47.5033251,-122.1818207
PAST SALE,,Single Family Residential,12016 SE 87th Way,Newcastle,WA,98056,1773150,4,3,Newcastle,3115,6000,2023,63,569,155,Pending,,,https://www.redfin.com/WA/Newcastle/12016-SE-87th-Way-98056/home/183996398,NWMLS as Distributed by MLS Grid,2165658,N,Y,47.5257,-122.1761
MLS Listing,,Single Family Residential,2416 NE 16th St,Renton,WA,98056,1200000,3,2,Highlands,1470,18370,1947,70,816,,Active,,,https://www.redfin.com/WA/Renton/2416-NE-16th-St-98056/home/410686,NWMLS as Distributed by MLS Grid,2207701,N,Y,47.5066353,-122.1864857
MLS Listing,,Multi-Family (5+ Unit),912 Glennwood Ave NE,Renton,WA,98056,1375000,6,5,Highlands,3232,6939,1942,84,425,,Active,,,https://www.redfin.com/WA/Renton/912-Glennwood-Ave-NE-98056/home/2087465,NWMLS as Distributed by MLS Grid,2201032,N,Y,47.4978378,-122.1825952
MLS Listing,,Vacant Land,3622 Sunset Blvd NE,Renton,WA,98056,290000,,,Highlands,,21000,,85,,,Active,,,https://www.redfin.com/WA/Renton/3622-Sunset-Blvd-NE-98056/home/175134062,NWMLS as Distributed by MLS Grid,2202426,N,Y,47.5058215,-122.1706862
MLS Listing,,Single Family Residential,834 Lynnwood Ave NE,Renton,WA,98056,849950,3,2.5,Highlands,1710,8022,1958,85,497,,Active,,,https://www.redfin.com/WA/Renton/834-Lynnwood-Ave-NE-98056/home/241631,NWMLS as Distributed by MLS Grid,2201792,N,Y,47.4966128,-122.1762568
PAST SALE,,Single Family Residential,2132 NE 14th Pl,Renton,WA,98056,1615898,4,4.5,Renton,4016,7066,2024,95,402,,Pending,,,https://www.redfin.com/WA/Renton/2132-NE-14th-Pl-98056/home/188871170,NWMLS as Distributed by MLS Grid,2185159,N,Y,47.5052051,-122.1698599
PAST SALE,,Single Family Residential,2131 NE 14th Pl,Renton,WA,98056,1661090,4,4.5,Renton,4016,7709,2024,115,414,,Pending,,,https://www.redfin.com/WA/Renton/2131-NE-14th-Pl-98056/home/187901146,NWMLS as Distributed by MLS Grid,2170090,N,Y,47.5048,-122.1909
MLS Listing,,Vacant Land,12300 XX SE May Creek Park Dr,Newcastle,WA,98056,1200000,,,Newcastle,,233481,,133,,,Active,,,https://www.redfin.com/WA/Renton/12300-XX-SE-May-Creek-Park-Dr-98056/home/189080468,NWMLS as Distributed by MLS Grid,2189096,N,Y,47.528044,-122.176423
MLS Listing,,Single Family Residential,8640 121st Pl SE,Newcastle,WA,98056,2058995,5,3.5,Newcastle,3848,5460,2024,150,535,155,Active,,,https://www.redfin.com/WA/Newcastle/8640-121st-Pl-SE-98056/home/183996382,NWMLS as Distributed by MLS Grid,2172265,N,Y,47.5257,-122.1761
MLS Listing,,Vacant Land,614 Shelton Ave NE,Renton,WA,98056,399000,,,Highlands,,7650,,167,,,Active,,,https://www.redfin.com/WA/Renton/614-Shelton-Ave-NE-98056/home/243148,NWMLS as Distributed by MLS Grid,2183407,N,Y,47.4927528,-122.1665175
PAST SALE,April-10-2023,Single Family Residential,1012 N 34th St,Renton,WA,98056,2999950,4,4.5,Lower Kennydale,3945,7987,2023,215,760,,Pending,,,https://www.redfin.com/WA/Renton/1012-N-34th-St-98056/home/408734,NWMLS as Distributed by MLS Grid,2142769,N,Y,47.5222934,-122.2050252
MLS Listing,,Single Family Residential,2138 NE 14th Pl,Renton,WA,98056,1487140,4,2.5,Renton,3569,7707,2024,220,417,,Active,,,https://www.redfin.com/WA/Renton/2138-NE-14th-Pl-98056/home/187900367,NWMLS as Distributed by MLS Grid,2170077,N,Y,47.5048,-122.1909
MLS Listing,,Single Family Residential,1415 N 24th St,Renton,WA,98056,2799950,5,4.5,Lower Kennydale,4333,10277,2023,223,646,,Active,May-19-2024 01:00 PM,May-19-2024 04:00 PM,https://www.redfin.com/WA/Renton/1415-N-24th-St-98056/home/408122,NWMLS as Distributed by MLS Grid,2169408,N,Y,47.512847,-122.1996851
PAST SALE,,Single Family Residential,8592 121st Pl SE,Newcastle,WA,98056,1925950,5,3.5,Newcastle,3694,6082,2023,284,521,155,Pending,,,https://www.redfin.com/WA/Newcastle/8592-121st-Pl-SE-98056/home/183996377,NWMLS as Distributed by MLS Grid,2140232,N,Y,47.5257,-122.1761
MLS Listing,,Vacant Land,0 xx SE 66th St,Newcastle,WA,98056,747000,,,Newcastle,,38424,,432,,,Active,,,https://www.redfin.com/WA/Renton/0-xx-SE-66th-St-98056/home/179812611,NWMLS as Distributed by MLS Grid,2043882,N,Y,47.544406,-122.194772
New Construction Home,,Single Family Residential,8628 121st Pl SE,Newcastle,WA,98056,2127950,5,3.5,Newcastle,4273,,2024,7,498,,Active,,,https://www.redfin.com/WA/Newcastle/8628-121st-Pl-SE-98056/home/183996381,Zillow,AA5CE356E137,N,Y,47.52500534057617,-122.176918
New Construction Home,,Single Family Residential,4028 Aberdeen Way NE,Renton,WA,98056,1544990,3,2.5,Renton,2550,,2024,25,606,,Active,,,https://www.redfin.com/WA/Renton/4028-Aberdeen-Pl-NE-98056/home/190541777,Zillow,D5197E57DD58,N,Y,47.5109318,-122.1900894
New Construction Home,,Single Family Residential,4022 Aberdeen Way NE,Renton,WA,98056,1549990,3,2.5,Renton,2550,,2024,28,608,,Active,,,https://www.redfin.com/WA/Renton/4022-Aberdeen-Pl-NE-98056/home/190541784,Zillow,DC447035519F,N,Y,47.5109318,-122.1900894
New Construction Home,,Single Family Residential,4016 Aberdeen Way NE,Renton,WA,98056,1499990,3,2.5,Renton,2550,,2024,40,588,,Active,,,https://www.redfin.com/WA/Renton/4016-Aberdeen-Pl-NE-98056/home/190405607,Zillow,30658FDBE203,N,Y,47.5109318,-122.1900894
New Construction Home,,Single Family Residential,4010 Aberdeen Way NE,Renton,WA,98056,1399990,3,2.5,Renton,2550,,2024,48,549,,Active,,,https://www.redfin.com/WA/Renton/4010-Aberdeen-Pl-NE-98056/home/190330371,Zillow,E1BE7312E13D,N,Y,47.5109318,-122.1900894
New Construction Home,,Single Family Residential,4003 Aberdeen Way NE,Renton,WA,98056,1374990,4,3,Renton,2054,,2024,50,669,,Active,,,https://www.redfin.com/WA/Renton/4003-Aberdeen-Pl-NE-98056/home/190306896,Zillow,4FDD49E24EB2,N,Y,47.5109779,-122.190785
New Construction Home,,Single Family Residential,8616 121st Pl SE,Newcastle,WA,98056,2095650,5,3.5,Newcastle,4273,,2023,184,490,,Active,,,https://www.redfin.com/WA/Newcastle/8616-121st-Pl-SE-98056/home/183996379,Zillow,37EE736C85BF,N,Y,47.5257,-122.1761
New Construction Plan,,Single Family Residential,Mia Plan,Renton,WA,98056,1299990,4,3,Renton,2054,,,50,633,,Active,,,https://www.redfin.com/WA/Renton/Renton/Mia/home/190306910,Zillow,E20C19D3EFCA,N,Y,47.52987289428711,-122.1931839
New Construction Plan,,Single Family Residential,Sienna Plan,Renton,WA,98056,1499990,3,2.5,Renton,2550,,,62,588,,Active,,,https://www.redfin.com/WA/Renton/Renton/Sienna/home/190174757,Zillow,052AAC6172DB,N,Y,47.52987289428711,-122.1931839
New Construction Plan,,Single Family Residential,Homes Available Soon Plan,Renton,WA,98056,,,,Renton,,,,80,,,Active,,,https://www.redfin.com/WA/Renton/Renton/Homes-Available-Soon/home/189909340,Zillow,A2C95A1D1C13,N,Y,47.5281564,-122.1863501
PAST SALE,,Single Family Residential,12001 SE 87th Way,Newcastle,WA,98056,2062950,5,3.5,Newcastle,4273,9093,2023,3,483,155,Pending,,,https://www.redfin.com/WA/Newcastle/12001-SE-87th-Way-98056/home/183996396,NWMLS as Distributed by MLS Grid,2179773,N,Y,47.524676,-122.1524564
MLS Listing,,Single Family Residential,12029 SE 87th Way,Newcastle,WA,98056,2035450,5,3,Newcastle,3848,5820,2024,10,529,155,Active,,,https://www.redfin.com/WA/Newcastle/12029-SE-87th-Way-98056/home/183996392,NWMLS as Distributed by MLS Grid,2233209,N,Y,47.524676,-122.1524564
PAST SALE,,Single Family Residential,12021 SE 87th Way,Newcastle,WA,98056,2005250,4,3.5,Newcastle,3848,5700,2024,20,521,155,Pending,,,https://www.redfin.com/WA/Newcastle/12021-SE-87th-Way-98056/home/183996393,NWMLS as Distributed by MLS Grid,2203855,N,Y,47.524676,-122.1524564
PAST SALE,,Single Family Residential,8659 121st Pl SE,Newcastle,WA,98056,1946950,4,4.5,Newcastle,4016,6042,2024,24,485,155,Pending,,,https://www.redfin.com/WA/Newcastle/8659-121st-Pl-SE-98056/home/183996401,NWMLS as Distributed by MLS Grid,2203875,N,Y,47.493586,-122.1114009
PAST SALE,,Single Family Residential,12046 SE 87th Way,Newcastle,WA,98056,1750950,4,2.5,Newcastle,3291,5741,2024,42,532,155,Pending,,,https://www.redfin.com/WA/Newcastle/12046-SE-87th-Way-98056/home/183996400,NWMLS as Distributed by MLS Grid,2186368,N,Y,47.5246763,-122.1524576
PAST SALE,,Single Family Residential,12011 SE 87th Way,Newcastle,WA,98056,2001550,5,3.5,Newcastle,3848,5820,2023,120,520,155,Pending,,,https://www.redfin.com/WA/Newcastle/12011-SE-87th-Way-98056/home/183996394,NWMLS as Distributed by MLS Grid,2179763,N,Y,47.524676,-122.1524564
New Construction Home,,Single Family Residential,8670 121st Pl SE,Newcastle,WA,98056,1987250,5,3.5,Newcastle,3694,,2024,37,538,,Active,,,https://www.redfin.com/WA/Newcastle/8670-121st-Pl-SE-98056/home/183996384,Zillow,9D53F15139F9,N,Y,47.493586,-122.1114009
New Construction Home,,Single Family Residential,12059 SE 87th Way,Renton,WA,98056,2095650,5,3.5,Renton,4273,,2024,107,490,,Active,,,https://www.redfin.com/WA/Newcastle/12059-SE-87th-Way-98056/home/183996389,Zillow,1B27F93A59AC,N,Y,47.524676,-122.1524564
