SALE TYPE,SOLD DATE,PROPERTY TYPE,ADDRESS,CITY,STATE OR PROVINCE,ZIP OR POSTAL CODE,PRICE,BEDS,BATHS,LOCATION,SQUARE FEET,LOT SIZE,YEAR BUILT,DAYS ON MARKET,$/SQUARE FEET,HOA/MONTH,STATUS,NEXT OPEN HOUSE START TIME,NEXT OPEN HOUSE END TIME,URL (SEE https://www.redfin.com/buy-a-home/comparative-market-analysis FOR INFO ON PRICING),SOURCE,MLS#,FAVORITE,INTERESTED,LATITUDE,LONGITUDE
"In accordance with local MLS rules, some MLS listings are not included in the download",,,,,,,,,,,,,,,,,,,,,,,,,,
PAST SALE,June-10-2021,Single Family Residential,26707 NE Walden Way,Duvall,WA,98019,1100000,3,2.5,Duvall,2171,3702,2021,5,507,107,Pending,,,https://www.redfin.com/WA/Duvall/26707-NE-Walden-Way-98019/home/172716143,NWMLS as Distributed by MLS Grid,2230609,N,Y,47.7280593,-121.9816941
PAST SALE,,Single Family Residential,27226 Site 384 NE 141st Pl,Duvall,WA,98019,1268315,5,4,Duvall,2678,5000,2024,1,474,107,Pending,,,https://www.redfin.com/WA/Duvall/27226-Site-384-NE-141st-Pl-Unknown/home/190475057,NWMLS as Distributed by MLS Grid,2221881,N,Y,47.728474,-121.9731
PAST SALE,,Single Family Residential,14172 269 (Homesite 260) Ln NE,Duvall,WA,98019,1188075,5,4,Duvall,3162,3640,2023,236,376,90,Pending,,,https://www.redfin.com/WA/Duvall/14172-269-Homesite-260-LN-NE-98019/home/187648077,NWMLS as Distributed by MLS Grid,2165151,N,Y,47.727878,-121.978278
PAST SALE,,Single Family Residential,27150 Site 324 NE Walden Way,Duvall,WA,98019,854995,4,3.5,Duvall,1939,1678,2024,36,441,107,Pending,,,https://www.redfin.com/WA/Duvall/27150-Site-324-NE-Walden-Way-98019/home/185889891,NWMLS as Distributed by MLS Grid,2221838,N,Y,47.727514,-121.974746
PAST SALE,,Single Family Residential,27209 NE 141st (Homesite 352) St,Duvall,WA,98019,985995,4,3,Duvall,2313,2914,2024,109,426,90,Pending,,,https://www.redfin.com/WA/Duvall/27209-NE-141st-St-98019/home/189543694,NWMLS as Distributed by MLS Grid,2194825,N,Y,47.727449,-121.9737787
PAST SALE,,Single Family Residential,26806 Site 203 NE 141st Pl,Duvall,WA,98019,1138075,5,4,Duvall,3160,3280,2024,104,360,90,Pending,,,https://www.redfin.com/WA/Duvall/26806-Site-203-NE-141st-Pl-Unknown/home/189618467,NWMLS as Distributed by MLS Grid,2196720,N,Y,47.728412,-121.983018
PAST SALE,,Single Family Residential,14180 269 (Homesite 261) Ln NE,Duvall,WA,98019,1188435,5,4,Duvall,3039,3639,2023,228,391,90,Pending,,,https://www.redfin.com/WA/Duvall/14180-269-Homesite-261-LN-NE-98019/home/187785362,NWMLS as Distributed by MLS Grid,2167548,N,Y,47.72799,-121.978243
PAST SALE,,Single Family Residential,14311 271st Pl NE #39,Duvall,WA,98019,876680,3,2.5,Duvall,1949,3207,2023,389,450,108,Pending,,,https://www.redfin.com/WA/Duvall/14311-271st-Pl-NE-98019/unit-39/home/185205729,NWMLS as Distributed by MLS Grid,2059291,N,Y,47.7442475,-121.9756662
PAST SALE,,Single Family Residential,27216 Site 359 NE 141st St,Duvall,WA,98019,1030995,4,3,Duvall,2313,2901,2024,1,446,107,Pending,,,https://www.redfin.com/WA/Duvall/27216-Site-359-NE-141st-St-98019/home/190418705,NWMLS as Distributed by MLS Grid,2220745,N,Y,47.726381,-121.967247
PAST SALE,,Single Family Residential,27236 Site 344 NE Walden Way,Duvall,WA,98019,1030995,4,3,Duvall,2313,2846,2024,1,446,107,Pending,,,https://www.redfin.com/WA/Duvall/27236-Site-344-NE-Walden-Way-98019/home/190561940,NWMLS as Distributed by MLS Grid,2226564,N,Y,47.727095,-121.972888
PAST SALE,,Single Family Residential,14313 271st Pl NE #38,Duvall,WA,98019,922188,3,2.5,Duvall,1758,3207,2023,1,525,108,Pending,,,https://www.redfin.com/WA/Duvall/14313-271st-Pl-NE-98019/unit-38/home/186193182,NWMLS as Distributed by MLS Grid,2142548,N,Y,47.7442475,-121.9756662
PAST SALE,,Single Family Residential,26814 Site 207 NE 141st Pl,Duvall,WA,98019,1146475,6,4,Duvall,3200,3468,2024,104,358,90,Pending,,,https://www.redfin.com/WA/Duvall/26814-Site-207-NE-141st-Pl-Unknown/home/189618665,NWMLS as Distributed by MLS Grid,2196722,N,Y,47.728404,-121.978925
PAST SALE,,Single Family Residential,26516 NE 147th Pl Unit SR 04,Duvall,WA,98019,1259950,5,3,Cherry Valley,2644,6111,2024,1,477,67,Pending,,,https://www.redfin.com/WA/Duvall/26516-NE-147th-Pl-98019/unit-SR-04/home/190344637,NWMLS as Distributed by MLS Grid,2217051,N,Y,47.7339843,-121.9841285
PAST SALE,,Single Family Residential,27219 Site 375 NE 141st Pl,Duvall,WA,98019,985995,4,3,Duvall,2313,2896,2024,91,426,107,Pending,,,https://www.redfin.com/WA/Duvall/27219-Site-375-NE-141st-Pl-Unknown/home/189765777,NWMLS as Distributed by MLS Grid,2200749,N,Y,47.728138,-121.973132
PAST SALE,,Single Family Residential,14192 Site 278 268th Ln NE,Duvall,WA,98019,1004995,4,3.5,Duvall,2600,2790,2023,355,387,90,Pending,,,https://www.redfin.com/WA/Duvall/14192-Site-278-268th-Ln-NE-98019/home/185547627,NWMLS as Distributed by MLS Grid,2073893,N,Y,47.728093,-121.979128
PAST SALE,,Single Family Residential,26910 NE 141 Pl Lot 212,Duvall,WA,98019,1312213,5,4,Duvall,2979,4548,2023,1,440,90,Pending,,,https://www.redfin.com/WA/Duvall/26910-NE-141st-Pl-98019/unit-212/home/179661741,NWMLS as Distributed by MLS Grid,1942430,N,Y,47.728383,-121.978081
PAST SALE,,Single Family Residential,27122 Site 317 NE Walden Way,Duvall,WA,98019,819995,4,3.5,Duvall,1939,1710,2023,338,423,90,Pending,,,https://www.redfin.com/WA/Duvall/27122-Site-317-NE-Walden-Way-98019/home/185759503,NWMLS as Distributed by MLS Grid,2127218,N,Y,47.726917,-121.974732
PAST SALE,,Townhouse,14307 270th Ct NE #63,Duvall,WA,98019,798697,4,3,Duvall,1939,2520,2023,298,412,108,Pending,,,https://www.redfin.com/WA/Duvall/14307-270th-Pl-NE-98019/unit-63/home/186193274,NWMLS as Distributed by MLS Grid,2142559,N,Y,47.732658,-121.9765482
PAST SALE,,Single Family Residential,26914 Site 213 NE 141st Pl,Duvall,WA,98019,1245943,5,4,Duvall,2678,4093,2024,1,465,107,Pending,,,https://www.redfin.com/WA/Duvall/26914-Site-213-NE-141st-Pl-Unknown/home/190474105,NWMLS as Distributed by MLS Grid,2221850,N,Y,47.728385,-121.977879
PAST SALE,,Single Family Residential,27218 Site 382 NE 141st Pl,Duvall,WA,98019,1316920,5,4,Duvall,2979,5000,2024,1,442,107,Pending,,,https://www.redfin.com/WA/Duvall/27218-Site-382-NE-141st-Pl-Unknown/home/190583667,NWMLS as Distributed by MLS Grid,2227787,N,Y,47.728516,-121.973315
PAST SALE,,Single Family Residential,27220 Site 340 NE Walden Way,Duvall,WA,98019,985995,4,3,Duvall,2313,2824,2024,1,426,107,Pending,,,https://www.redfin.com/WA/Duvall/27220-Site-340-NE-Walden-Way-98019/home/189765621,NWMLS as Distributed by MLS Grid,2200745,N,Y,47.727142,-121.973497
PAST SALE,,Single Family Residential,14183 Site 247 270th Ln NE,Duvall,WA,98019,1142880,4,2.5,Duvall,2474,4005,2024,1,462,90,Pending,,,https://www.redfin.com/WA/Duvall/14183-Site-247-270th-Ln-NE-98019/home/188989402,NWMLS as Distributed by MLS Grid,2186754,N,Y,47.728103,-121.977797
PAST SALE,,Single Family Residential,14188 269 (Homesite #262) Ln NE,Duvall,WA,98019,1211475,6,4,Duvall,3200,3590,2023,1,379,90,Pending,,,https://www.redfin.com/WA/Duvall/14188-269-Homesite-262-LN-NE-98019/home/188802597,NWMLS as Distributed by MLS Grid,2183631,N,Y,47.728117,-121.978254
PAST SALE,,Single Family Residential,27213 Site 351 NE 141st St,Duvall,WA,98019,949995,3,2.5,Duvall,2221,2892,2024,1,428,107,Pending,,,https://www.redfin.com/WA/Duvall/27213-Site-351-NE-141st-St-98019/home/189765727,NWMLS as Distributed by MLS Grid,2200746,N,Y,47.727502,-121.973503
PAST SALE,,Single Family Residential,27211 Site 377 NE 141st St,Duvall,WA,98019,969995,3,2.5,Duvall,2269,2895,2024,1,427,107,Pending,,,https://www.redfin.com/WA/Duvall/27211-Site-377-NE-141st-St-98019/home/189765793,NWMLS as Distributed by MLS Grid,2200750,N,Y,47.728137,-121.973309
PAST SALE,,Single Family Residential,27207 Site 378 NE 141 Pl,Duvall,WA,98019,985995,4,3,Duvall,2313,2894,2024,172,426,90,Pending,,,https://www.redfin.com/WA/Duvall/27207-Site-378-NE-141st-Pl-Unknown/home/188699660,NWMLS as Distributed by MLS Grid,2182231,N,Y,47.728148,-121.973551
PAST SALE,,Single Family Residential,14175 Site 248 270th Ln NE,Duvall,WA,98019,1328785,6,5,Duvall,3368,4079,2024,90,395,107,Pending,,,https://www.redfin.com/WA/Duvall/14175-Site-248-270th-Ln-NE-98019/home/189775971,NWMLS as Distributed by MLS Grid,2201098,N,Y,47.728,-121.977823
PAST SALE,,Single Family Residential,27214 Site 358 NE 141 St,Duvall,WA,98019,969995,3,2.5,Duvall,2221,2902,2024,53,437,107,Pending,,,https://www.redfin.com/WA/Duvall/27214-Site-358-NE-141st-St-98019/home/190272065,NWMLS as Distributed by MLS Grid,2214472,N,Y,47.727801,-121.973373
PAST SALE,,Single Family Residential,14189 Site 224 271st Pl NE,Duvall,WA,98019,1004995,3,2.5,Duvall,2171,3310,2024,138,463,90,Pending,,,https://www.redfin.com/WA/Duvall/14189-Site-224-271st-Pl-NE-98019/home/189041299,NWMLS as Distributed by MLS Grid,2187923,N,Y,47.728093,-121.976338
PAST SALE,,Single Family Residential,27156 Site 326 NE Walden Way,Duvall,WA,98019,864995,4,3.5,Duvall,1939,2236,2023,236,446,90,Pending,,,https://www.redfin.com/WA/Duvall/27156-Site-326-NE-Walden-Way-98019/home/187648087,NWMLS as Distributed by MLS Grid,2165152,N,Y,47.727646,-121.974778
PAST SALE,,Single Family Residential,27224 Site 341 NE Walden Way,Duvall,WA,98019,959995,3,2.5,Duvall,2221,2830,2024,1,432,107,Pending,,,https://www.redfin.com/WA/Duvall/27224-Site-341-NE-Walden-Way-98019/home/189791888,NWMLS as Distributed by MLS Grid,2201364,N,Y,47.727149,-121.973331
PAST SALE,,Single Family Residential,14101 Site 336 272nd Pl NE,Duvall,WA,98019,859995,4,3.5,Duvall,1939,2189,2024,90,444,107,Pending,,,https://www.redfin.com/WA/Duvall/14101-Site-336-272nd-Pl-NE-98019/home/189765812,NWMLS as Distributed by MLS Grid,2200752,N,Y,47.727002,-121.974411
PAST SALE,,Single Family Residential,14129 Site 327 272 Pl NE,Duvall,WA,98019,859995,4,3.5,Duvall,1939,2784,2024,1,444,90,Pending,,,https://www.redfin.com/WA/Duvall/14129-Site-327-272nd-Pl-NE-98019/home/188541342,NWMLS as Distributed by MLS Grid,2179425,N,Y,47.727663,-121.974351
PAST SALE,,Single Family Residential,27215 Site 350 NE 141 Street Dr,Duvall,WA,98019,985995,4,3,Duvall,2313,2884,2024,1,426,90,Pending,,,https://www.redfin.com/WA/Duvall/27215-Site-350-NE-141st-St-98019/home/189617682,NWMLS as Distributed by MLS Grid,2196692,N,Y,47.727475,-121.973255
PAST SALE,,Single Family Residential,14113 Site 333 272 Pl NE,Duvall,WA,98019,849995,4,3.5,Duvall,1939,1682,2024,36,438,107,Pending,,,https://www.redfin.com/WA/Duvall/14113-Site-333-272nd-Pl-NE-98019/home/190473738,NWMLS as Distributed by MLS Grid,2221843,N,Y,47.727202,-121.974423
PAST SALE,,Single Family Residential,27220 Site 360 NE 141st St,Duvall,WA,98019,1014995,3,2.5,Duvall,2269,2901,2024,1,447,107,Pending,,,https://www.redfin.com/WA/Duvall/27220-Site-360-NE-141st-St-98019/home/190561987,NWMLS as Distributed by MLS Grid,2226567,N,Y,47.727845,-121.973133
PAST SALE,,Single Family Residential,14164 269 (Homesite #259) Ln NE,Duvall,WA,98019,1206475,6,4,Duvall,3200,3640,2023,1,377,90,Pending,,,https://www.redfin.com/WA/Duvall/14164-269-Homesite-259-LN-NE-98019/home/187648070,NWMLS as Distributed by MLS Grid,2165149,N,Y,47.727782,-121.978256
PAST SALE,,Single Family Residential,27214 Site 339 NE Walden Way,Duvall,WA,98019,949995,3,2.5,Duvall,2221,2819,2024,1,428,107,Pending,,,https://www.redfin.com/WA/Duvall/27214-Site-339-NE-Walden-Way-98019/home/185541937,NWMLS as Distributed by MLS Grid,2200740,N,Y,47.727149,-121.973642
PAST SALE,,Single Family Residential,27208 NE 141st (Homesite 357) St,Duvall,WA,98019,969995,3,2.5,Duvall,2269,2903,2024,109,427,90,Pending,,,https://www.redfin.com/WA/Duvall/27208-NE-141st-St-98019/home/189543698,NWMLS as Distributed by MLS Grid,2194827,N,Y,47.7278333,-121.973603
PAST SALE,,Single Family Residential,27138 Site 321 NE Walden Way,Duvall,WA,98019,819995,4,3.5,Duvall,1939,1677,2023,1,423,90,Pending,,,https://www.redfin.com/WA/Duvall/27138-Site-321-NE-Walden-Way-98019/home/187648088,NWMLS as Distributed by MLS Grid,2165153,N,Y,47.727323,-121.97476
MLS Listing,,Single Family Residential,29407 NE 173rd St,Duvall,WA,98019,1495000,3,3.5,Cherry Valley,3257,1480283,1984,1,459,,Active,,,https://www.redfin.com/WA/Duvall/29407-NE-173rd-St-98019/home/440497,NWMLS as Distributed by MLS Grid,2239299,N,Y,47.748194,-121.947293
MLS Listing,,Single Family Residential,14511 272nd Pl NE,Duvall,WA,98019,739950,3,2,Duvall In Town,1030,14138,1984,1,718,,Active,,,https://www.redfin.com/WA/Duvall/14511-272nd-Pl-NE-98019/home/517660,NWMLS as Distributed by MLS Grid,2237795,N,Y,47.7332233,-121.9745807
MLS Listing,,Single Family Residential,31036 NE 200th St,Duvall,WA,98019,1225000,4,2.5,Cherry Valley,3080,118918,2008,1,398,,Active,May-18-2024 11:00 AM,May-18-2024 01:00 PM,https://www.redfin.com/WA/Duvall/31036-NE-200th-St-98019/home/12443395,NWMLS as Distributed by MLS Grid,2237303,N,Y,47.7714304,-121.9239246
PAST SALE,December-13-2023,Townhouse,16013 1st Ave NE,Duvall,WA,98019,850000,3,3.5,Duvall,2470,1840,2018,1,344,,Pending,,,https://www.redfin.com/WA/Duvall/16013-1st-Ave-NE-98019/home/55551404,NWMLS as Distributed by MLS Grid,2200515,N,Y,47.7442566,-121.9847093
MLS Listing,,Single Family Residential,31410 NE 176th Pl,Duvall,WA,98019,875000,4,2,Cherry Valley,1500,281397,1972,1,583,,Active,May-18-2024 11:00 AM,May-18-2024 02:00 PM,https://www.redfin.com/WA/Duvall/31410-NE-176th-Pl-98019/home/442298,NWMLS as Distributed by MLS Grid,2234140,N,Y,47.7535979,-121.920563
PAST SALE,October-15-2013,Single Family Residential,12514 318th Ave NE,Duvall,WA,98019,1395000,4,2.5,Big Rock,2750,206474,1990,2,507,,Pending,,,https://www.redfin.com/WA/Duvall/12514-318th-Ave-NE-98019/home/441471,NWMLS as Distributed by MLS Grid,2223131,N,Y,47.7095684,-121.9132159
PAST SALE,October-28-2019,Single Family Residential,18025 322nd Pl NE,Duvall,WA,98019,1595000,3,3.5,Cherry Valley,3740,435600,2007,3,426,,Pending,,,https://www.redfin.com/WA/Duvall/18025-322nd-Pl-NE-98019/home/2088357,NWMLS as Distributed by MLS Grid,2233557,N,Y,47.755702,-121.909207
PAST SALE,December-6-2002,Single Family Residential,15426 277th Pl NE,Duvall,WA,98019,1150000,4,2.5,Duvall,2590,8307,2002,3,444,23,Pending,,,https://www.redfin.com/WA/Duvall/15426-277th-Pl-NE-98019/home/518726,NWMLS as Distributed by MLS Grid,2228165,N,Y,47.7390947,-121.9673928
MLS Listing,,Mobile/Manufactured Home,28000 NE 142nd Pl #138,Duvall,WA,98019,215000,3,2,Duvall,1344,,1988,3,160,,Active,,,https://www.redfin.com/WA/Duvall/28000-NE-142nd-Pl-98019/unit-138/home/190768659,NWMLS as Distributed by MLS Grid,2237111,N,Y,47.7297177,-121.9624292
MLS Listing,,Single Family Residential,14305 271st Pl NE #42,Duvall,WA,98019,979950,3,2.5,Duvall,1949,3211,2021,3,503,108,Active,,,https://www.redfin.com/WA/Duvall/14305-271St-Pl-NE-98019/unit-42/home/190765799,NWMLS as Distributed by MLS Grid,2236717,N,Y,47.7305838,-121.9754345
MLS Listing,,Single Family Residential,27225 Site 373 NE 141st Pl,Duvall,WA,98019,1044995,3,2.5,Duvall,2171,2983,2024,4,481,107,Active,,,https://www.redfin.com/WA/Duvall/27225-Site-373-NE-141st-Pl-Unknown/home/190760761,NWMLS as Distributed by MLS Grid,2236732,N,Y,47.728075,-121.972809
PAST SALE,,Single Family Residential,16306 1st Ave NE,Duvall,WA,98019,1049900,5,3.5,Duvall,3120,4191,2019,5,337,85,Pending,,,https://www.redfin.com/WA/Duvall/16306-1st-Ave-NE-98019/home/113994920,NWMLS as Distributed by MLS Grid,2222588,N,Y,47.7465143,-121.9841613
PAST SALE,,Single Family Residential,26808 Site 204 NE 141st Pl,Duvall,WA,98019,1146475,6,4,Duvall,3200,3280,2024,5,358,90,Pending,,,https://www.redfin.com/WA/Duvall/26808-Site-204-NE-141st-Pl-Unknown/home/189620392,NWMLS as Distributed by MLS Grid,2196739,N,Y,47.728407,-121.979434
PAST SALE,,Townhouse,26513 143rd Cir NE Unit A,Duvall,WA,98019,861294,4,3.5,Duvall,2430,2404,2024,6,354,290,Pending,,,https://www.redfin.com/WA/Duvall/26513-NE-143rd-Pl-98019/unit-A/home/189847097,NWMLS as Distributed by MLS Grid,2201693,N,Y,47.7293645,-121.9853704
PAST SALE,July-31-1987,Single Family Residential,27323 NE 144th Pl,Duvall,WA,98019,885000,3,2,Duvall,2100,35431,1982,6,421,,Pending,,,https://www.redfin.com/WA/Duvall/27323-NE-144th-Pl-98019/home/518954,NWMLS as Distributed by MLS Grid,2232392,N,Y,47.7316689,-121.9725575
PAST SALE,,Single Family Residential,14329 271st Pl NE #36,Duvall,WA,98019,949950,4,2.5,Duvall,2054,4465,2024,6,462,108,Pending,,,https://www.redfin.com/WA/Duvall/14329-271st-Pl-NE-98019/unit-36/home/185205344,NWMLS as Distributed by MLS Grid,2234548,N,Y,47.7442475,-121.9756662
MLS Listing,,Single Family Residential,14356 271st Cir NE,Duvall,WA,98019,984900,3,2.5,Duvall,2010,6435,2023,6,490,108,Active,May-19-2024 01:00 PM,May-19-2024 03:00 PM,https://www.redfin.com/WA/Duvall/14356-271st-Cir-NE-98019/home/183985976,NWMLS as Distributed by MLS Grid,2235445,N,Y,47.7311853,-121.9742576
PAST SALE,,Townhouse,26501 143rd Cir NE Unit D,Duvall,WA,98019,851596,3,1,Duvall,2430,2835,2024,7,350,290,Pending,,,https://www.redfin.com/WA/Duvall/26501-NE-143rd-Pl-98019/unit-D/home/189730527,NWMLS as Distributed by MLS Grid,2197586,N,Y,47.7293622,-121.985569
MLS Listing,,Townhouse,16017 1st Ave NE,Duvall,WA,98019,890000,3,3.5,Duvall,2630,1856,2018,7,338,,Active,,,https://www.redfin.com/WA/Duvall/16017-1st-Ave-NE-98019/home/55551405,NWMLS as Distributed by MLS Grid,2235035,N,Y,47.7443394,-121.9846839
MLS Listing,,Townhouse,16005 1st Ave NE,Duvall,WA,98019,840000,3,3.5,Duvall,2330,1584,2018,7,361,,Active,,,https://www.redfin.com/WA/Duvall/16005-1st-Ave-NE-98019/home/55551410,NWMLS as Distributed by MLS Grid,2235040,N,Y,47.7440434,-121.9846796
PAST SALE,,Single Family Residential,27223 Site 348 NE 141st St,Duvall,WA,98019,999995,3,2.5,Duvall,2221,2869,2024,8,450,107,Pending,,,https://www.redfin.com/WA/Duvall/27223-Site-348-NE-141st-St-98019/home/190558352,NWMLS as Distributed by MLS Grid,2226329,N,Y,47.727449,-121.973174
PAST SALE,,Single Family Residential,27132 Site 320 NE Walden Way,Duvall,WA,98019,764995,3,3.5,Duvall,1724,1525,2023,8,444,90,Pending,,,https://www.redfin.com/WA/Duvall/27132-Site-320-NE-Walden-Way-98019/home/185796799,NWMLS as Distributed by MLS Grid,2128863,N,Y,47.727117,-121.975534
MLS Listing,,Single Family Residential,14305 271 Pl NE #41,Duvall,WA,98019,899950,3,2.5,Duvall,1758,3211,2024,8,512,108,Active,,,https://www.redfin.com/WA/Duvall/14305-271St-Pl-NE-98019/unit-41/home/190726802,NWMLS as Distributed by MLS Grid,2235166,N,Y,47.7305838,-121.9754345
MLS Listing,,Single Family Residential,26539 NE 143rd Cir #11,Duvall,WA,98019,723280,2,2.5,Big Rock,1859,1430,2025,9,389,290,Active,,,https://www.redfin.com/WA/Duvall/26539-NE-143rd-Pl-98019/unit-11/home/190715913,NWMLS as Distributed by MLS Grid,2234256,N,Y,47.7298517,-121.9849855
MLS Listing,,Townhouse,26531 NE 143rd Cir #13,Duvall,WA,98019,794855,4,3,Duvall,2430,2403,2024,9,327,290,Active,,,https://www.redfin.com/WA/Duvall/26531-NE-143rd-Pl-98019/unit-13/home/190714117,NWMLS as Distributed by MLS Grid,2234165,N,Y,47.7293679,-121.9850739
MLS Listing,,Vacant Land,0 W Snoqualmie Valley Rd NE,Duvall,WA,98019,440000,,,Woodinville,,400316,,9,,,Active,,,https://www.redfin.com/WA/Duvall/0-W-Snoqualmie-Valley-RD-NE-98019/home/190713430,NWMLS as Distributed by MLS Grid,2233098,N,Y,47.709177,-122.005795
MLS Listing,,Mobile/Manufactured Home,28000 NE 142nd #70,Duvall,WA,98019,228000,3,2,Duvall,1248,,1985,9,183,,Active,,,https://www.redfin.com/WA/Duvall/28000-NE-142nd-Pl-98019/unit-70/home/175660451,NWMLS as Distributed by MLS Grid,2231364,N,Y,47.7292929,-121.9635041
MLS Listing,,Townhouse,26551 143rd Cir #8,Duvall,WA,98019,728280,2,2.5,Duvall,1859,1430,2024,9,392,290,Active,,,https://www.redfin.com/WA/Duvall/26551-NE-143rd-Pl-98019/unit-8/home/190711401,NWMLS as Distributed by MLS Grid,2234086,N,Y,47.7293714,-121.9847707
MLS Listing,,Townhouse,26555 NE 143rd Cir #07,Duvall,WA,98019,798505,4,3.5,Duvall,2430,2237,2024,9,329,290,Active,,,https://www.redfin.com/WA/Duvall/26555-NE-143rd-Pl-98019/unit-07/home/190710869,NWMLS as Distributed by MLS Grid,2233966,N,Y,47.7293722,-121.9847032
PAST SALE,July-31-2020,Mobile/Manufactured Home,28000 NE 142nd Pl #91,Duvall,WA,98019,240000,3,2,Duvall,1782,,2002,10,135,,Pending,,,https://www.redfin.com/WA/Duvall/28000-NE-142nd-Pl-98019/unit-91/home/53462377,NWMLS as Distributed by MLS Grid,2226920,N,Y,47.7292929,-121.9635041
PAST SALE,,Single Family Residential,26502 NE 147th Pl Unit SR 01,Duvall,WA,98019,1229950,4,2.5,Cherry Valley,2520,6005,2024,10,488,67,Pending,,,https://www.redfin.com/WA/Duvall/26502-NE-147th-Pl-98019/unit-SR-01/home/190487329,NWMLS as Distributed by MLS Grid,2221091,N,Y,47.7339843,-121.9841285
MLS Listing,,Vacant Land,29228 NE 173rd St,Duvall,WA,98019,225000,,,Cherry Valley,,226512,,10,,,Active,,,https://www.redfin.com/WA/Duvall/29228-NE-173rd-St-98019/home/190705495,NWMLS as Distributed by MLS Grid,2232430,N,Y,47.7522576,-121.9475015
MLS Listing,,Mobile/Manufactured Home,35027 NE 154th St,Duvall,WA,98019,249000,1,1,Duvall,1200,216057,1962,10,208,,Active,,,https://www.redfin.com/WA/Duvall/35027-NE-154th-St-98019/home/2086558,NWMLS as Distributed by MLS Grid,2232832,N,Y,47.7344729,-121.8704367
PAST SALE,,Single Family Residential,14146 Site 379 272nd Pl NE,Duvall,WA,98019,1033455,3,2.5,Duvall,2171,3843,2024,12,476,90,Pending,,,https://www.redfin.com/WA/Duvall/14146-272nd-Pl-NE-98019/home/189605579,NWMLS as Distributed by MLS Grid,2196441,N,Y,47.7281116,-121.973801
PAST SALE,,Townhouse,26518 NE 143rd Pl #21,Duvall,WA,98019,861694,4,3.5,Duvall,2079,1975,2024,12,414,290,Pending,,,https://www.redfin.com/WA/Duvall/26518-NE-143rd-Pl-98019/unit-21/home/190192877,NWMLS as Distributed by MLS Grid,2211425,N,Y,47.7305568,-121.9853012
PAST SALE,March-28-2011,Single Family Residential,32422 NE Big Rock Rd,Duvall,WA,98019,1495000,3,2.5,Big Rock,3230,35918,2005,13,463,,Pending,,,https://www.redfin.com/WA/Duvall/32422-NE-Big-Rock-Rd-98019/home/2081602,NWMLS as Distributed by MLS Grid,2224738,N,Y,47.7001194,-121.9049347
PAST SALE,,Single Family Residential,14119 Site 331 272nd Pl NE,Duvall,WA,98019,849995,4,3.5,Duvall,1939,1647,2024,14,438,90,Pending,,,https://www.redfin.com/WA/Duvall/14119-Site-331-272nd-Pl-NE-98019/home/189537862,NWMLS as Distributed by MLS Grid,2194688,N,Y,47.727382,-121.974476
MLS Listing,,Single Family Residential,29320 NE 189th St,Duvall,WA,98019,899000,3,2,Cherry Valley,1940,213880,2018,14,463,,Active,,,https://www.redfin.com/WA/Duvall/29320-NE-189th-St-98019/home/22714976,NWMLS as Distributed by MLS Grid,2220315,N,Y,47.765317,-121.949062
PAST SALE,,Single Family Residential,14325 271st Pl NE #34,Duvall,WA,98019,894950,3,2.5,Duvall,1818,3299,2024,16,492,108,Pending,,,https://www.redfin.com/WA/Duvall/14325-271St-Pl-NE-98019/unit-34/home/190105886,NWMLS as Distributed by MLS Grid,2209120,N,Y,47.7308958,-121.9754328
PAST SALE,October-25-2000,Single Family Residential,26824 NE 164th St,Duvall,WA,98019,720000,3,2.5,Duvall,1440,7383,1994,16,500,,Pending,,,https://www.redfin.com/WA/Duvall/26824-NE-164th-St-98019/home/518212,NWMLS as Distributed by MLS Grid,2209642,N,Y,47.747341,-121.9794344
PAST SALE,,Single Family Residential,26526 NE 147th Pl Unit SR 07,Duvall,WA,98019,1219950,4,2.5,Cherry Valley,2520,6120,2024,17,484,67,Pending,,,https://www.redfin.com/WA/Duvall/26526-NE-147th-Pl-98019/unit-SR-07/home/190257802,NWMLS as Distributed by MLS Grid,2213743,N,Y,47.7339865,-121.9845085
PAST SALE,,Single Family Residential,27126 Site 318 NE Walden Way,Duvall,WA,98019,759995,3,3.5,Duvall,1724,1525,2023,17,441,90,Pending,,,https://www.redfin.com/WA/Duvall/27126-Site-318-NE-Walden-Way-98019/home/185541881,NWMLS as Distributed by MLS Grid,2073731,N,Y,47.72696,-121.974738
PAST SALE,March-27-2017,Townhouse,14707 1st Ln NE #101,Duvall,WA,98019,619000,3,2.5,Duvall,1900,,2002,19,326,616,Pending,,,https://www.redfin.com/WA/Duvall/14707-1st-Ln-NE-98019/unit-101/home/70719,NWMLS as Distributed by MLS Grid,2218010,N,Y,47.7342772,-121.9861342
MLS Listing,,Single Family Residential,26806 NE Dorothy St,Duvall,WA,98019,825000,3,2.5,Duvall,1970,10024,1988,20,419,,Active,,,https://www.redfin.com/WA/Duvall/26806-NE-Dorothy-St-98019/home/519416,NWMLS as Distributed by MLS Grid,2229501,N,Y,47.7379591,-121.980004
MLS Listing,,Vacant Land,18 XXX Mountain View Rd,Duvall,WA,98019,349000,,,Lake Margaret,,207345,,20,,,Active,,,https://www.redfin.com/WA/Duvall/18-XXX-Mountain-View-Rd-NE-98019/home/179892432,NWMLS as Distributed by MLS Grid,2227380,N,Y,47.755752,-121.919084
PAST SALE,,Single Family Residential,14370 271st Cir NE #31,Duvall,WA,98019,949950,3,2.5,Duvall,1949,3751,2024,21,487,108,Pending,,,https://www.redfin.com/WA/Duvall/14370-271st-Cir-NE-98019/unit-31/home/185205278,NWMLS as Distributed by MLS Grid,2059267,N,Y,47.7309794,-121.9746398
PAST SALE,,Single Family Residential,14368 271st Cir NE #30,Duvall,WA,98019,899950,3,2.5,Duvall,1949,3423,2024,21,462,108,Pending,,,https://www.redfin.com/WA/Duvall/14368-271st-Cir-NE-98019/unit-30/home/189393438,NWMLS as Distributed by MLS Grid,2191328,N,Y,47.7312226,-121.9747106
PAST SALE,,Single Family Residential,27130 Site 319 NE Walden Way,Duvall,WA,98019,814995,4,3.5,Duvall,1939,1678,2023,22,420,90,Pending,,,https://www.redfin.com/WA/Duvall/27130-Site-319-NE-Walden-Way-98019/home/185541777,NWMLS as Distributed by MLS Grid,2073726,N,Y,47.727038,-121.974761
MLS Listing,,Vacant Land,0 W Snoqualmie River Rd NE,Duvall,WA,98019,599990,,,Duvall,,3405520,,24,,,Active,,,https://www.redfin.com/WA/Duvall/W-Snoqualmie-River-Rd-NE-Unknown/home/190564881,RMLS,24034524,N,Y,47.770098,-121.975024
PAST SALE,,Single Family Residential,14122 Site 354 272nd Pl NE,Duvall,WA,98019,1054909,4,3,Duvall,2449,4058,2024,25,431,90,Pending,,,https://www.redfin.com/WA/Duvall/14122-Site-354-272nd-Pl-NE-98019/home/189042510,NWMLS as Distributed by MLS Grid,2187954,N,Y,47.727518,-121.974051
PAST SALE,,Single Family Residential,27202 Site 380 NE 141st Pl,Duvall,WA,98019,1241475,6,4,Duvall,3200,3941,2024,25,388,107,Pending,,,https://www.redfin.com/WA/Duvall/27202-Site-380-NE-141st-Pl-Unknown/home/190408105,NWMLS as Distributed by MLS Grid,2219977,N,Y,47.728519,-121.973687
PAST SALE,,Single Family Residential,27217 Site 376 NE 141st Pl,Duvall,WA,98019,969995,3,2.5,Duvall,2221,2895,2024,26,437,107,Pending,,,https://www.redfin.com/WA/Duvall/27217-Site-376-NE-141st-Pl-Unknown/home/189776122,NWMLS as Distributed by MLS Grid,2201102,N,Y,47.728114,-121.973265
PAST SALE,,Single Family Residential,14123 Site 329 272nd Pl NE,Duvall,WA,98019,849995,4,3.5,Duvall,1939,1656,2024,26,438,107,Pending,,,https://www.redfin.com/WA/Duvall/14123-Site-329-272nd-Pl-NE-98019/home/189776035,NWMLS as Distributed by MLS Grid,2201099,N,Y,47.727483,-121.9744
MLS Listing,,Vacant Land,18631 296th Pl NE,Duvall,WA,98019,425000,,,Cherry Valley,,221718,,27,,,Active,,,https://www.redfin.com/WA/Duvall/18631-296th-Pl-NE-98019/home/22509420,NWMLS as Distributed by MLS Grid,2224983,N,Y,47.760643,-121.943332
PAST SALE,,Single Family Residential,26902 Site 210 NE 141st Pl,Duvall,WA,98019,1253838,5,4,Duvall,2678,3639,2024,30,468,107,Pending,,,https://www.redfin.com/WA/Duvall/26902-Site-210-NE-141st-Pl-Unknown/home/189795830,NWMLS as Distributed by MLS Grid,2201623,N,Y,47.728374,-121.978443
MLS Listing,,Single Family Residential,14822 1st Ave NE,Duvall,WA,98019,825000,4,2.5,Duvall In Town,1820,3863,2001,34,453,,Active,,,https://www.redfin.com/WA/Duvall/14822-1st-Ave-NE-98019/home/518956,NWMLS as Distributed by MLS Grid,2219853,N,Y,47.7348915,-121.9849841
PAST SALE,,Townhouse,26530 NE 143rd Pl Unit A,Duvall,WA,98019,845424,4,2.5,Duvall,2126,2008,2024,35,398,290,Pending,,,https://www.redfin.com/WA/Duvall/26530-NE-143rd-Pl-98019/unit-A/home/189691800,NWMLS as Distributed by MLS Grid,2198947,N,Y,47.7298506,-121.9850848
PAST SALE,,Single Family Residential,14333 271st Cir NE #50,Duvall,WA,98019,854950,4,3,Duvall,1939,2660,2024,35,441,108,Pending,,,https://www.redfin.com/WA/Duvall/14333-271st-Cir-NE-98019/unit-50/home/189375057,NWMLS as Distributed by MLS Grid,2191241,N,Y,47.7308618,-121.9747392
PAST SALE,December-13-2023,Townhouse,16001 1st Ave NE,Duvall,WA,98019,825000,3,3.5,Duvall,2360,1820,2017,35,350,,Pending,,,https://www.redfin.com/WA/Duvall/16001-1st-Ave-NE-98019/home/55551409,NWMLS as Distributed by MLS Grid,2190262,N,Y,47.7439577,-121.9846935
MLS Listing,,Mobile/Manufactured Home,14040 322nd Ave NE,Duvall,WA,98019,800000,3,2,Duvall,1404,204732,1996,43,570,,Active,May-18-2024 01:00 PM,May-18-2024 04:00 PM,https://www.redfin.com/WA/Duvall/14040-322nd-Ave-NE-98019/home/2075852,NWMLS as Distributed by MLS Grid,2216530,N,Y,47.7237496,-121.9081707
PAST SALE,,Townhouse,27004 NE 143rd Pl #54,Duvall,WA,98019,798950,3,2.5,Duvall,1754,2532,2023,46,456,108,Pending,,,https://www.redfin.com/WA/Duvall/27004-NE-143rd-Pl-98019/unit-54/home/189369268,NWMLS as Distributed by MLS Grid,2191231,N,Y,47.7304796,-121.9758017
PAST SALE,,Townhouse,14301 270th Ct NE #60,Duvall,WA,98019,785755,4,3,Duvall,1939,3973,2024,46,405,108,Pending,,,https://www.redfin.com/WA/Duvall/14301-270th-Ct-NE-98019/unit-60/home/189370895,NWMLS as Distributed by MLS Grid,2191235,N,Y,47.730444,-121.9778053
PAST SALE,,Single Family Residential,26816 NE 141 Pl Lot 208,Duvall,WA,98019,1147900,5,4,Duvall,3162,3568,2023,47,363,90,Pending,,,https://www.redfin.com/WA/Duvall/26816-NE-141st-Pl-98019/unit-208/home/188340710,NWMLS as Distributed by MLS Grid,2177351,N,Y,47.7284059,-121.9787963
PAST SALE,,Townhouse,26522 NE 143rd Pl #20,Duvall,WA,98019,826505,3,3.5,Duvall,1934,1520,2024,51,427,290,Pending,,,https://www.redfin.com/WA/Duvall/26522-NE-143rd-Pl-98019/unit-20/home/190192594,NWMLS as Distributed by MLS Grid,2211384,N,Y,47.7305576,-121.985235
PAST SALE,,Townhouse,26509 143rd Cir NE #15,Duvall,WA,98019,793728,2,2.5,Duvall,1859,1430,2024,52,427,290,Pending,,,https://www.redfin.com/WA/Duvall/26509-NE-143rd-Pl-98019/unit-15/home/190192682,NWMLS as Distributed by MLS Grid,2211394,N,Y,47.7293638,-121.9854366
PAST SALE,,Single Family Residential,26916 Site 253 NE Walden Way,Duvall,WA,98019,1226829,4,2.5,Duvall,2474,4282,2024,54,496,107,Pending,,,https://www.redfin.com/WA/Duvall/27205-Site-353-NE-141st-St-98019/home/187765807,NWMLS as Distributed by MLS Grid,2194675,N,Y,47.727508,-121.97397
PAST SALE,,Single Family Residential,27014 Site 221 NE 141st Pl,Duvall,WA,98019,1243216,4,2.5,Duvall,2474,5352,2024,56,503,107,Pending,,,https://www.redfin.com/WA/Duvall/27014-NE-141st-Pl-98019/home/181291460,NWMLS as Distributed by MLS Grid,2192356,N,Y,47.7284184,-121.976452
PAST SALE,,Single Family Residential,14176 Site 276 268th Ln NE,Duvall,WA,98019,1189995,5,4,Duvall,3039,3154,2024,60,392,107,Pending,,,https://www.redfin.com/WA/Duvall/14176-268th-Ln-NE-98019/home/189466126,NWMLS as Distributed by MLS Grid,2192908,N,Y,47.7281533,-121.9791585
PAST SALE,May-17-2018,Mobile/Manufactured Home,28000 NE 142nd Pl #124,Duvall,WA,98019,180000,3,2,Duvall,1560,,1974,64,115,,Pending,,,https://www.redfin.com/WA/Duvall/28000-NE-142nd-Pl-98019/unit-124/home/145268321,NWMLS as Distributed by MLS Grid,2192506,N,Y,47.7297177,-121.9624292
PAST SALE,,Single Family Residential,14134 Site 355 272 Pl NE,Duvall,WA,98019,1035467,3,2.5,Duvall,2171,3273,2024,70,477,90,Pending,,,https://www.redfin.com/WA/Duvall/14134-Site-355-272nd-Pl-NE-98019/home/188802938,NWMLS as Distributed by MLS Grid,2182247,N,Y,47.72786,-121.973945
PAST SALE,,Townhouse,26510 NE 143rd Pl #23,Duvall,WA,98019,838186,3,3.5,Duvall,1934,1521,2024,71,433,290,Pending,,,https://www.redfin.com/WA/Duvall/26510-NE-143rd-Pl-98019/unit-23/home/189685774,NWMLS as Distributed by MLS Grid,2195344,N,Y,47.7305552,-121.9854392
PAST SALE,,Single Family Residential,26810 Site 205 NE 141st Pl,Duvall,WA,98019,1198435,5,4,Duvall,3039,3280,2024,78,394,107,Pending,,,https://www.redfin.com/WA/Duvall/26810-Site-205-NE-141st-Pl-Unknown/home/189651880,NWMLS as Distributed by MLS Grid,2192893,N,Y,47.728401,-121.979249
PAST SALE,,Vacant Land,1111 Cherry and Broadway,Duvall,WA,98019,349999,,,Duvall,,8052,,79,,,Pending,,,https://www.redfin.com/WA/Duvall/1111-NE-Cherry-St-98019/home/185236453,NWMLS as Distributed by MLS Grid,2197506,N,Y,47.7413416,-121.9847529
PAST SALE,,Townhouse,26526 NE 143rd Pl #19,Duvall,WA,98019,823514,4,3.5,Duvall,1934,1521,2024,80,426,290,Pending,,,https://www.redfin.com/WA/Duvall/26526-NE-143rd-Pl-98019/unit-19/home/190192545,NWMLS as Distributed by MLS Grid,2198934,N,Y,47.7305583,-121.9851688
PAST SALE,December-13-2023,Townhouse,16025 1st Ave NE,Duvall,WA,98019,850000,3,3.5,Duvall,2470,1840,2018,82,344,,Pending,,,https://www.redfin.com/WA/Duvall/16025-1st-Ave-NE-98019/home/55551416,NWMLS as Distributed by MLS Grid,2200559,N,Y,47.7445122,-121.9846484
PAST SALE,,Single Family Residential,14184 Site 277 NE 268th Ln NE,Duvall,WA,98019,999995,4,3.5,Duvall,2600,2964,2023,84,385,90,Pending,,,https://www.redfin.com/WA/Duvall/14184-Site-277-268th-Ln-NE-98019/home/189663826,NWMLS as Distributed by MLS Grid,2067422,N,Y,47.728053,-121.979105
PAST SALE,,Townhouse,26505 143rd Cir NE #16,Duvall,WA,98019,769990,2,2.5,Duvall,1859,1430,2024,86,414,290,Pending,,,https://www.redfin.com/WA/Duvall/26505-NE-143rd-Pl-98019/unit-16/home/189794033,NWMLS as Distributed by MLS Grid,2201516,N,Y,47.729363,-121.9855028
MLS Listing,,Single Family Residential,16609 W Snoqualmie Valley Rd NE,Duvall,WA,98019,2500000,4,3.5,Woodinville,5520,265280,1993,91,453,,Active,,,https://www.redfin.com/WA/Duvall/16609-W-Snoqualmie-Valley-Rd-NE-98019/home/273502,NWMLS as Distributed by MLS Grid,2197537,N,Y,47.7480432,-122.0048123
PAST SALE,,Single Family Residential,27210 Site 338 NE Walden Way,Duvall,WA,98019,1008005,4,3,Duvall,2313,2822,2024,95,436,107,Pending,,,https://www.redfin.com/WA/Duvall/27210-Site-338-NE-Walden-Way-98019/home/188606267,NWMLS as Distributed by MLS Grid,2181189,N,Y,47.727127,-121.973786
PAST SALE,,Townhouse,14305 270th Ct NE #62,Duvall,WA,98019,759520,3,2.5,Duvall,1754,2520,2023,110,433,108,Pending,,,https://www.redfin.com/WA/Duvall/14305-270th-Ct-NE-98019/unit-62/home/185214033,NWMLS as Distributed by MLS Grid,2059606,N,Y,47.730444,-121.9778053
PAST SALE,,Single Family Residential,26804 Site 202 NE 141 Pl,Duvall,WA,98019,1118435,5,4,Duvall,3039,3280,2024,113,368,90,Pending,,,https://www.redfin.com/WA/Duvall/26804-Site-202-NE-141st-Pl-Unknown/home/189665841,NWMLS as Distributed by MLS Grid,2165147,N,Y,47.728398,-121.979737
PAST SALE,,Single Family Residential,14367 NE 271st Cir NE #44,Duvall,WA,98019,865716,3,2.5,Duvall,1741,3410,2023,113,497,108,Pending,,,https://www.redfin.com/WA/Duvall/14367-271st-Cir-NE-98019/unit-44/home/184916556,NWMLS as Distributed by MLS Grid,2051563,N,Y,47.7309794,-121.9746398
MLS Listing,,Single Family Residential,26812 Lot 206 NE 141st Pl,Duvall,WA,98019,1238075,5,4,Duvall,3162,3354,2024,121,392,107,Active,,,https://www.redfin.com/WA/Duvall/26812-NE-141st-Pl-98019/unit-206/home/189408879,NWMLS as Distributed by MLS Grid,2191946,N,Y,47.728411,-121.9791821
MLS Listing,,Vacant Land,0 300xx NE 147 Pl,Duvall,WA,98019,450000,,,Duvall,,780595,,121,,,Active,,,https://www.redfin.com/WA/Duvall/300-XX-NE-147th-Pl-98019/home/175735626,NWMLS as Distributed by MLS Grid,2190859,N,Y,47.732344,-121.936618
PAST SALE,,Single Family Residential,27204 Site 356 NE 141 St,Duvall,WA,98019,956370,3,2.5,Duvall,2221,2913,2024,128,431,90,Pending,,,https://www.redfin.com/WA/Duvall/27204-Site-356-NE-141st-St-98019/home/187766281,NWMLS as Distributed by MLS Grid,2167387,N,Y,47.727874,-121.973794
PAST SALE,,Single Family Residential,14167 Site 249 270th Ln NE,Duvall,WA,98019,1421951,5,3.5,Duvall,3222,4080,2024,144,441,107,Pending,,,https://www.redfin.com/WA/Duvall/14167-270th-Ln-NE-98019/home/189646939,NWMLS as Distributed by MLS Grid,2049115,N,Y,47.7275088,-121.9779021
PAST SALE,,Single Family Residential,14215 272nd Pl NE,Duvall,WA,98019,889105,4,2.5,Duvall,2054,3560,2023,147,433,108,Pending,,,https://www.redfin.com/WA/Duvall/14215-272nd-Pl-NE-98019/home/181719123,NWMLS as Distributed by MLS Grid,1994650,N,Y,47.729358,-121.974326
PAST SALE,,Single Family Residential,14337 271st Cir NE,Duvall,WA,98019,820724,3,2.5,Duvall,1741,3339,2023,179,471,108,Pending,,,https://www.redfin.com/WA/Duvall/14337-271st-Cir-NE-98019/home/181719747,NWMLS as Distributed by MLS Grid,1994680,N,Y,47.7304034,-121.9747342
PAST SALE,,Townhouse,26918 NE 143rd Pl #56,Duvall,WA,98019,744950,3,2.5,Duvall,1754,2950,2023,188,425,108,Pending,,,https://www.redfin.com/WA/Duvall/26918-NE-143rd-Pl-98019/unit-56/home/185741200,NWMLS as Distributed by MLS Grid,2126510,N,Y,47.7305091,-121.9770835
PAST SALE,April-11-2024,Single Family Residential,14217 272nd Pl NE,Duvall,WA,98019,898950,3,2.5,Duvall,2209,3560,2023,193,407,108,Pending,,,https://www.redfin.com/WA/Duvall/14217-272nd-Pl-NE-98019/home/183985959,NWMLS as Distributed by MLS Grid,1994668,N,Y,47.7294169,-121.9743763
MLS Listing,,Vacant Land,300 XX NE 172nd St,Duvall,WA,98019,950000,,,Cherry Valley,,912146,,197,,,Active,,,https://www.redfin.com/WA/Unknown/300-XX-NE-172nd-St-98019/home/188240707,NWMLS as Distributed by MLS Grid,2176432,N,Y,47.750448,-121.933536
MLS Listing,,Single Family Residential,12415 Kelly Rd NE,Duvall,WA,98019,1295000,3,3,Cherry Valley,2780,690474,1979,220,466,,Active,,,https://www.redfin.com/WA/Duvall/12415-Kelly-Rd-NE-98019/home/441765,NWMLS as Distributed by MLS Grid,2162797,N,Y,47.709285,-121.898632
PAST SALE,,Single Family Residential,14116 Site 337 272nd Pl NE,Duvall,WA,98019,1080890,4,3,Duvall,2449,3760,2024,271,441,107,Pending,,,https://www.redfin.com/WA/Duvall/14116-Site-337-272nd-Pl-NE-98019/home/185542131,NWMLS as Distributed by MLS Grid,2073742,N,Y,47.727137,-121.974065
PAST SALE,,Single Family Residential,14213 272nd Pl NE #5,Duvall,WA,98019,912720,4,2.5,Duvall,2054,4760,2023,308,444,108,Pending,,,https://www.redfin.com/WA/Duvall/14213-272nd-Pl-NE-98019/unit-5/home/185350044,NWMLS as Distributed by MLS Grid,2065026,N,Y,47.7308513,-121.9738492
MLS Listing,,Vacant Land,26717 NE Valley St,Duvall,WA,98019,285000,,,Duvall,,2500,,336,,,Active,,,https://www.redfin.com/WA/Duvall/26717-NE-Valley-St-98019/home/185778138,NWMLS as Distributed by MLS Grid,2127280,N,Y,47.7375781,-121.981196
PAST SALE,,Single Family Residential,14335 271st Cir NE #49,Duvall,WA,98019,834950,3,2.5,Duvall,1939,2660,2023,484,431,108,Pending,,,https://www.redfin.com/WA/Duvall/14335-271st-Cir-NE-98019/unit-49/home/181719675,NWMLS as Distributed by MLS Grid,1994679,N,Y,47.7303975,-121.9748144
PAST SALE,,Single Family Residential,14340 271st Cir NE #16,Duvall,WA,98019,819950,3,2.5,Duvall,1758,3298,2023,484,466,108,Pending,,,https://www.redfin.com/WA/Duvall/14340-271st-Cir-NE-98019/unit-16/home/181719320,NWMLS as Distributed by MLS Grid,1994673,N,Y,47.7304234,-121.9746496
New Construction Home,,Townhouse,26539 NE 143rd Circle Unit E,Duvall,WA,98019,723280,2,2.5,Duvall,1859,,2024,7,389,,Active,,,https://www.redfin.com/WA/Duvall/26539-NE-143rd-Cir-98019/home/184533524,Zillow,36D145CC7D36,N,Y,47.7298517,-121.9849855
New Construction Home,,Single Family Residential,27002 141st Pl,Duvall,WA,98019,1347956,5,4,Duvall,2678,,2024,84,503,,Active,,,https://www.redfin.com/WA/Duvall/27002-Site-215-NE-141st-Pl-Unknown/home/189795804,Zillow,3F89630C44DE,N,Y,47.72858810424805,-121.9776382
New Construction Home,,Single Family Residential,14131 269th Ln,Duvall,WA,98019,1499995,6,5,Duvall,3368,,2024,118,445,,Active,,,https://www.redfin.com/WA/Duvall/14131-269th-Ln-NE-98019/home/189459587,Zillow,3CDCB1000C7A,N,Y,47.7272977,-121.9788104
New Construction Plan,,Single Family Residential,Plan 1949 Modeled Plan,Duvall,WA,98019,949950,3,2.5,Duvall,1949,,,97,487,,Active,,,https://www.redfin.com/WA/Duvall/Duvall/Plan-1949-Modeled/home/189689500,Zillow,9A9A0F848156,N,Y,47.7302684,-121.9758308
New Construction Plan,,Townhouse,Residence VIII Plan,Duvall,WA,98019,769990,2,3.5,Duvall,2587,,,97,298,,Active,,,https://www.redfin.com/WA/Duvall/Duvall/Residence-VIII/home/189618777,Zillow,BFAEA7B716CB,N,Y,47.7305801,-121.9837125
New Construction Plan,,Townhouse,Residence V Plan,Duvall,WA,98019,744990,4,3.5,Duvall,2272,,,97,328,,Active,,,https://www.redfin.com/WA/Duvall/Duvall/Residence-V/home/189618781,Zillow,B3D22F55C72A,N,Y,47.7305801,-121.9837125
New Construction Plan,,Townhouse,Residence III Plan,Duvall,WA,98019,729990,3,2.5,Duvall,2079,,,97,351,,Active,,,https://www.redfin.com/WA/Duvall/Duvall/Residence-III/home/189618769,Zillow,431618B5DE69,N,Y,47.7305801,-121.9837125
New Construction Plan,,Townhouse,Residence II Plan,Duvall,WA,98019,699990,2,2.5,Duvall,1859,,,97,377,,Active,,,https://www.redfin.com/WA/Duvall/Duvall/Residence-II/home/189618776,Zillow,E8F3C66737A9,N,Y,47.7305801,-121.9837125
New Construction Plan,,Townhouse,Residence VI Plan,Duvall,WA,98019,689990,2,2.5,Duvall,1835,,,97,376,,Active,,,https://www.redfin.com/WA/Duvall/Duvall/Residence-VI/home/189618768,Zillow,53EB614AB42A,N,Y,47.7305801,-121.9837125
New Construction Plan,,Townhouse,Residence VII Plan,Duvall,WA,98019,719990,4,3.5,Duvall,1971,,,97,365,,Active,,,https://www.redfin.com/WA/Duvall/Duvall/Residence-VII/home/189618779,Zillow,03E7B9B39D73,N,Y,47.7305801,-121.9837125
New Construction Plan,,Townhouse,Residence I Plan,Duvall,WA,98019,754990,4,3.5,Duvall,2430,,,97,311,,Active,,,https://www.redfin.com/WA/Duvall/Duvall/Residence-I/home/189618773,Zillow,FEE094B259F1,N,Y,47.7305801,-121.9837125
New Construction Plan,,Townhouse,Residence IV Plan,Duvall,WA,98019,729990,2,2.5,Duvall,2079,,,97,351,,Active,,,https://www.redfin.com/WA/Duvall/Duvall/Residence-IV/home/189618770,Zillow,664C04201A51,N,Y,47.7305801,-121.9837125
New Construction Plan,,Single Family Residential,Plan 1758 Modeled Plan,Duvall,WA,98019,884950,3,2.5,Duvall,1758,,,167,503,,Active,,,https://www.redfin.com/WA/Duvall/Duvall/Plan-1758-Modeled/home/188280179,Zillow,BAF7B9334FC8,N,Y,47.7302684,-121.9758308
New Construction Plan,,Single Family Residential,Elm Plan,Duvall,WA,98019,1039995,3,2.5,Duvall,2171,,,190,479,,Active,,,https://www.redfin.com/WA/Duvall/Duvall/Elm/home/187550906,Zillow,F6D4AE946523,N,Y,47.7272654,-121.9802549
New Construction Plan,,Single Family Residential,Alabaster Plan,Duvall,WA,98019,1246475,6,4,Duvall,3200,,,190,390,,Active,,,https://www.redfin.com/WA/Duvall/Duvall/Alabaster/home/188263836,Zillow,57CEFB10C407,N,Y,47.7272654,-121.9802549
New Construction Plan,,Single Family Residential,Hemlock Plan,Duvall,WA,98019,1069995,4,3,Duvall,2449,,,190,437,,Active,,,https://www.redfin.com/WA/Duvall/Duvall/Hemlock/home/188281251,Zillow,D4E626C0B984,N,Y,47.7272654,-121.9802549
New Construction Plan,,Single Family Residential,Mulberry Plan,Duvall,WA,98019,1024995,3,2.5,Duvall,2269,,,190,452,,Active,,,https://www.redfin.com/WA/Duvall/Duvall/Mulberry/home/188279310,Zillow,B1E66BBC7385,N,Y,47.7272654,-121.9802549
New Construction Plan,,Single Family Residential,Obsidian Plan,Duvall,WA,98019,1228075,5,4,Duvall,3160,,,190,389,,Active,,,https://www.redfin.com/WA/Duvall/Duvall/Obsidian/home/188264343,Zillow,3D51740D8440,N,Y,47.7272654,-121.9802549
New Construction Plan,,Single Family Residential,Elderberry Plan,Duvall,WA,98019,1040995,4,3,Duvall,2321,,,190,449,,Active,,,https://www.redfin.com/WA/Duvall/Duvall/Elderberry/home/188281855,Zillow,CD888CCDBD90,N,Y,47.7272654,-121.9802549
New Construction Plan,,Single Family Residential,Emerald with Basement Plan,Duvall,WA,98019,1409045,6,5,Duvall,3368,,,190,418,,Active,,,https://www.redfin.com/WA/Duvall/Duvall/Emerald-with-Basement/home/188290369,Zillow,05306D561E07,N,Y,47.7272654,-121.9802549
New Construction Plan,,Single Family Residential,Amber Plan,Duvall,WA,98019,1337180,5,4,Duvall,2894,,,190,462,,Active,,,https://www.redfin.com/WA/Duvall/Duvall/Amber/home/188264409,Zillow,BA8931577A5B,N,Y,47.7272654,-121.9802549
New Construction Plan,,Single Family Residential,Emerald Plan,Duvall,WA,98019,1281075,5,4,Duvall,2678,,,190,478,,Active,,,https://www.redfin.com/WA/Duvall/Duvall/Emerald/home/188264900,Zillow,239E8DE84CED,N,Y,47.7272654,-121.9802549
New Construction Plan,,Single Family Residential,Garnet Plan,Duvall,WA,98019,1227880,4,2.5,Duvall,2474,,,190,496,,Active,,,https://www.redfin.com/WA/Duvall/Duvall/Garnet/home/188264133,Zillow,40C214BE547A,N,Y,47.7272654,-121.9802549
New Construction Plan,,Single Family Residential,Garnet with Basement Plan,Duvall,WA,98019,1378256,5,3.5,Duvall,3222,,,190,428,,Active,,,https://www.redfin.com/WA/Duvall/Duvall/Garnet-with-Basement/home/188290454,Zillow,DC323A1C5F11,N,Y,47.7272654,-121.9802549
New Construction Plan,,Single Family Residential,Opal Plan,Duvall,WA,98019,1218435,5,4,Duvall,3039,,,190,401,,Active,,,https://www.redfin.com/WA/Duvall/Duvall/Opal/home/188264004,Zillow,4664ED818AB0,N,Y,47.7272654,-121.9802549
New Construction Plan,,Single Family Residential,Chestnut Plan,Duvall,WA,98019,1004995,3,2.5,Duvall,2221,,,190,452,,Active,,,https://www.redfin.com/WA/Duvall/Duvall/Chestnut/home/188279170,Zillow,95C0E0E3831F,N,Y,47.7272654,-121.9802549
