SALE TYPE,SOLD DATE,PROPERTY TYPE,ADDRESS,CITY,STATE OR PROVINCE,ZIP OR POSTAL CODE,PRICE,BEDS,BATHS,LOCATION,SQUARE FEET,LOT SIZE,YEAR BUILT,DAYS ON MARKET,$/SQUARE FEET,HOA/MONTH,STATUS,NEXT OPEN HOUSE START TIME,NEXT OPEN HOUSE END TIME,URL (SEE https://www.redfin.com/buy-a-home/comparative-market-analysis FOR INFO ON PRICING),SOURCE,MLS#,FAVORITE,INTERESTED,LATITUDE,LONGITUDE
"In accordance with local MLS rules, some MLS listings are not included in the download",,,,,,,,,,,,,,,,,,,,,,,,,,
MLS Listing,,Single Family Residential,386 Garland Pl,Enumclaw,WA,98022,524950,3,2,High School,1210,8555,1994,21,434,75,Active,,,https://www.redfin.com/WA/Enumclaw/386-Garland-Pl-98022/home/297051,NWMLS as Distributed by MLS Grid,2228382,N,Y,47.1944425,-122.0159303
PAST SALE,,Single Family Residential,1087 Okerlund (Lot 4) Dr,Enumclaw,WA,98022,1080000,5,3.5,Enumclaw,3297,8420,2024,1,328,,Pending,,,https://www.redfin.com/WA/Enumclaw/1087-Okerlund-Lot-4-DR-98022/home/190571885,NWMLS as Distributed by MLS Grid,2166808,N,Y,47.200266,-121.991457
PAST SALE,,Single Family Residential,1124 Okerlund Dr,Enumclaw,WA,98022,899950,3,3,Enumclaw,2372,8420,2024,97,379,,Pending,,,https://www.redfin.com/WA/Unknown/1124-Okerlund-Dr-Unknown/home/187470449,NWMLS as Distributed by MLS Grid,2198690,N,Y,47.199509,-122.011227
PAST SALE,,Single Family Residential,1139 Lindenberger Ln,Enumclaw,WA,98022,789950,4,3,Enumclaw,2490,8445,2024,99,317,,Pending,,,https://www.redfin.com/WA/Enumclaw/1139-Lindenberger-Ln-98022/home/183986602,NWMLS as Distributed by MLS Grid,2197902,N,Y,47.201157,-122.011277
MLS Listing,,Single Family Residential,42430 284th Ave SE,Enumclaw,WA,98022,799950,2,2,Enumclaw,1150,197762,1958,1,696,,Active,,,https://www.redfin.com/WA/Enumclaw/42430-284th-Ave-SE-98022/home/297224,NWMLS as Distributed by MLS Grid,2234104,N,Y,47.2204021,-121.9618124
MLS Listing,,Single Family Residential,42411 228th Ave SE,Enumclaw,WA,98022,649950,3,2,Enumclaw,1895,22770,1948,1,343,,Active,,,https://www.redfin.com/WA/Enumclaw/42411-228th-Ave-SE-98022/home/293940,NWMLS as Distributed by MLS Grid,2238780,N,Y,47.2205001,-122.0378246
PAST SALE,January-31-2023,Single Family Residential,2024 James St,Enumclaw,WA,98022,459900,2,1,Enumclaw,832,6000,1916,1,553,,Pending,,,https://www.redfin.com/WA/Enumclaw/2024-James-St-98022/home/295546,NWMLS as Distributed by MLS Grid,2222801,N,Y,47.2095119,-121.9935358
PAST SALE,October-25-2019,Single Family Residential,2004 Neilsen Ave,Enumclaw,WA,98022,430000,2,1,Enumclaw,920,5000,1922,1,467,,Pending,,,https://www.redfin.com/WA/Enumclaw/2004-Neilsen-Ave-98022/home/295735,NWMLS as Distributed by MLS Grid,2230639,N,Y,47.2011503,-121.9949458
MLS Listing,,Vacant Land,"276 XX SE 424th   (lots 1-4,6) St",Enumclaw,WA,98022,349000,,,North Enumclaw,,366700,,1,,,Active,,,https://www.redfin.com/WA/Enumclaw/276-XX-SE-424th-St-98022/home/175078782,NWMLS as Distributed by MLS Grid,2238157,N,Y,47.221619,-121.974834
MLS Listing,,Mobile/Manufactured Home,2090 Glacier St #56,Enumclaw,WA,98022,435950,2,2,Enumclaw,1589,,2024,1,274,,Active,May-17-2024 01:00 PM,May-17-2024 03:00 PM,https://www.redfin.com/WA/Enumclaw/2090-Glacier-St-98022/unit-56/home/190802109,NWMLS as Distributed by MLS Grid,2237962,N,Y,47.201533,-121.955358
PAST SALE,April-7-2021,Mobile/Manufactured Home,41708 196th Ave SE,Enumclaw,WA,98022,450000,1,1,Westwood,924,272250,1982,2,487,,Pending,,,https://www.redfin.com/WA/Enumclaw/41708-196th-Ave-SE-98022/home/2094888,NWMLS as Distributed by MLS Grid,2231713,N,Y,47.2295136,-122.0790166
MLS Listing,,Single Family Residential,41410 299th Ave SE,Enumclaw,WA,98022,1139950,3,3,Veazie,3120,217800,1992,2,365,,Active,May-18-2024 11:00 AM,May-18-2024 01:00 PM,https://www.redfin.com/WA/Enumclaw/41410-299th-Ave-SE-98022/home/293120,NWMLS as Distributed by MLS Grid,2237869,N,Y,47.2286753,-121.9425618
PAST SALE,August-5-2003,Mobile/Manufactured Home,22825 SE 452nd St,Enumclaw,WA,98022,900000,3,2,Osceola,1440,1096405,1996,3,625,,Pending,,,https://www.redfin.com/WA/Enumclaw/22825-SE-452nd-St-98022/home/2084665,NWMLS as Distributed by MLS Grid,2222661,N,Y,47.1955444,-122.0363204
PAST SALE,,Single Family Residential,43406 228th Ave SE,Enumclaw,WA,98022,499000,2,1,Enumclaw,1310,45000,1947,4,381,,Pending,,,https://www.redfin.com/WA/Enumclaw/43406-228th-Ave-SE-98022/home/292558,NWMLS as Distributed by MLS Grid,2218753,N,Y,47.211812,-122.0371406
PAST SALE,March-21-2005,Single Family Residential,36225 307th Ave SE,Enumclaw,WA,98022,995000,3,2,Enumclaw,2180,175111,2005,4,456,,Pending,,,https://www.redfin.com/WA/Enumclaw/36225-307th-Ave-SE-98022/home/8186557,NWMLS as Distributed by MLS Grid,2213170,N,Y,47.2752167,-121.9356335
PAST SALE,October-19-2015,Single Family Residential,1123 Loraine St,Enumclaw,WA,98022,585000,3,2.5,Central In Town,1300,9282,1961,4,450,,Pending,,,https://www.redfin.com/WA/Enumclaw/1123-Loraine-St-98022/home/296729,NWMLS as Distributed by MLS Grid,2227755,N,Y,47.201076,-122.0011922
PAST SALE,November-16-2005,Single Family Residential,38410 Enumclaw Franklin Rd SE,Enumclaw,WA,98022,1300000,6,3.5,Enumclaw,4580,159430,1975,4,284,,Pending,,,https://www.redfin.com/WA/Enumclaw/38410-Enumclaw-Franklin-Rd-SE-98022/home/293241,NWMLS as Distributed by MLS Grid,2231077,N,Y,47.2558049,-121.985826
PAST SALE,March-28-1990,Single Family Residential,444 Burger Pl,Enumclaw,WA,98022,640000,3,2.5,Flensted,2030,8923,1990,5,315,4,Pending,,,https://www.redfin.com/WA/Enumclaw/444-Burger-Pl-98022/home/298068,NWMLS as Distributed by MLS Grid,2222166,N,Y,47.195138,-122.0071742
PAST SALE,December-6-1985,Single Family Residential,23724 SE 436th St,Enumclaw,WA,98022,299000,2,1,Enumclaw,1220,40930,1947,5,245,,Pending,,,https://www.redfin.com/WA/Enumclaw/23724-SE-436th-St-98022/home/293365,NWMLS as Distributed by MLS Grid,2198147,N,Y,47.2104588,-122.0244928
MLS Listing,,Single Family Residential,26444 SE 427th St,Enumclaw,WA,98022,799950,3,2,Ne In Town,1258,88862,1940,5,636,,Active,,,https://www.redfin.com/WA/Enumclaw/26444-SE-427th-St-98022/home/296827,NWMLS as Distributed by MLS Grid,2236484,N,Y,47.2185332,-121.9876973
PAST SALE,July-24-2019,Single Family Residential,1904 LaFromboise St,Enumclaw,WA,98022,575000,4,1.5,Central In Town,2350,6440,1931,6,245,,Pending,,,https://www.redfin.com/WA/Enumclaw/1904-Lafromboise-St-98022/home/297290,NWMLS as Distributed by MLS Grid,2230366,N,Y,47.2089024,-121.9965469
PAST SALE,November-26-2002,Single Family Residential,1928 Gossard,Enumclaw,WA,98022,695000,4,2,Central In Town,2005,12600,1960,6,347,,Pending,,,https://www.redfin.com/WA/Enumclaw/1928-Gossard-St-98022/home/296423,NWMLS as Distributed by MLS Grid,2235051,N,Y,47.2092168,-122.0065889
MLS Listing,,Single Family Residential,39206 258th Ave SE,Enumclaw,WA,98022,849950,3,2.5,Krain,2660,47135,1977,6,320,,Active,,,https://www.redfin.com/WA/Enumclaw/39206-258th-Ave-SE-98022/home/293282,NWMLS as Distributed by MLS Grid,2235707,N,Y,47.2497484,-121.9970378
PAST SALE,January-18-2008,Single Family Residential,708 Natalie Pl,Enumclaw,WA,98022,425000,3,1,Enumclaw,1040,7992,1981,7,409,,Pending,,,https://www.redfin.com/WA/Enumclaw/708-Natalie-Pl-98022/home/297495,NWMLS as Distributed by MLS Grid,1961665,N,Y,47.1966566,-121.998357
PAST SALE,November-30-2016,Single Family Residential,1936 Lowell Ave,Enumclaw,WA,98022,550000,3,2,Enumclaw,1220,6400,1947,7,451,,Pending,,,https://www.redfin.com/WA/Enumclaw/1936-Lowell-Ave-98022/home/295614,NWMLS as Distributed by MLS Grid,2204770,N,Y,47.2117993,-121.9932656
MLS Listing,,Single Family Residential,3004 Division St,Enumclaw,WA,98022,799950,4,2.5,Enumclaw,2730,15634,1928,7,293,,Active,May-18-2024 11:30 AM,May-18-2024 01:30 PM,https://www.redfin.com/WA/Enumclaw/3004-Division-St-98022/home/297661,NWMLS as Distributed by MLS Grid,2235169,N,Y,47.2111174,-121.9951831
PAST SALE,,Vacant Land,47031 286th Ave SE,Enumclaw,WA,98022,125000,,,Mt Peak,,97123,,8,,,Pending,,,https://www.redfin.com/WA/Enumclaw/47031-286th-Ave-SE-98022/home/292323,NWMLS as Distributed by MLS Grid,2161650,N,Y,47.178862,-121.960353
MLS Listing,,Single Family Residential,3435 Meadow Park Ave,Enumclaw,WA,98022,999999,3,2.5,Fairgrounds,3335,10280,2018,8,300,58,Active,May-19-2024 11:00 AM,May-19-2024 02:00 PM,https://www.redfin.com/WA/Enumclaw/3435-Meadow-Park-Ave-98022/home/113995942,NWMLS as Distributed by MLS Grid,2234121,N,Y,47.1972325,-122.014236
MLS Listing,,Vacant Land,35 xxx Cumberland Way SE,Enumclaw,WA,98022,425000,,,Cumberland,,1467972,,10,,,Active,,,https://www.redfin.com/WA/Unknown/35-xxx-Cumberland-Way-SE-98022/home/190487328,NWMLS as Distributed by MLS Grid,2221933,N,Y,47.279873,-121.927258
PAST SALE,,Vacant Land,33500 SE 348th St,Enumclaw,WA,98022,199950,,,Cumberland,,852338,,11,,,Pending,,,https://www.redfin.com/WA/Enumclaw/33500-SE-348th-St-98022/home/49736218,NWMLS as Distributed by MLS Grid,2230147,N,Y,47.290152,-121.8973395
MLS Listing,,Single Family Residential,1637 Kibler Ave,Enumclaw,WA,98022,500000,3,2,Enumclaw,1770,3500,1923,12,282,,Active,,,https://www.redfin.com/WA/Enumclaw/1637-Kibler-Ave-98022/home/295703,NWMLS as Distributed by MLS Grid,2226729,N,Y,47.2103822,-121.9904688
MLS Listing,,Single Family Residential,2247 Roosevelt Ave,Enumclaw,WA,98022,659900,4,2,Enumclaw,3030,18086,1920,14,218,,Active,,,https://www.redfin.com/WA/Enumclaw/2247-Roosevelt-Ave-98022/home/296108,NWMLS as Distributed by MLS Grid,2232168,N,Y,47.1996671,-121.9984838
PAST SALE,,Single Family Residential,1102 Okerlund Dr,Enumclaw,WA,98022,929950,3,2.5,Enumclaw,2834,8421,2024,14,328,,Pending,,,https://www.redfin.com/WA/Unknown/1102-Okerlund-Dr-Unknown/home/187470450,NWMLS as Distributed by MLS Grid,2203776,N,Y,47.200599,-122.010367
PAST SALE,,Mobile/Manufactured Home,38043 300th Ave SE,Enumclaw,WA,98022,285000,3,2,Veazie,1900,75359,1979,14,150,,Pending,,,https://www.redfin.com/WA/Enumclaw/38043-300th-Ave-SE-98022/home/12300592,NWMLS as Distributed by MLS Grid,2190743,N,Y,47.2586219,-121.944095
PAST SALE,,Single Family Residential,1150 Lot 13 Lindenberger Ln,Enumclaw,WA,98022,682900,2,2,Nw In Town,2005,8505,2024,15,341,32,Pending,,,https://www.redfin.com/WA/Enumclaw/1150-Lot-13-Lindenberger-LN-98022/home/188120705,NWMLS as Distributed by MLS Grid,2173243,N,Y,47.201291,-122.011966
MLS Listing,,Single Family Residential,38217 244th Ave SE,Enumclaw,WA,98022,935000,4,2,North Enumclaw,2700,66211,1977,15,346,,Active,,,https://www.redfin.com/WA/Enumclaw/38217-244th-Ave-SE-98022/home/291836,NWMLS as Distributed by MLS Grid,2230799,N,Y,47.257859,-122.01772
MLS Listing,,Single Family Residential,1722 Harding St,Enumclaw,WA,98022,489950,3,1,Central In Town,1460,4298,1920,16,336,,Active,,,https://www.redfin.com/WA/Enumclaw/1722-Harding-St-98022/home/297373,NWMLS as Distributed by MLS Grid,2219390,N,Y,47.2069951,-121.9991979
PAST SALE,December-6-2019,Single Family Residential,2016 Neilsen Ave,Enumclaw,WA,98022,599950,3,2.5,Central In Town,1970,5000,2006,17,305,,Pending,,,https://www.redfin.com/WA/Enumclaw/2016-Neilsen-Ave-98022/home/295736,NWMLS as Distributed by MLS Grid,2226981,N,Y,47.2011786,-121.9951271
PAST SALE,May-7-2019,Single Family Residential,303 Ericksen Ln N,Enumclaw,WA,98022,585000,4,2.5,Mt Peak,2450,5775,2018,18,239,29,Pending,,,https://www.redfin.com/WA/Enumclaw/303-Ericksen-Ln-N-98022/home/170484173,NWMLS as Distributed by MLS Grid,2212593,N,Y,47.194051,-121.9717634
PAST SALE,,Single Family Residential,1058 Okerlund Dr,Enumclaw,WA,98022,849950,3,2.5,Enumclaw,2211,8420,2024,19,384,,Pending,,,https://www.redfin.com/WA/Unknown/1058-Okerlund-Dr-Unknown/home/187470452,NWMLS as Distributed by MLS Grid,2202203,N,Y,47.199986,-122.01034
PAST SALE,November-25-2019,Single Family Residential,2107 Griffin Ave,Enumclaw,WA,98022,565000,2,1,Enumclaw,1400,7200,1918,20,404,,Pending,,,https://www.redfin.com/WA/Enumclaw/2107-Griffin-Ave-98022/home/295370,NWMLS as Distributed by MLS Grid,2222586,N,Y,47.2068166,-121.996504
PAST SALE,October-1-2020,Single Family Residential,3400 Larsen Ave,Enumclaw,WA,98022,740000,3,2.5,The Meadows,2510,9240,1999,20,295,21,Pending,,,https://www.redfin.com/WA/Enumclaw/3400-Larsen-Ave-98022/home/297061,NWMLS as Distributed by MLS Grid,2216737,N,Y,47.1895702,-122.0137585
MLS Listing,,Single Family Residential,2688 Olie Ann Pl,Enumclaw,WA,98022,1195000,5,4.5,Enumclaw,4230,11236,2019,20,283,38,Active,,,https://www.redfin.com/WA/Enumclaw/2688-Olie-Ann-Pl-98022/home/145709714,NWMLS as Distributed by MLS Grid,2229091,N,Y,47.1969473,-122.0041547
PAST SALE,September-11-2023,Single Family Residential,40845 264th Ave SE,Enumclaw,WA,98022,969999,5,3,Enumclaw,2648,197496,1976,21,366,,Pending,,,https://www.redfin.com/WA/Enumclaw/40845-264th-Ave-SE-98022/home/292718,NWMLS as Distributed by MLS Grid,2217329,N,Y,47.2343221,-121.9898301
MLS Listing,,Single Family Residential,20514 SE 424th St,Enumclaw,WA,98022,1650000,3,2.5,Enumclaw,3030,415998,2022,22,545,,Active,,,https://www.redfin.com/WA/Enumclaw/20514-SE-424th-St-98022/home/292434,NWMLS as Distributed by MLS Grid,2226897,N,Y,47.221934,-122.068265
PAST SALE,July-31-2009,Single Family Residential,1305 Marion St,Enumclaw,WA,98022,565000,3,2,Enumclaw,2362,5000,1924,23,239,,Pending,,,https://www.redfin.com/WA/Enumclaw/1305-Marion-St-98022/home/297336,NWMLS as Distributed by MLS Grid,2218222,N,Y,47.202617,-121.9944403
PAST SALE,February-12-2021,Single Family Residential,1466 Franklin St,Enumclaw,WA,98022,649999,3,2,Enumclaw,2870,10546,1900,23,226,,Pending,,,https://www.redfin.com/WA/Enumclaw/1466-Franklin-St-98022/home/296025,NWMLS as Distributed by MLS Grid,2224799,N,Y,47.2048695,-121.9943011
MLS Listing,,Single Family Residential,44410 208th Ave SE,Enumclaw,WA,98022,1520000,2,2,Enumclaw,2810,641203,1979,23,541,,Active,,,https://www.redfin.com/WA/Enumclaw/44410-208th-Ave-SE-98022/home/293984,NWMLS as Distributed by MLS Grid,2226469,N,Y,47.20154,-122.062867
PAST SALE,,Single Family Residential,3269 Roosevelt Ave,Enumclaw,WA,98022,899950,5,3,Enumclaw,2978,11445,2024,24,302,,Pending,,,https://www.redfin.com/WA/Enumclaw/3269-Roosevelt-Ave-98022/home/183986614,NWMLS as Distributed by MLS Grid,2199206,N,Y,47.199651,-122.011816
PAST SALE,May-14-2021,Single Family Residential,445 Petersen Dr E,Enumclaw,WA,98022,585000,3,2,Mt Peak,1722,4702,2014,25,340,,Pending,,,https://www.redfin.com/WA/Enumclaw/445-Petersen-Dr-E-98022/home/28582055,NWMLS as Distributed by MLS Grid,2215294,N,Y,47.1948413,-121.9749396
MLS Listing,,Single Family Residential,29322 SE 374th St,Enumclaw,WA,98022,1750000,4,3.5,Enumclaw,3516,216057,2006,26,498,,Active,,,https://www.redfin.com/WA/Enumclaw/29322-SE-374th-St-98022/home/8186044,NWMLS as Distributed by MLS Grid,2222829,N,Y,47.266195,-121.951982
PAST SALE,October-16-1989,Single Family Residential,1834 Pioneer St,Enumclaw,WA,98022,699990,3,2.5,Enumclaw,1670,17500,1958,27,419,,Pending,,,https://www.redfin.com/WA/Enumclaw/1834-Pioneer-St-98022/home/297390,NWMLS as Distributed by MLS Grid,2220807,N,Y,47.2081883,-121.9977855
PAST SALE,January-30-2023,Vacant Land,40127 244th Ave SE,Enumclaw,WA,98022,625000,,,Enumclaw,,749770,,29,,,Pending,,,https://www.redfin.com/WA/Enumclaw/40127-244th-Ave-SE-98022/home/179877720,NWMLS as Distributed by MLS Grid,2219651,N,Y,47.2414671,-122.0167313
MLS Listing,,Single Family Residential,3010 Silver Springs Ave,Enumclaw,WA,98022,699990,4,3,Enumclaw,2420,8501,1994,29,289,15,Active,,,https://www.redfin.com/WA/Enumclaw/3010-Silver-Springs-Ave-98022/home/295648,NWMLS as Distributed by MLS Grid,2224284,N,Y,47.2082315,-122.0092121
MLS Listing,,Mobile/Manufactured Home,271 Grand Fir Dr #31,Enumclaw,WA,98022,199950,4,2,Mt Peak,1848,,1991,31,108,,Active,,,https://www.redfin.com/WA/Enumclaw/271-Grand-Fir-Dr-98022/unit-31/home/176000461,NWMLS as Distributed by MLS Grid,2223715,N,Y,47.1923293,-121.9959593
MLS Listing,,Vacant Land,23130 SE 464th St,Enumclaw,WA,98022,450000,,,Osceola,,426452,,31,,,Active,,,https://www.redfin.com/WA/Enumclaw/23130-SE-464th-St-98022/home/22225605,NWMLS as Distributed by MLS Grid,2220225,N,Y,47.186577,-122.032843
PAST SALE,,Single Family Residential,1088 Lot 18 Lindenberger Ln,Enumclaw,WA,98022,684900,3,2,Nw In Town,1814,8425,2023,33,378,32,Pending,,,https://www.redfin.com/WA/Enumclaw/1088-Lot-18-Lindenberger-Ln-98022/home/189499561,NWMLS as Distributed by MLS Grid,2193563,N,Y,47.200478,-122.011967
MLS Listing,,Vacant Land,41603 295th Pl,Enumclaw,WA,98022,600000,,,Veazie,,609840,,34,,,Active,,,https://www.redfin.com/WA/Enumclaw/41603-295th-Pl-SE-98022/home/2085075,NWMLS as Distributed by MLS Grid,2222343,N,Y,47.227327,-121.949282
MLS Listing,,Single Family Residential,256 Petersen Dr E,Enumclaw,WA,98022,599999,4,2.5,Enumclaw,2570,4681,2008,35,233,15,Active,,,https://www.redfin.com/WA/Enumclaw/256-Petersen-Dr-E-98022/home/21617709,NWMLS as Distributed by MLS Grid,2220789,N,Y,47.1944953,-121.9775941
MLS Listing,,Single Family Residential,36902 244th Ave SE,Enumclaw,WA,98022,1199950,4,2.5,Flaming Geyser,2970,94090,2002,35,404,,Active,,,https://www.redfin.com/WA/Enumclaw/36902-244th-Ave-SE-98022/home/294321,NWMLS as Distributed by MLS Grid,2209749,N,Y,47.2698857,-122.0163356
MLS Listing,,Single Family Residential,3330 Ward Ct,Enumclaw,WA,98022,582503,3,2.5,Enumclaw,1650,8412,1995,42,353,19,Active,,,https://www.redfin.com/WA/Enumclaw/3330-Ward-Ct-98022/home/298033,NWMLS as Distributed by MLS Grid,2218558,N,Y,47.1955682,-122.0124547
MLS Listing,,Mobile/Manufactured Home,2048 Paradise Ave #13,Enumclaw,WA,98022,409950,2,2,Enumclaw,1440,,2023,49,285,,Active,May-17-2024 01:00 PM,May-17-2024 03:00 PM,https://www.redfin.com/WA/Enumclaw/2048-Paradise-Ave-98022/unit-13/home/190326444,NWMLS as Distributed by MLS Grid,2214935,N,Y,47.199651,-121.95384
MLS Listing,,Single Family Residential,1574 Chinook Ave,Enumclaw,WA,98022,479900,3,2,Enumclaw,990,4616,1994,51,485,,Active,May-19-2024 01:00 PM,May-19-2024 02:00 PM,https://www.redfin.com/WA/Enumclaw/1574-Chinook-Ave-98022/home/297782,NWMLS as Distributed by MLS Grid,2214720,N,Y,47.2113845,-121.9893051
PAST SALE,December-14-2016,Single Family Residential,1005 McKinley St,Enumclaw,WA,98022,599990,5,3.5,Enumclaw,2470,6924,1925,52,243,,Pending,,,https://www.redfin.com/WA/Enumclaw/1005-McKinley-St-98022/home/297155,NWMLS as Distributed by MLS Grid,2203990,N,Y,47.1995405,-122.0036494
MLS Listing,,Single Family Residential,28020 SE 388th Pl,Enumclaw,WA,98022,2250000,4,3.5,North Enumclaw,7550,456073,2007,53,298,,Active,,,https://www.redfin.com/WA/Enumclaw/28020-SE-388th-Pl-98022/home/2071428,NWMLS as Distributed by MLS Grid,2192399,N,Y,47.2548249,-121.967794
MLS Listing,,Vacant Land,38311 Enumclaw Franklin Rd SE,Enumclaw,WA,98022,260000,,,Enumclaw,,52272,,55,,,Active,,,https://www.redfin.com/WA/Enumclaw/38311-Enumclaw-Franklin-Rd-SE-98022/home/146413811,NWMLS as Distributed by MLS Grid,2213809,N,Y,47.2590799,-121.9851701
PAST SALE,,Single Family Residential,1036 Okerlund Dr,Enumclaw,WA,98022,819950,3,2,Enumclaw,1883,8419,2023,56,435,,Pending,,,https://www.redfin.com/WA/Unknown/1036-Okerlund-Dr-Unknown/home/187470453,NWMLS as Distributed by MLS Grid,2180417,N,Y,47.20026,-122.010231
MLS Listing,,Mobile/Manufactured Home,2230 Estero Ave,Enumclaw,WA,98022,115000,3,2,Enumclaw,1296,,1983,66,89,,Active,,,https://www.redfin.com/WA/Enumclaw/2230-Estero-Ave-98022/home/176034661,NWMLS as Distributed by MLS Grid,2206169,N,Y,47.2034011,-121.9602918
MLS Listing,,Single Family Residential,1113 Okerlund Dr,Enumclaw,WA,98022,1024950,5,3.5,Enumclaw,3297,9325,2024,66,311,,Active,,,https://www.redfin.com/WA/Enumclaw/1113-Okerlund-Dr-98022/home/190263851,NWMLS as Distributed by MLS Grid,2208155,N,Y,47.200978,-122.009776
MLS Listing,,Single Family Residential,1109 Okerlund Dr,Enumclaw,WA,98022,954950,4,2.5,Enumclaw,2834,8519,2024,66,337,,Active,May-17-2024 12:00 PM,May-17-2024 05:00 PM,https://www.redfin.com/WA/Unknown/1109-Okerlund-Dr-Unknown/home/187470444,NWMLS as Distributed by MLS Grid,2208084,N,Y,47.200741,-122.00989
MLS Listing,,Single Family Residential,1014 Okerlund Dr,Enumclaw,WA,98022,919950,3,3,Enumclaw,2372,8421,2024,83,388,,Active,May-17-2024 12:00 PM,May-17-2024 04:00 PM,https://www.redfin.com/WA/Unknown/1014-Okerlund-Dr-Unknown/home/187470454,NWMLS as Distributed by MLS Grid,2203013,N,Y,47.199505,-122.010353
MLS Listing,,Single Family Residential,1151 Lindenberger Ln,Enumclaw,WA,98022,799950,5,3,Enumclaw,2435,8040,2024,86,329,,Active,May-17-2024 12:00 PM,May-17-2024 05:00 PM,https://www.redfin.com/WA/Enumclaw/1151-Lindenberger-Ln-98022/home/183986603,NWMLS as Distributed by MLS Grid,2201793,N,Y,47.201327,-122.01124
MLS Listing,,Single Family Residential,24211 SE 380th St,Enumclaw,WA,98022,895000,3,2.5,Enumclaw,3530,76709,1979,90,254,,Active,,,https://www.redfin.com/WA/Enumclaw/24211-SE-380th-St-98022/home/293149,NWMLS as Distributed by MLS Grid,2200777,N,Y,47.2594284,-122.0193298
PAST SALE,,Single Family Residential,1117 Okerlund Dr,Enumclaw,WA,98022,844950,3,2.5,Enumclaw,2286,8493,2023,93,370,,Pending,,,https://www.redfin.com/WA/Enumclaw/1117-Okerlund-Dr-98022/home/190292142,NWMLS as Distributed by MLS Grid,2176376,N,Y,47.200983,-122.010073
MLS Listing,,Vacant Land,357 XX SE Cumberland Ridge (Lot D) Rd SE,Enumclaw,WA,98022,328999,,,Lake Walker,,1127768,,94,,,Active,,,https://www.redfin.com/WA/Enumclaw/357-XX-Cumberland-Ridge-RD-SE-98022/home/183057866,NWMLS as Distributed by MLS Grid,2199401,N,Y,47.279782,-121.921077
MLS Listing,,Single Family Residential,1017 Lindenberger Ln,Enumclaw,WA,98022,859950,3,2,Enumclaw,2066,9670,2024,97,416,,Active,May-17-2024 12:00 PM,May-17-2024 05:00 PM,https://www.redfin.com/WA/Enumclaw/1017-Lindenberger-Ln-98022/home/183986597,NWMLS as Distributed by MLS Grid,2198670,N,Y,47.199515,-122.011266
MLS Listing,,Single Family Residential,1162 Lot 12 Lindenberger Ln,Enumclaw,WA,98022,749900,4,2.5,Nw In Town,2305,7750,2024,99,325,,Active,,,https://www.redfin.com/WA/Enumclaw/1162-Lindenberger-LN-98022/unit-12/home/184355975,NWMLS as Distributed by MLS Grid,2196595,N,Y,47.201452,-122.011934
MLS Listing,,Mobile/Manufactured Home,792 Pine Dr,Enumclaw,WA,98022,120000,3,2,Enumclaw,1500,,1983,100,80,,Active,,,https://www.redfin.com/WA/Enumclaw/792-Pine-Dr-98022/home/18572171,NWMLS as Distributed by MLS Grid,2197406,N,Y,47.1970482,-121.9868906
PAST SALE,,Vacant Land,398 xx 292nd Ave SE,Enumclaw,WA,98022,59000,,,Krain,,22496,,103,,,Pending,,,https://www.redfin.com/WA/Enumclaw/398-XX-272nd-Ave-SE-98022/home/171439576,NWMLS as Distributed by MLS Grid,2189943,N,Y,47.243662,-121.97957
MLS Listing,,Other,22730 SE 398 St,Enumclaw,WA,98022,345000,,,Enumclaw,,93898,,121,,,Active,,,https://www.redfin.com/WA/Enumclaw/22730-SE-398th-St-98022/home/190427827,NWMLS as Distributed by MLS Grid,2191858,N,Y,47.246347,-122.038243
MLS Listing,,Vacant Land,35200 SE 352nd St Unit LotF,Enumclaw,WA,98022,399000,,,Veazie,,438546,,125,,0,Active,,,https://www.redfin.com/WA/Enumclaw/35200-SE-352nd-St-98022/unit-LotF/home/189143760,NWMLS as Distributed by MLS Grid,2190812,N,Y,47.2854174,-121.9294755
MLS Listing,,Vacant Land,665 watson,Enumclaw,WA,98022,899000,,,Enumclaw,,74286,,129,,,Active,,,https://www.redfin.com/WA/Enumclaw/665-Watson-St-N-98022/home/189104500,NWMLS as Distributed by MLS Grid,2189686,N,Y,47.1964272,-121.9783503
MLS Listing,,Mobile/Manufactured Home,2034 Paradise Ave #12,Enumclaw,WA,98022,394950,2,2,Enumclaw,1354,,2023,147,292,,Active,May-17-2024 01:00 PM,May-17-2024 03:00 PM,https://www.redfin.com/WA/Enumclaw/2034-Paradise-Ave-98022/unit-12/home/188994521,NWMLS as Distributed by MLS Grid,2186591,N,Y,47.199642,-121.954046
MLS Listing,,Mobile/Manufactured Home,1637 Timber St #23,Enumclaw,WA,98022,334950,2,2,Enumclaw,945,,2023,171,354,,Active,May-17-2024 01:00 PM,May-17-2024 03:00 PM,https://www.redfin.com/WA/Enumclaw/1637-Timber-ST-98022/unit-23/home/188708996,NWMLS as Distributed by MLS Grid,2181181,N,Y,47.199506,-121.952649
MLS Listing,,Vacant Land,0 278th Ave SE,Enumclaw,WA,98022,189000,,,Enumclaw,,103672,,176,,,Active,,,https://www.redfin.com/WA/Enumclaw/278th-Ave-SE-98022/home/188685356,NWMLS as Distributed by MLS Grid,2181931,N,Y,47.212712,-121.970587
MLS Listing,,Mobile/Manufactured Home,1260 Orangewood St #17,Enumclaw,WA,98022,349950,2,2,Enumclaw,945,,2022,198,370,,Active,May-17-2024 01:00 PM,May-17-2024 03:00 PM,https://www.redfin.com/WA/Enumclaw/1260-Orangewood-ST-98022/unit-17/home/188220553,NWMLS as Distributed by MLS Grid,2176184,N,Y,47.199496,-121.953132
MLS Listing,,Vacant Land,46233 287th Ave SE,Enumclaw,WA,98022,190000,,,Enumclaw,,15290,,204,,,Active,,,https://www.redfin.com/WA/Enumclaw/46233-287th-Ave-SE-98022/home/188070350,NWMLS as Distributed by MLS Grid,2171015,N,Y,47.1849468,-121.9599894
MLS Listing,,Single Family Residential,20115 SE 424th St,Enumclaw,WA,98022,1595000,4,2.5,Enumclaw,3080,425145,1973,239,518,,Active,,,https://www.redfin.com/WA/Enumclaw/20115-SE-424th-St-98022/home/294137,NWMLS as Distributed by MLS Grid,2162773,N,Y,47.21831,-122.073491
MLS Listing,,Vacant Land,40980 228th Ave SE,Enumclaw,WA,98022,875000,,,Enumclaw,,426016,,245,,,Active,,,https://www.redfin.com/WA/Enumclaw/40980-228th-Ave-SE-98022/home/187475424,NWMLS as Distributed by MLS Grid,2161760,N,Y,47.2340416,-122.0372805
MLS Listing,,Vacant Land,365 XX Cumberland Ridge Rd SE,Enumclaw,WA,98022,799500,,,Cumberland,,2176001,,266,,,Active,,,https://www.redfin.com/WA/Enumclaw/365-XX-Cumberland-Ridge-RD-SE-98022/home/187053516,NWMLS as Distributed by MLS Grid,2154055,N,Y,47.272294,-121.919385
MLS Listing,,Single Family Residential,58106 State Route 410 E,Enumclaw,WA,98022,2200000,6,7,Greenwater,2316,218758,1955,269,950,,Active,,,https://www.redfin.com/WA/Greenwater/58106-State-Route-410-E-98022/home/176037307,NWMLS as Distributed by MLS Grid,2152185,N,Y,47.157629,-121.658337
MLS Listing,,Vacant Land,40450 306th Ave SE,Enumclaw,WA,98022,299000,,,Enumclaw,,70567,,296,,38,Active,,,https://www.redfin.com/WA/Enumclaw/40450-306th-Ave-SE-98022/home/190328339,NWMLS as Distributed by MLS Grid,2143110,N,Y,47.2382012,-121.9324436
MLS Listing,,Vacant Land,374 XXXX 304th Way SE,Enumclaw,WA,98022,539900,,,Cumberland,,870998,,303,,,Active,,,https://www.redfin.com/WA/Unknown/374-XXXX-304th-Way-SE-98022/home/180954999,NWMLS as Distributed by MLS Grid,2134807,N,Y,47.263712,-121.937034
MLS Listing,,Mobile/Manufactured Home,520 Willow Dr #111,Enumclaw,WA,98022,149950,3,2,Mt Peak,1248,,1994,508,120,,Active,,,https://www.redfin.com/WA/Enumclaw/520-Willow-Dr-98022/unit-111/home/175665865,NWMLS as Distributed by MLS Grid,2018174,N,Y,47.1951403,-121.9939774
PAST SALE,,Vacant Land,400 228th,Enumclaw,WA,98022,129000,,,Enumclaw,,50524,,530,,,Pending,,,https://www.redfin.com/WA/Unknown/400-230th-Ave-SE-98022/home/179882491,NWMLS as Distributed by MLS Grid,1938013,N,Y,47.242263,-122.042653
For-Sale-by-Owner Listing,,Single Family Residential,1419 Farrelly St,Enumclaw,WA,98022,497000,3,1,Enumclaw,1200,8712,1959,261,414,,Active,,,https://www.redfin.com/WA/Enumclaw/1419-Farrelly-St-98022/home/297157,Fizber.com,11499702,N,Y,47.2043503,-122.0079288
New Construction Plan,,Single Family Residential,2211 Plan,Enumclaw,WA,98022,849950,3,2.5,Enumclaw,2211,,,102,384,,Active,,,https://www.redfin.com/WA/Enumclaw/Enumclaw/2211/home/189450648,Zillow,DF508B6CEF4A,N,Y,47.1993266,-122.0115208
New Construction Plan,,Mobile/Manufactured Home,Single Story 3BR 2BA Porch Plan,Enumclaw,WA,98022,259900,3,2,Enumclaw,1440,,,113,180,904,Active,,,https://www.redfin.com/WA/Enumclaw/Enumclaw/Single-Story-3BR-2BA-Porch/home/189508196,Zillow,178448FCD794,N,Y,47.1972263,-121.9895913
New Construction Plan,,Single Family Residential,2834 Plan,Enumclaw,WA,98022,954950,4,5,Enumclaw,2834,,,119,337,,Active,,,https://www.redfin.com/WA/Enumclaw/Enumclaw/2834/home/189450773,Zillow,134EB71EF8B8,N,Y,47.1993266,-122.0115208
New Construction Plan,,Single Family Residential,3297 Plan,Enumclaw,WA,98022,1009950,5,3.5,Enumclaw,3297,,,119,306,,Active,,,https://www.redfin.com/WA/Enumclaw/Enumclaw/3297/home/189450752,Zillow,31C90BAC15B3,N,Y,47.1993266,-122.0115208
New Construction Plan,,Single Family Residential,2435 Plan,Enumclaw,WA,98022,799950,5,3,Enumclaw,2435,,,119,329,,Active,,,https://www.redfin.com/WA/Enumclaw/Enumclaw/2435/home/189450746,Zillow,55EA5132473F,N,Y,47.1993266,-122.0115208
New Construction Plan,,Single Family Residential,2372 Plan,Enumclaw,WA,98022,919950,4,2,Enumclaw,2372,,,119,388,,Active,,,https://www.redfin.com/WA/Enumclaw/Enumclaw/2372/home/189450646,Zillow,2419C657B14C,N,Y,47.1993266,-122.0115208
New Construction Plan,,Single Family Residential,Lewis - D Plan,Enumclaw,WA,98022,729900,4,2.5,Enumclaw,2305,,,154,317,,Active,,,https://www.redfin.com/WA/Enumclaw/Enumclaw/Lewis-D/home/188847459,Zillow,778CD7009032,N,Y,47.1987933,-122.0117575
PAST SALE,,Vacant Land,39540 188th Ave SE,Enumclaw,WA,98022,1175000,,,Enumclaw,,1658850,,90,,,Pending,,,https://www.redfin.com/WA/Enumclaw/39540-188th-Ave-SE-98022/home/181065405,NWMLS as Distributed by MLS Grid,2189997,N,Y,47.24723,-122.08982
MLS Listing,,Vacant Land,400 XX 200th Ave SE,Enumclaw,WA,98022,305000,,,Enumclaw,,387684,,325,,,Active,,,https://www.redfin.com/WA/Enumclaw/0-400xx-200th-AVE-SE-98025/home/175948173,NWMLS as Distributed by MLS Grid,2076045,N,Y,47.243649,-122.073939
