SALE TYPE,SOLD DATE,PROPERTY TYPE,ADDRESS,CITY,STATE OR PROVINCE,ZIP OR POSTAL CODE,PRICE,BEDS,BATHS,LOCATION,SQUARE FEET,LOT SIZE,YEAR BUILT,DAYS ON MARKET,$/SQUARE FEET,HOA/MONTH,STATUS,NEXT OPEN HOUSE START TIME,NEXT OPEN HOUSE END TIME,URL (SEE https://www.redfin.com/buy-a-home/comparative-market-analysis FOR INFO ON PRICING),SOURCE,MLS#,FAVORITE,INTERESTED,LATITUDE,LONGITUDE
"In accordance with local MLS rules, some MLS listings are not included in the download",,,,,,,,,,,,,,,,,,,,,,,,,,
PAST SALE,,Single Family Residential,7677 NE 14th St,Medina,WA,98039,4080000,4,3,Medina,4427,23710,1947,3,922,,Pending,,,https://www.redfin.com/WA/Medina/7677-NE-14th-St-98039/home/252694,NWMLS as Distributed by MLS Grid,2223907,N,Y,47.6225955,-122.2353889
PAST SALE,May-15-1996,Single Family Residential,309 Overlake Dr E,Medina,WA,98039,3200000,3,2,Medina,2700,13700,1951,4,1185,,Pending,,,https://www.redfin.com/WA/Medina/309-Overlake-Dr-E-98039/home/251968,NWMLS as Distributed by MLS Grid,2221541,N,Y,47.6115142,-122.2242812
PAST SALE,June-8-2020,Single Family Residential,2405 80th Ave NE,Medina,WA,98039,2680000,3,2,Medina,2280,9000,1953,5,1175,,Pending,,,https://www.redfin.com/WA/Medina/2405-80th-Ave-NE-98039/home/252472,NWMLS as Distributed by MLS Grid,2222459,N,Y,47.6322374,-122.2336437
MLS Listing,,Single Family Residential,609 Evergreen Point Rd,Medina,WA,98039,19950000,4,6.5,Medina,6920,30844,1995,5,2883,,Active,,,https://www.redfin.com/WA/Medina/609-Evergreen-Point-Rd-98039/home/250187,NWMLS as Distributed by MLS Grid,2236191,N,Y,47.6163824,-122.2398452
MLS Listing,,Single Family Residential,3409 Evergreen Point Rd,Medina,WA,98039,12177700,4,6,Evergreen Point,4690,21718,1974,7,2597,,Active,,,https://www.redfin.com/WA/Medina/3409-Evergreen-Point-Rd-98039/home/250386,NWMLS as Distributed by MLS Grid,2229241,N,Y,47.641762,-122.238697
PAST SALE,,Vacant Land,33 xx Evergreen Point Rd,Medina,WA,98039,11800000,,,Medina,,60215,,8,,,Pending,,,https://www.redfin.com/WA/Medina/33-XX-Evergreen-Point-Rd-98039/home/175944493,NWMLS as Distributed by MLS Grid,2232959,N,Y,47.6407,-122.241676
MLS Listing,,Single Family Residential,3419 Evergreen Point Rd,Medina,WA,98039,3988000,2,2,Evergreen Point,3270,19125,1954,8,1220,,Active,,,https://www.redfin.com/WA/Medina/3419-Evergreen-Point-Rd-98039/home/249782,NWMLS as Distributed by MLS Grid,2234169,N,Y,47.6423815,-122.2392345
MLS Listing,,Single Family Residential,450 Overlake Dr E,Medina,WA,98039,6999000,2,2,Medina,1690,12000,1923,9,4141,,Active,,,https://www.redfin.com/WA/Medina/450-Overlake-Dr-E-98039/home/253709,NWMLS as Distributed by MLS Grid,2231886,N,Y,47.6136556,-122.2227741
PAST SALE,April-22-2003,Single Family Residential,1636 73rd Ave NE,Medina,WA,98039,4988800,4,3,Medina,2430,26775,1954,11,2053,,Pending,,,https://www.redfin.com/WA/Medina/1636-73rd-Ave-NE-98039/home/249884,NWMLS as Distributed by MLS Grid,2213754,N,Y,47.6260171,-122.2422772
MLS Listing,,Single Family Residential,7652 NE 12th St,Medina,WA,98039,10188000,5,6.5,Medina,6629,19852,2024,21,1537,,Active,,,https://www.redfin.com/WA/Medina/7652-NE-12th-St-98039/home/251703,NWMLS as Distributed by MLS Grid,2215114,N,Y,47.6213303,-122.2364885
MLS Listing,,Single Family Residential,3602 Evergreen Point Rd,Medina,WA,98039,15300000,4,5,Evergreen Point,6520,19700,1996,28,2347,,Active,,,https://www.redfin.com/WA/Medina/3602-Evergreen-Point-Rd-98039/home/249616,NWMLS as Distributed by MLS Grid,2225068,N,Y,47.643635,-122.238378
MLS Listing,,Single Family Residential,8604 NE 6th St,Medina,WA,98039,6395000,5,3.5,Medina,4360,9514,1946,28,1467,,Active,May-19-2024 01:00 PM,May-19-2024 03:00 PM,https://www.redfin.com/WA/Medina/8604-NE-6th-St-98039/home/252660,NWMLS as Distributed by MLS Grid,2225448,N,Y,47.6162432,-122.2251618
PAST SALE,,Single Family Residential,7570 NE 28TH Pl,Medina,WA,98039,3500000,4,3,Evergreen Point,3310,20460,1972,30,1057,,Pending,,,https://www.redfin.com/WA/Medina/7570-NE-28th-Pl-98039/home/250020,NWMLS as Distributed by MLS Grid,2222342,N,Y,47.6360686,-122.2391629
MLS Listing,,Single Family Residential,500 86th Ave NE,Medina,WA,98039,5225000,4,4.5,Medina,4128,12960,1957,34,1266,,Active,May-19-2024 01:00 PM,May-19-2024 03:00 PM,https://www.redfin.com/WA/Medina/500-86th-Ave-NE-98039/home/250514,NWMLS as Distributed by MLS Grid,2222917,N,Y,47.615287,-122.2252094
MLS Listing,,Single Family Residential,7919 NE 26th St,Medina,WA,98039,2925000,4,3,Medina,2800,11066,1964,35,1045,,Active,May-18-2024 10:00 AM,May-18-2024 12:30 PM,https://www.redfin.com/WA/Medina/7919-NE-26th-St-98039/home/252473,NWMLS as Distributed by MLS Grid,2222454,N,Y,47.6335334,-122.2338781
MLS Listing,,Single Family Residential,3240 Evergreen Point Rd,Medina,WA,98039,5380000,4,3.5,Medina,3260,21750,2000,48,1650,,Active,May-17-2024 04:00 PM,May-17-2024 06:00 PM,https://www.redfin.com/WA/Medina/3240-Evergreen-Point-Rd-98039/home/249842,NWMLS as Distributed by MLS Grid,2212757,N,Y,47.6393297,-122.2381834
MLS Listing,,Single Family Residential,1135 Evergreen Point Rd,Medina,WA,98039,10800000,5,5,Evergreen Point,5546,31080,1929,48,1947,,Active,,,https://www.redfin.com/WA/Medina/1135-Evergreen-Point-Rd-98039/home/250415,NWMLS as Distributed by MLS Grid,2212892,N,Y,47.6211083,-122.2400571
MLS Listing,,Single Family Residential,1465 Evergreen Point Rd,Medina,WA,98039,16888000,5,6,Medina,6320,31700,2007,50,2672,,Active,,,https://www.redfin.com/WA/Medina/1465-Evergreen-Point-Rd-98039/home/250285,NWMLS as Distributed by MLS Grid,2214586,N,Y,47.6245769,-122.2422298
MLS Listing,,Single Family Residential,8467 Midland Rd,Medina,WA,98039,14898000,5,6,Medina,6040,18652,2024,57,2467,,Active,,,https://www.redfin.com/WA/Medina/8467-Midland-Rd-98039/home/250846,NWMLS as Distributed by MLS Grid,2212850,N,Y,47.6128061,-122.2264347
MLS Listing,,Single Family Residential,7916 NE 22nd St,Medina,WA,98039,9450000,5,3.5,Medina,4985,24487,1965,57,1896,,Active,,,https://www.redfin.com/WA/Medina/7916-NE-22nd-St-98039/home/252676,NWMLS as Distributed by MLS Grid,2210141,N,Y,47.6303131,-122.2335022
MLS Listing,,Single Family Residential,7661 NE 14th St,Medina,WA,98039,5888000,4,5.5,Medina,6290,19854,2006,69,936,,Active,May-18-2024 01:00 PM,May-18-2024 04:00 PM,https://www.redfin.com/WA/Medina/7661-NE-14th-St-98039/home/251292,NWMLS as Distributed by MLS Grid,2195500,N,Y,47.6224948,-122.2361867
PAST SALE,April-17-2023,Single Family Residential,3267 Evergreen Point Rd,Medina,WA,98039,17500000,5,7,Medina,9110,23967,2022,78,1921,,Pending,,,https://www.redfin.com/WA/Medina/3267-Evergreen-Point-Rd-98039/home/145708947,NWMLS as Distributed by MLS Grid,2201614,N,Y,47.6401839,-122.2398956
PAST SALE,September-8-2021,Single Family Residential,8458 NE 9th St,Medina,WA,98039,6900000,5,5.5,Medina,5660,10095,2024,78,1219,,Pending,,,https://www.redfin.com/WA/Medina/8458-NE-9th-St-98039/home/250864,NWMLS as Distributed by MLS Grid,2200599,N,Y,47.6180225,-122.2254902
MLS Listing,,Single Family Residential,607 86th Ave NE,Medina,WA,98039,9725000,6,7.5,Medina,7650,17036,2021,111,1271,,Active,May-19-2024 01:00 PM,May-19-2024 03:00 PM,https://www.redfin.com/WA/Medina/607-86th-Ave-NE-98039/home/252659,NWMLS as Distributed by MLS Grid,2191273,N,Y,47.6163105,-122.2257651
MLS Listing,,Single Family Residential,8637 NE 6th St,Medina,WA,98039,8250000,6,6.5,Medina,6300,13150,2024,112,1310,,Active,,,https://www.redfin.com/WA/Medina/8637-NE-6th-St-98039/home/252246,NWMLS as Distributed by MLS Grid,2193624,N,Y,47.6156999,-122.22403
MLS Listing,,Single Family Residential,1848 77th Ave NE,Medina,WA,98039,13500000,4,5.5,Medina,6950,25586,2021,131,1942,,Active,,,https://www.redfin.com/WA/Medina/1848-77th-Ave-NE-98039/home/253009,NWMLS as Distributed by MLS Grid,2188912,N,Y,47.6274889,-122.2371814
MLS Listing,,Single Family Residential,1525 79th Pl NE,Medina,WA,98039,23000000,5,6.5,Medina,9291,20188,2023,160,2476,,Active,,,https://www.redfin.com/WA/Medina/1525-79th-Pl-NE-98039/home/252501,NWMLS as Distributed by MLS Grid,2174054,N,Y,47.6244906,-122.2358271
MLS Listing,,Vacant Land,0 32xx Evergreen Point Rd Unit LotA,Medina,WA,98039,4998000,,,Medina,,14875,,238,,,Active,,,https://www.redfin.com/WA/Medina/0-32xx-Evergreen-Point-Rd-98039/unit-LotA/home/185693585,NWMLS as Distributed by MLS Grid,2164683,N,Y,47.61548,-122.238717
