SALE TYPE,SOLD DATE,PROPERTY TYPE,ADDRESS,CITY,STATE OR PROVINCE,ZIP OR POSTAL CODE,PRICE,BEDS,BATHS,LOCATION,SQUARE FEET,LOT SIZE,YEAR BUILT,DAYS ON MARKET,$/SQUARE FEET,HOA/MONTH,STATUS,NEXT OPEN HOUSE START TIME,NEXT OPEN HOUSE END TIME,URL (SEE https://www.redfin.com/buy-a-home/comparative-market-analysis FOR INFO ON PRICING),SOURCE,MLS#,FAVORITE,INTERESTED,LATITUDE,LONGITUDE
"In accordance with local MLS rules, some MLS listings are not included in the download",,,,,,,,,,,,,,,,,,,,,,,,,,
MLS Listing,,Single Family Residential,5226 NE 2nd St,Renton,WA,98059,1395000,4,2.5,Maplewood Heights,3480,9063,2014,1,401,64,Active,May-18-2024 02:00 PM,May-18-2024 04:00 PM,https://www.redfin.com/WA/Renton/5226-NE-2nd-St-98059/home/52428318,NWMLS as Distributed by MLS Grid,2237220,N,Y,47.4850667,-122.1485645
MLS Listing,,Condo/Co-op,13301 SE 79th Pl Unit C414,Newcastle,WA,98059,665000,3,2.5,Newport Hills,1336,,2001,1,498,586,Active,May-18-2024 11:00 AM,May-18-2024 01:00 PM,https://www.redfin.com/WA/Newcastle/13301-SE-79th-Pl-98059/unit-C414/home/2076943,NWMLS as Distributed by MLS Grid,2237630,N,Y,47.5331781,-122.1627393
MLS Listing,,Single Family Residential,12117 179th Ave SE,Renton,WA,98059,849950,3,2,Renton,1854,9443,1969,2,458,,Active,May-18-2024 11:00 AM,May-18-2024 01:00 PM,https://www.redfin.com/WA/Renton/12117-179th-Ave-SE-98059/home/243435,NWMLS as Distributed by MLS Grid,2236684,N,Y,47.4930763,-122.1024876
PAST SALE,December-30-2013,Single Family Residential,12529 SE May Creek Park Dr,Newcastle,WA,98059,1249000,4,3,Newcastle,2900,128502,1975,3,431,,Pending,,,https://www.redfin.com/WA/Renton/12529-SE-May-Creek-Park-Dr-98056/home/417866,NWMLS as Distributed by MLS Grid,2224595,N,Y,47.523476,-122.1731327
PAST SALE,October-26-2021,Condo/Co-op,7410 Newcastle Golf Club Rd Unit E,Newcastle,WA,98059,649995,2,2,Newcastle,1149,,2003,4,566,425,Pending,,,https://www.redfin.com/WA/Newcastle/7410-Newcastle-Golf-Club-Rd-98059/unit-E/home/12477097,NWMLS as Distributed by MLS Grid,2230316,N,Y,47.5361819,-122.161569
PAST SALE,January-15-2020,Single Family Residential,15228 SE 83rd Ln,Newcastle,WA,98059,2050000,6,4,Newcastle,3580,8058,2005,5,573,75,Pending,,,https://www.redfin.com/WA/Newcastle/15228-SE-83rd-Ln-98059/home/2097462,NWMLS as Distributed by MLS Grid,2216084,N,Y,47.5274091,-122.135144
PAST SALE,October-11-2001,Single Family Residential,4908 NE 7th Pl,Renton,WA,98059,699950,3,1,Highlands,1320,9720,1960,5,530,,Pending,,,https://www.redfin.com/WA/Renton/4908-NE-7th-Pl-98059/home/244534,NWMLS as Distributed by MLS Grid,2229227,N,Y,47.4949827,-122.1532679
MLS Listing,,Single Family Residential,13002 175th Ave SE,Renton,WA,98059,849950,3,1,Renton,1900,17138,1959,7,447,,Active,May-18-2024 02:00 PM,May-18-2024 04:00 PM,https://www.redfin.com/WA/Renton/13002-175th-Ave-SE-98059/home/248963,NWMLS as Distributed by MLS Grid,2235245,N,Y,47.4856809,-122.1066773
MLS Listing,,Single Family Residential,13352 191st Pl SE,Renton,WA,98059,789950,4,2,Lake Kathleen,1940,12000,1967,15,407,5,Active,May-18-2024 02:00 PM,May-18-2024 04:00 PM,https://www.redfin.com/WA/Renton/13352-191st-Pl-SE-98059/home/247234,NWMLS as Distributed by MLS Grid,2230658,N,Y,47.4824791,-122.0853847
PAST SALE,February-6-2015,Single Family Residential,5516 NE 13th Pl,Renton,WA,98059,1245000,5,2.5,Highlands,3210,7828,2006,1,388,34,Pending,,,https://www.redfin.com/WA/Renton/5516-NE-13th-Pl-98059/home/8188493,NWMLS as Distributed by MLS Grid,2229566,N,Y,47.5047017,-122.1441624
MLS Listing,,Single Family Residential,17331 SE 136th St,Renton,WA,98059,979900,4,2.5,Briarwood,2340,35327,1983,1,419,,Active,,,https://www.redfin.com/WA/Renton/17331-SE-136th-St-98059/home/247805,NWMLS as Distributed by MLS Grid,2238528,N,Y,47.4801833,-122.1078782
MLS Listing,,Single Family Residential,14925 SE 139th Pl,Renton,WA,98059,845000,4,2,Maplewood Heights,1890,13000,1990,1,447,,Active,May-18-2024 10:00 AM,May-18-2024 01:00 PM,https://www.redfin.com/WA/Renton/14925-SE-139th-Pl-98059/home/246436,NWMLS as Distributed by MLS Grid,2238595,N,Y,47.4777516,-122.1407357
MLS Listing,,Single Family Residential,12812 163rd Ave SE,Renton,WA,98059,569950,2,1,East Renton,850,8250,1965,1,671,,Active,May-17-2024 04:30 PM,May-17-2024 07:00 PM,https://www.redfin.com/WA/Renton/12812-163rd-Ave-SE-98059/home/249350,NWMLS as Distributed by MLS Grid,2233495,N,Y,47.4877163,-122.1233328
MLS Listing,,Condo/Co-op,4308 NE Sunset Blvd Unit T1,Renton,WA,98059,365000,3,2,Highlands,982,,1976,1,372,542,Active,,,https://www.redfin.com/WA/Renton/4308-98059/unit-T1/home/189792226,NWMLS as Distributed by MLS Grid,2239227,N,Y,47.505295,-122.162096
MLS Listing,,Vacant Land,12804 163rd Ave SE,Renton,WA,98059,125000,,,East Renton,,7345,,1,,,Active,,,https://www.redfin.com/WA/Renton/12804-163rd-Ave-SE-98059/home/22690858,NWMLS as Distributed by MLS Grid,2239123,N,Y,47.4878935,-122.1232227
MLS Listing,,Townhouse,4623 NE 6th Ct,Renton,WA,98059,569000,3,2.5,Renton,1319,,1996,1,431,625,Active,May-18-2024 12:00 PM,May-18-2024 02:00 PM,https://www.redfin.com/WA/Renton/4623-NE-6th-Ct-98059/home/64128,NWMLS as Distributed by MLS Grid,2235738,N,Y,47.4924345,-122.157023
MLS Listing,,Single Family Residential,14412 196th Ave SE,Renton,WA,98059,1025000,2,2.5,Lake McDonald,2000,62011,1934,1,513,21,Active,May-17-2024 04:00 PM,May-17-2024 06:00 PM,https://www.redfin.com/WA/Renton/14412-196th-Ave-SE-98059/home/248684,NWMLS as Distributed by MLS Grid,2236823,N,Y,47.4728138,-122.0786643
MLS Listing,,Single Family Residential,17222 SE 144th St,Renton,WA,98059,1599995,3,3.5,Briarwood,3434,23786,2014,1,466,,Active,May-17-2024 04:00 PM,May-17-2024 07:00 PM,https://www.redfin.com/WA/Renton/17222-SE-144th-St-98059/home/22423764,NWMLS as Distributed by MLS Grid,2238280,N,Y,47.473786,-122.1103421
MLS Listing,,Single Family Residential,12017 155th Ave SE,Renton,WA,98059,800000,3,2,Highlands,1470,10726,1965,1,544,,Active,May-18-2024 12:00 PM,May-18-2024 03:00 PM,https://www.redfin.com/WA/Renton/12017-155th-Ave-SE-98059/home/243917,NWMLS as Distributed by MLS Grid,2236472,N,Y,47.4948292,-122.1349516
PAST SALE,September-22-2020,Single Family Residential,16940 SE 140th St,Renton,WA,98059,1800000,5,4.5,Highlands,3933,22852,2023,1,458,,Pending,,,https://www.redfin.com/WA/Renton/16940-SE-140th-St-98059/home/247418,NWMLS as Distributed by MLS Grid,2173727,N,Y,47.4774662,-122.1134334
MLS Listing,,Single Family Residential,4109 NE 10th Pl,Renton,WA,98059,525000,3,1,Hazen,990,13774,1963,1,530,,Active,May-18-2024 02:00 PM,May-18-2024 04:00 PM,https://www.redfin.com/WA/Renton/4109-NE-10th-Pl-98059/home/244297,NWMLS as Distributed by MLS Grid,2232925,N,Y,47.4999997,-122.1639486
PAST SALE,August-15-2000,Single Family Residential,10245 174th Ave SE,Renton,WA,98059,1395000,2,2,Coalfield,2180,111274,1980,2,640,150,Pending,,,https://www.redfin.com/WA/Renton/10245-174th-Ave-SE-98059/home/419679,NWMLS as Distributed by MLS Grid,2230671,N,Y,47.5105641,-122.110962
PAST SALE,December-28-1987,Single Family Residential,12909 158th Ave SE,Renton,WA,98059,700000,3,2,East Renton,1860,43301,1980,2,376,,Pending,,,https://www.redfin.com/WA/Renton/12909-158th-Ave-SE-98059/home/248603,NWMLS as Distributed by MLS Grid,2222546,N,Y,47.487064,-122.1304626
PAST SALE,December-31-2013,Single Family Residential,7430 134th Ave SE,Newcastle,WA,98059,1295000,3,2.5,Newcastle,2065,10195,1985,3,627,,Pending,,,https://www.redfin.com/WA/Newcastle/7430-134th-Ave-SE-98059/home/413681,NWMLS as Distributed by MLS Grid,2219258,N,Y,47.53529,-122.1604265
MLS Listing,,Single Family Residential,13321 191 Pl SE,Renton,WA,98059,719900,3,2,Lake Kathleen,1750,12000,1966,3,411,,Active,May-17-2024 11:00 AM,May-17-2024 01:00 PM,https://www.redfin.com/WA/Renton/13321-191st-Pl-SE-98059/home/247254,NWMLS as Distributed by MLS Grid,2220792,N,Y,47.4830656,-122.0859577
PAST SALE,June-1-2015,Townhouse,4102 NE 6th Pl Unit 1A,Renton,WA,98059,550000,3,2.5,Highlands,1345,31112,1985,4,409,150,Pending,,,https://www.redfin.com/WA/Renton/4102-NE-6th-Pl-98059/unit-1A/home/10181,NWMLS as Distributed by MLS Grid,2225622,N,Y,47.4937738,-122.1640725
PAST SALE,June-23-2003,Mobile/Manufactured Home,12829 158th Ave SE,Renton,WA,98059,585000,3,2,Briarwood,1440,9673,1978,4,406,,Pending,,,https://www.redfin.com/WA/Renton/12829-158th-Ave-SE-98059/home/2061644,NWMLS as Distributed by MLS Grid,2226518,N,Y,47.4874342,-122.1302565
PAST SALE,November-30-2020,Single Family Residential,551 Ilwaco Ave NE,Renton,WA,98059,1349000,4,2.5,Renton,3269,5904,2020,4,413,40,Pending,,,https://www.redfin.com/WA/Renton/551-Ilwaco-Ave-NE-98059/home/22540384,NWMLS as Distributed by MLS Grid,2208474,N,Y,47.4916177,-122.1499779
PAST SALE,July-2-2020,Townhouse,6722 137th Pl SE Unit 9 F-2,Newcastle,WA,98059,1589000,3,2.5,Newcastle,2656,1,2020,4,598,247,Pending,,,https://www.redfin.com/WA/Newcastle/6722-137th-Pl-SE-98059/unit-9F-2/home/169879860,NWMLS as Distributed by MLS Grid,2229200,N,Y,47.5217551,-122.1577447
PAST SALE,June-2-2017,Single Family Residential,5938 NE 1st Ct,Renton,WA,98059,1049950,3,2.5,Maplewood,2240,7367,2003,4,469,33,Pending,,,https://www.redfin.com/WA/Renton/5938-NE-1st-Ct-98059/home/245172,NWMLS as Distributed by MLS Grid,2231704,N,Y,47.483547,-122.1388407
PAST SALE,April-30-2015,Single Family Residential,1521 Lyons Ave,Renton,WA,98059,1725000,4,3.5,Coal Creek,3360,5225,2014,4,513,78,Pending,,,https://www.redfin.com/WA/Renton/1521-Lyons-Ave-NE-98059/home/55551436,NWMLS as Distributed by MLS Grid,2232302,N,Y,47.5061112,-122.1457933
PAST SALE,September-10-2020,Single Family Residential,6106 SE 2nd St,Renton,WA,98059,1359950,5,3,Highlands,3196,8174,2013,4,426,45,Pending,,,https://www.redfin.com/WA/Renton/6106-SE-2nd-St-98059/home/22717705,NWMLS as Distributed by MLS Grid,2227584,N,Y,47.4822959,-122.1371154
PAST SALE,April-30-2007,Single Family Residential,13937 147th Pl SE,Renton,WA,98059,700000,4,2,Maple Ridge,1361,9600,1969,4,514,,Pending,,,https://www.redfin.com/WA/Renton/13937-147th-Pl-SE-98059/home/246351,NWMLS as Distributed by MLS Grid,2235243,N,Y,47.477687,-122.14372
MLS Listing,,Single Family Residential,15203 SE 80th St,Newcastle,WA,98059,2880000,4,4.5,Newcastle,5225,12949,2007,4,551,75,Active,May-19-2024 02:00 PM,May-19-2024 04:00 PM,https://www.redfin.com/WA/Newcastle/15203-SE-80th-St-98059/home/17069300,NWMLS as Distributed by MLS Grid,2236671,N,Y,47.5307167,-122.1364407
PAST SALE,January-7-2011,Single Family Residential,6765 SE 2nd St,Renton,WA,98059,1199950,4,3,Renton,3230,6000,2010,5,372,67,Pending,,,https://www.redfin.com/WA/Renton/6765-SE-2nd-St-98059/home/22715386,NWMLS as Distributed by MLS Grid,2218450,N,Y,47.4812288,-122.1282598
PAST SALE,,Single Family Residential,15810 209th Ave SE,Renton,WA,98059,775000,3,2,Maple Hills,1560,13500,2000,5,497,37,Pending,,,https://www.redfin.com/WA/Renton/15810-209th-Ave-SE-98059/home/248791,NWMLS as Distributed by MLS Grid,2228061,N,Y,47.4601254,-122.0621165
PAST SALE,August-31-2011,Single Family Residential,12508 160th Ave SE,Renton,WA,98059,1335000,4,2.5,Coalfield,3270,20735,1996,5,408,52,Pending,,,https://www.redfin.com/WA/Renton/12508-160th-Ave-SE-98059/home/244478,NWMLS as Distributed by MLS Grid,2223192,N,Y,47.4904907,-122.1257941
PAST SALE,June-15-2017,Single Family Residential,14661 204th Ave SE,Renton,WA,98059,990000,3,2.5,Maple Hills,2518,12750,1989,5,393,42,Pending,,,https://www.redfin.com/WA/Renton/14661-204th-Ave-SE-98059/home/248893,NWMLS as Distributed by MLS Grid,2208431,N,Y,47.4699802,-122.0695851
PAST SALE,July-20-2016,Single Family Residential,1730 Ilwaco Ave NE,Renton,WA,98059,1099950,5,2.5,Summerwind,2470,7943,1993,5,445,25,Pending,,,https://www.redfin.com/WA/Renton/1730-Ilwaco-Ave-NE-98059/home/411925,NWMLS as Distributed by MLS Grid,2226095,N,Y,47.5078231,-122.1489114
MLS Listing,,Single Family Residential,14407 183rd Ave SE,Renton,WA,98059,975000,3,2.5,Briarwood,2100,15274,1965,6,464,,Active,May-18-2024 12:00 PM,May-18-2024 02:00 PM,https://www.redfin.com/WA/Renton/14407-183rd-Ave-SE-98059/home/247493,NWMLS as Distributed by MLS Grid,2236060,N,Y,47.4731177,-122.0980229
MLS Listing,,Single Family Residential,14025 176 Ave SE,Renton,WA,98059,899000,4,2,Highlands,2300,26820,1968,6,391,,Active,,,https://www.redfin.com/WA/Renton/14025-176th-Ave-SE-98059/home/248437,NWMLS as Distributed by MLS Grid,2235754,N,Y,47.4762713,-122.1064825
PAST SALE,February-21-2001,Single Family Residential,11253 145th Ave SE,Renton,WA,98059,800000,3,2,Honey Creek,1720,8550,1959,6,465,,Pending,,,https://www.redfin.com/WA/Renton/11253-145th-Ave-SE-98059/home/244737,NWMLS as Distributed by MLS Grid,2220301,N,Y,47.5022347,-122.1471435
PAST SALE,December-7-1988,Single Family Residential,4409 SE 4th St,Renton,WA,98059,775000,3,3,Highlands,1710,7800,1980,6,453,,Pending,,,https://www.redfin.com/WA/Renton/4409-SE-4th-St-98059/home/245311,NWMLS as Distributed by MLS Grid,2221002,N,Y,47.4791086,-122.1598288
PAST SALE,,Single Family Residential,14329 196th Ave SE,Renton,WA,98059,1299000,2,2.5,Renton,2600,173369,2003,6,500,,Pending,,,https://www.redfin.com/WA/Renton/14329-196th-Ave-SE-98059/home/248880,NWMLS as Distributed by MLS Grid,2224298,N,Y,47.4743104,-122.0821287
PAST SALE,December-27-2023,Condo/Co-op,4808 NE Sunset Blvd Unit D101,Renton,WA,98059,439000,2,2,East Renton,1216,,1995,6,361,615,Pending,,,https://www.redfin.com/WA/Renton/4808-NE-Sunset-Blvd-98059/unit-D101/home/34736,NWMLS as Distributed by MLS Grid,2225097,N,Y,47.506761,-122.154658
PAST SALE,January-31-2011,Single Family Residential,13325 SE 156th Ave,Renton,WA,98059,849888,4,2,East Renton,1930,19166,1978,6,440,,Pending,,,https://www.redfin.com/WA/Renton/13325-156th-Ave-SE-98059/home/245203,NWMLS as Distributed by MLS Grid,2233380,N,Y,47.4831961,-122.1328754
MLS Listing,,Single Family Residential,14420 143rd Pl SE,Renton,WA,98059,799900,4,2.5,Maplewood Heights,2150,9749,1967,6,372,,Active,,,https://www.redfin.com/WA/Renton/14420-143rd-Pl-SE-98059/home/246556,NWMLS as Distributed by MLS Grid,2235239,N,Y,47.4732354,-122.1484964
PAST SALE,,Single Family Residential,14911 SE 145th Pl,Renton,WA,98059,898000,4,2.5,East Renton,2270,10512,1985,7,396,,Pending,,,https://www.redfin.com/WA/Renton/14911-SE-145th-Pl-98059/home/246254,NWMLS as Distributed by MLS Grid,2224537,N,Y,47.4727126,-122.1406224
PAST SALE,August-12-2014,Single Family Residential,227 Orcas Pl SE,Renton,WA,98059,1210000,3,2.5,Renton,2838,5845,2005,7,426,33,Pending,,,https://www.redfin.com/WA/Renton/227-Orcas-Pl-SE-98059/home/2061580,NWMLS as Distributed by MLS Grid,2228912,N,Y,47.4821342,-122.1419926
MLS Listing,,Single Family Residential,469 Hoquiam Ave NE,Renton,WA,98059,999000,3,3,East Renton,2200,15681,1958,7,454,,Active,,,https://www.redfin.com/WA/Renton/469-Hoquiam-Ave-NE-98059/home/244435,NWMLS as Distributed by MLS Grid,2235656,N,Y,47.4901166,-122.1519162
MLS Listing,,Single Family Residential,9023 139th Ave SE,Newcastle,WA,98059,2250000,4,4.5,Newcastle,3760,13768,2000,7,598,63,Active,,,https://www.redfin.com/WA/Newcastle/9023-139th-Ave-SE-98059/home/415760,NWMLS as Distributed by MLS Grid,2226056,N,Y,47.5214837,-122.1551671
MLS Listing,,Single Family Residential,15439 SE 143rd Pl,Renton,WA,98059,1449995,6,3,Highlands,2985,5751,2024,8,486,191,Active,May-18-2024 10:00 AM,May-18-2024 05:00 PM,https://www.redfin.com/WA/Renton/15439-SE-143rd-Pl-98059/home/190727157,NWMLS as Distributed by MLS Grid,2235218,N,Y,47.4738098,-122.1346245
PAST SALE,September-4-2001,Single Family Residential,13941 SE 92nd St,Newcastle,WA,98059,2495000,5,4,Newcastle,4480,12604,2000,8,557,63,Pending,May-18-2024 01:00 AM,May-18-2024 04:00 PM,https://www.redfin.com/WA/Newcastle/13941-SE-92nd-St-98059/home/414865,NWMLS as Distributed by MLS Grid,2232829,N,Y,47.5192676,-122.1540659
PAST SALE,July-12-2018,Condo/Co-op,4308 NE Sunset Blvd Unit I-3,Renton,WA,98059,325000,2,1,Highlands,787,,1976,8,413,465,Pending,,,https://www.redfin.com/WA/Renton/4308-Sunset-Blvd-NE-98059/unit-I-3/home/146287628,NWMLS as Distributed by MLS Grid,2231740,N,Y,47.5050704,-122.1621315
MLS Listing,,Single Family Residential,15587 SE 143rd Pl #25,Renton,WA,98059,1359995,5,3,Highlands,2770,5030,2024,8,491,191,Active,May-18-2024 10:00 AM,May-18-2024 05:00 PM,https://www.redfin.com/WA/Renton/15587-SE-143rd-Pl-98059/unit-25/home/190726559,NWMLS as Distributed by MLS Grid,2234368,N,Y,47.4740993,-122.1325322
PAST SALE,November-16-2022,Vacant Land,15550 207th Pl SE,Renton,WA,98059,34499,,,Maple Hills,,13500,,10,,38,Pending,,,https://www.redfin.com/WA/Renton/15550-207th-Pl-SE-98059/home/22689248,NWMLS as Distributed by MLS Grid,2233026,N,Y,47.4622861,-122.0627284
PAST SALE,,Single Family Residential,16213 SE 133rd Pl #113,Renton,WA,98059,1789995,6,3,Briarwood,3657,9781,2024,11,489,250,Pending,,,https://www.redfin.com/WA/Renton/16213-SE-133rd-Pl-98059/unit-113/home/190611436,NWMLS as Distributed by MLS Grid,2229169,N,Y,47.4829623,-122.123672
PAST SALE,March-19-2014,Single Family Residential,4218 NE 9th Cir,Renton,WA,98059,1100000,5,2.5,Highlands,2660,5254,2004,12,414,,Pending,,,https://www.redfin.com/WA/Renton/4218-NE-9th-Cir-98059/home/244292,NWMLS as Distributed by MLS Grid,2192978,N,Y,47.4983438,-122.1621664
PAST SALE,December-10-2004,Townhouse,570 Elma Pl NE,Renton,WA,98059,700000,3,2.5,Highlands,1483,4329,1999,12,472,492,Pending,,,https://www.redfin.com/WA/Renton/570-Elma-Pl-NE-98059/home/244909,NWMLS as Distributed by MLS Grid,2228973,N,Y,47.4915525,-122.1540351
PAST SALE,August-29-2019,Single Family Residential,1408 Jericho Pl NE,Renton,WA,98059,1850000,6,3.5,Renton,3550,11731,2016,12,521,77,Pending,,,https://www.redfin.com/WA/Renton/1408-Jericho-Pl-NE-98059/home/106197654,NWMLS as Distributed by MLS Grid,2215867,N,Y,47.5048165,-122.1474759
MLS Listing,,Single Family Residential,15301 SE 80th St,Newcastle,WA,98059,2699950,4,4,Newcastle,4390,13036,2005,14,615,75,Active,,,https://www.redfin.com/WA/Newcastle/15301-SE-80th-St-98059/home/2088497,NWMLS as Distributed by MLS Grid,2230129,N,Y,47.5305789,-122.134903
PAST SALE,October-29-2019,Single Family Residential,20211 SE 157th St,Renton,WA,98059,900000,4,3,Maple Hills,2585,18591,1980,16,348,42,Pending,,,https://www.redfin.com/WA/Renton/20211-SE-157th-St-98059/home/248188,NWMLS as Distributed by MLS Grid,2227364,N,Y,47.4610623,-122.0716735
MLS Listing,,Vacant Land,16 XXX SE 112th St,Renton,WA,98059,319000,,,May Valley,,19500,,17,,,Active,,,https://www.redfin.com/WA/Renton/16-XXX-SE-112th-St-98059/home/190349227,NWMLS as Distributed by MLS Grid,2214674,N,Y,47.502255,-122.11662
PAST SALE,July-5-2013,Single Family Residential,14001 145th Ave SE,Renton,WA,98059,749949,3,2,Maplewood Heights,1178,10200,1968,18,637,,Pending,,,https://www.redfin.com/WA/Renton/14001-145th-Ave-SE-98059/home/245695,NWMLS as Distributed by MLS Grid,2226633,N,Y,47.4772408,-122.1471492
MLS Listing,,Single Family Residential,15424 SE 143rd Pl #11,Renton,WA,98059,1369995,6,3,Highlands,2985,4627,2024,20,459,191,Active,May-18-2024 10:00 AM,May-18-2024 05:00 PM,https://www.redfin.com/WA/Renton/15424-SE-143rd-Pl-98059/unit-11/home/190609224,NWMLS as Distributed by MLS Grid,2229288,N,Y,47.474471,-122.134599
MLS Listing,,Single Family Residential,13913 SE 81st Pl,Newcastle,WA,98059,2699000,6,4,Newcastle,4980,11087,2014,20,542,117,Active,May-19-2024 12:30 PM,May-19-2024 05:00 PM,https://www.redfin.com/WA/Renton/13913-SE-81st-Pl-98059/home/52428639,NWMLS as Distributed by MLS Grid,2228539,N,Y,47.5299811,-122.1550893
MLS Listing,,Single Family Residential,5024 NE 8th Pl,Renton,WA,98059,1288880,5,2.5,Highlands,2940,6755,2008,21,438,,Active,,,https://www.redfin.com/WA/Renton/5024-NE-8th-Pl-98059/home/18658980,NWMLS as Distributed by MLS Grid,2227109,N,Y,47.4964823,-122.1514761
MLS Listing,,Single Family Residential,16508 SE 145th St,Renton,WA,98059,1250000,3,3.5,Briarwood,3410,23679,1972,21,367,,Active,May-18-2024 12:00 PM,May-18-2024 02:00 PM,https://www.redfin.com/WA/Renton/16508-SE-145th-St-98059/home/248079,NWMLS as Distributed by MLS Grid,2219956,N,Y,47.4731387,-122.1190931
MLS Listing,,Mobile/Manufactured Home,201 Union Ave #59,Renton,WA,98059,59000,3,2,Highlands,1330,,1977,22,44,,Active,,,https://www.redfin.com/WA/Renton/201-Union-Ave-SE-98059/unit-59/home/21961280,NWMLS as Distributed by MLS Grid,2213298,N,Y,47.483792,-122.1672533
MLS Listing,,Townhouse,7206 134th Ct SE,Newcastle,WA,98059,708800,3,2.5,Newcastle,1493,1,1993,24,475,750,Active,May-18-2024 12:30 PM,May-18-2024 02:30 PM,https://www.redfin.com/WA/Newcastle/7206-134th-Ct-SE-98059/home/190390269,NWMLS as Distributed by MLS Grid,2218441,N,Y,47.537976,-122.16112
MLS Listing,,Single Family Residential,14436 183rd Ave SE,Renton,WA,98059,850000,4,2,North Renton,1820,14375,1964,27,467,,Active,,,https://www.redfin.com/WA/Renton/18308-SE-145th-St-98059/home/248531,NWMLS as Distributed by MLS Grid,2225425,N,Y,47.4721172,-122.0971875
MLS Listing,,Single Family Residential,4314 SE 2nd Pl,Renton,WA,98059,925000,4,3,Highlands,1750,7500,1983,28,529,,Active,,,https://www.redfin.com/WA/Renton/4314-SE-2nd-Pl-98059/home/245615,NWMLS as Distributed by MLS Grid,2224999,N,Y,47.4814971,-122.1607812
PAST SALE,,Vacant Land,4325 NE Sunset Blvd,Renton,WA,98059,1500000,,,Highlands,,81457,,29,,,Pending,,,https://www.redfin.com/WA/Renton/4325-NE-Sunset-Blvd-98059/home/244875,NWMLS as Distributed by MLS Grid,2209105,N,Y,47.50351,-122.161172
MLS Listing,,Single Family Residential,4211 SE 1st Pl,Renton,WA,98059,725000,4,2,Highlands,1890,7875,1981,35,384,,Active,,,https://www.redfin.com/WA/Renton/4211-SE-1st-Pl-98059/home/246639,NWMLS as Distributed by MLS Grid,2220701,N,Y,47.482586,-122.1619347
PAST SALE,December-18-2014,Single Family Residential,13919 SE 81st Pl,Newcastle,WA,98059,2480000,6,5,Newcastle,4620,8697,2014,37,537,117,Pending,,,https://www.redfin.com/WA/Renton/13919-SE-81st-Pl-98059/home/52428638,NWMLS as Distributed by MLS Grid,2211963,N,Y,47.5297975,-122.1548576
MLS Listing,,Vacant Land,5315 NE 25th St,Renton,WA,98059,725000,,,May Valley,,14363,,41,,25,Active,,,https://www.redfin.com/WA/Renton/5315-NE-25th-St-98059/home/171855609,NWMLS as Distributed by MLS Grid,2215171,N,Y,47.51343,-122.147607
MLS Listing,,Vacant Land,15620 SE May Valley Rd,Renton,WA,98059,3500000,,,May Valley,,1754596,,50,,,Active,,,https://www.redfin.com/WA/Renton/15620-SE-May-Valley-Rd-98059/home/409645,NWMLS as Distributed by MLS Grid,2214794,N,Y,47.511395,-122.12987
MLS Listing,,Single Family Residential,12242 156th Ave SE,Renton,WA,98059,2350000,9,6,Coalfield,5500,10726,2015,51,427,,Active,,,https://www.redfin.com/WA/Renton/12242-156th-Ave-SE-98059/home/244492,NWMLS as Distributed by MLS Grid,2215321,N,Y,47.4926157,-122.1327622
MLS Listing,,Condo/Co-op,6800 132nd Pl SE Unit E102,Newcastle,WA,98059,585000,2,2,Newcastle,1124,,2007,52,520,860,Active,,,https://www.redfin.com/WA/Newcastle/6800-132nd-Pl-SE-98059/unit-E102/home/17382691,NWMLS as Distributed by MLS Grid,2214786,N,Y,47.5415757,-122.1608744
MLS Listing,,Vacant Land,601 Jericho Ave NE,Renton,WA,98059,19000,,,Renton,,3681,,63,,,Active,,,https://www.redfin.com/WA/Renton/601-Jericho-Ave-NE-98059/home/179143077,NWMLS as Distributed by MLS Grid,2208507,N,Y,47.4916777,-122.1487404
MLS Listing,,Condo/Co-op,13301 SE 79th Pl Unit B 110,Newcastle,WA,98059,639950,3,2.5,Newcastle,1336,,2001,63,479,550,Active,,,https://www.redfin.com/WA/Newcastle/13301-SE-79th-Pl-98059/unit-B110/home/2116249,NWMLS as Distributed by MLS Grid,2210357,N,Y,47.5331781,-122.1627393
MLS Listing,,Vacant Land,1424 Hoquiam Ave NE,Renton,WA,98059,1250000,,,Highlands,,150718,,113,,,Active,,,https://www.redfin.com/WA/Renton/1424-Hoquiam-Ave-NE-98059/home/97914399,NWMLS as Distributed by MLS Grid,2193505,N,Y,47.5048755,-122.1512555
MLS Listing,,Vacant Land,0 166th Ave SE,Renton,WA,98059,475000,,,East Renton,,31806,,118,,,Active,,,https://www.redfin.com/WA/East-Renton-Highlands/166th-Ave-SE-98059/home/147008434,NWMLS as Distributed by MLS Grid,2191925,N,Y,47.481726,-122.118804
MLS Listing,,Single Family Residential,20112 SE 152 St,Renton,WA,98059,2150000,13,4,Maple Hills,7200,121983,1968,168,299,110,Active,,,https://www.redfin.com/WA/Renton/20112-SE-152nd-St-98059/home/188776268,NWMLS as Distributed by MLS Grid,2183284,N,Y,47.4681912,-122.0729958
PAST SALE,,Single Family Residential,5305 NE 1st Ct,Renton,WA,98059,699800,4,2,Renton,3100,32028,1963,179,226,,Pending,,,https://www.redfin.com/WA/Renton/5305-NE-1st-Ct-98059/home/188162398,NWMLS as Distributed by MLS Grid,2174309,N,Y,47.4835537,-122.1475395
MLS Listing,,Mobile/Manufactured Home,10251 148th Ave SE,Renton,WA,98059,649500,3,2,May Valley,1848,15048,1984,191,351,,Active,,,https://www.redfin.com/WA/Renton/10251-148th-Ave-SE-98059/home/2062155,NWMLS as Distributed by MLS Grid,2178062,N,Y,47.5106501,-122.1435606
MLS Listing,,Vacant Land,13249 Patriot Way SE,Renton,WA,98059,168000,,,Briarwood,,19768,,198,,,Active,,,https://www.redfin.com/WA/Renton/13249-168th-Ave-SE-98059/home/184235677,NWMLS as Distributed by MLS Grid,2169294,N,Y,47.4832063,-122.1169389
MLS Listing,,Vacant Land,13205 168th Ave SE,Renton,WA,98059,95000,,,Briarwood,,11761,,272,,,Active,,,https://www.redfin.com/WA/Renton/13205-168th-Ave-SE-98059/home/186909474,NWMLS as Distributed by MLS Grid,2152592,N,Y,47.4842125,-122.1165782
MLS Listing,,Vacant Land,15916 204th Ave SE,Renton,WA,98059,195000,,,Maple Hills,,12157,,331,,20,Active,,,https://www.redfin.com/WA/Renton/15916-204th-Ave-SE-98059/home/22691864,NWMLS as Distributed by MLS Grid,2129498,N,Y,47.4589406,-122.0692615
MLS Listing,,Vacant Land,14007 183rd Ave SE #0340,Renton,WA,98059,139999,,,Briarwood,,41113,,642,,,Active,,,https://www.redfin.com/WA/Renton/14007-183rd-Ave-SE-98059/unit-0340/home/145187257,NWMLS as Distributed by MLS Grid,1964272,N,Y,47.4765477,-122.097891
MLS Listing,,Vacant Land,0 80xx 136th Ave SE,Newcastle,WA,98059,419950,,,Lake Boren,,54890,,722,,,Active,,,https://www.redfin.com/WA/Newcastle/80-XX-136th-Ave-SE-Unknown/home/169209580,NWMLS as Distributed by MLS Grid,1940592,N,Y,47.529292,-122.158676
MLS Listing,,Vacant Land,5501 NE 10th St,Renton,WA,98059,195000,,,Highlands,,11431,,1165,,,Active,,,https://www.redfin.com/WA/Renton/5501-NE-10th-St-98059/home/28586590,NWMLS as Distributed by MLS Grid,1724560,N,Y,47.498921,-122.1454688
New Construction Home,,Single Family Residential,15410 SE 143rd Pl,Renton,WA,98059,1489995,6,2.5,Renton,3259,,2024,20,457,,Active,,,https://www.redfin.com/WA/Newcastle/15410-SE-143rd-Pl-98059/home/190609284,Zillow,D10074607A77,N,Y,47.4741933,-122.1342162
New Construction Home,,Single Family Residential,15502 SE 143rd Pl,Renton,WA,98059,1299995,5,2.5,Renton,2770,,2024,20,469,,Active,,,https://www.redfin.com/WA/Renton/15502-SE-143rd-Pl-98059/home/190608741,Zillow,F17285973640,N,Y,47.4744979,-122.132977
New Construction Home,,Single Family Residential,15424 SE 143rd Pl,Renton,WA,98059,1369995,6,2.5,Renton,2985,,2024,20,459,,Active,,,https://www.redfin.com/WA/Renton/15424-SE-143rd-Pl-98059/home/190611698,Zillow,F133365BEDD6,N,Y,47.474471,-122.134599
New Construction Plan,,Single Family Residential,Legacy Plan,Renton,WA,98059,1369995,6,2.5,Renton,2985,,,20,459,,Active,,,https://www.redfin.com/WA/Renton/Renton/Legacy/home/190611738,Zillow,720F6784B095,N,Y,47.4745073,-122.1325706
New Construction Plan,,Single Family Residential,Stafford Plan,Renton,WA,98059,1489995,6,2.5,Renton,3259,,,20,457,,Active,,,https://www.redfin.com/WA/Renton/Renton/Stafford/home/190611710,Zillow,91594F07EEBD,N,Y,47.4745073,-122.1325706
New Construction Plan,,Single Family Residential,Brighton Plan,Renton,WA,98059,1789995,6,2.5,Renton,3657,,,20,489,,Active,,,https://www.redfin.com/WA/Renton/Renton/Brighton/home/190611644,Zillow,D56D99DB40E6,N,Y,47.4834368,-122.1242288
New Construction Plan,,Single Family Residential,Bridgewater Plan,Renton,WA,98059,1299995,5,2.5,Renton,2770,,,20,469,,Active,,,https://www.redfin.com/WA/Renton/Renton/Bridgewater/home/190611638,Zillow,9C7876ECE69D,N,Y,47.4745073,-122.1325706
MLS Listing,,Townhouse,1555 Union Ave NE #10,Renton,WA,98059,475000,3,2.5,Highlands,1297,,1980,7,366,605,Active,May-18-2024 12:00 PM,May-18-2024 02:00 PM,https://www.redfin.com/WA/Renton/1555-Union-Ave-NE-98059/unit-10/home/28447601,NWMLS as Distributed by MLS Grid,2233632,N,Y,47.5061681,-122.165154
