SALE TYPE,SOLD DATE,PROPERTY TYPE,ADDRESS,CITY,STATE OR PROVINCE,ZIP OR POSTAL CODE,PRICE,BEDS,BATHS,LOCATION,SQUARE FEET,LOT SIZE,YEAR BUILT,DAYS ON MARKET,$/SQUARE FEET,HOA/MONTH,STATUS,NEXT OPEN HOUSE START TIME,NEXT OPEN HOUSE END TIME,URL (SEE https://www.redfin.com/buy-a-home/comparative-market-analysis FOR INFO ON PRICING),SOURCE,MLS#,FAVORITE,INTERESTED,LATITUDE,LONGITUDE
"In accordance with local MLS rules, some MLS listings are not included in the download",,,,,,,,,,,,,,,,,,,,,,,,,,
MLS Listing,,Condo/Co-op,15070 NE 82nd St #103,Redmond,WA,98052,399000,1,1,Rose Hill,591,,1985,1,675,393,Active,May-18-2024 02:00 PM,May-18-2024 04:00 PM,https://www.redfin.com/WA/Redmond/15070-NE-82nd-St-98052/unit-103/home/17383289,NWMLS as Distributed by MLS Grid,2237001,N,Y,47.6761724,-122.1392618
PAST SALE,,Single Family Residential,17006 NE 100th Pl,Redmond,WA,98052,1349000,4,2.5,Education Hill,2120,8415,1977,2,636,,Pending,,,https://www.redfin.com/WA/Redmond/17006-NE-100th-Pl-98052/home/324191,NWMLS as Distributed by MLS Grid,2233594,N,Y,47.6902551,-122.1130407
PAST SALE,June-23-2016,Single Family Residential,13801 NE 74th St,Redmond,WA,98052,1999950,4,3,Grass Lawn Park,2950,7987,1966,3,678,,Pending,,,https://www.redfin.com/WA/Redmond/13801-NE-74th-St-98052/home/516902,NWMLS as Distributed by MLS Grid,2223575,N,Y,47.6710587,-122.155265
MLS Listing,,Townhouse,8115 165th Ave NE,Redmond,WA,98052,1295000,3,3.5,Redmond,2180,1763,2008,21,594,30,Active,May-18-2024 11:00 AM,May-18-2024 01:00 PM,https://www.redfin.com/WA/Redmond/8115-165th-Ave-NE-98052/home/21883979,NWMLS as Distributed by MLS Grid,2225670,N,Y,47.676035,-122.1206554
MLS Listing,,Condo/Co-op,8808 Redmond Woodinville Rd NE Unit C101,Redmond,WA,98052,575000,2,2,Education Hill,896,,2001,35,642,528,Active,May-18-2024 11:00 AM,May-18-2024 01:00 PM,https://www.redfin.com/WA/Redmond/8808-Redmond-Woodinville-Rd-NE-98052/unit-C101/home/2091666,NWMLS as Distributed by MLS Grid,2220618,N,Y,47.68116,-122.1219189
MLS Listing,,Single Family Residential,13326 NE 97th St,Redmond,WA,98052,1818000,4,2.5,North Rose Hill,3300,4670,2005,70,551,,Active,,,https://www.redfin.com/WA/Redmond/13326-NE-97th-St-98052/home/2063631,NWMLS as Distributed by MLS Grid,2205749,N,Y,47.6880221,-122.1631606
MLS Listing,,Single Family Residential,12256 Avondale Rd NE,Redmond,WA,98052,1600000,4,1.5,Redmond,1670,429501,1954,106,958,,Active,,,https://www.redfin.com/WA/Redmond/12256-Avondale-Rd-NE-98052/home/445105,NWMLS as Distributed by MLS Grid,2195513,N,Y,47.709833,-122.086348
PAST SALE,,Condo/Co-op,11143 NE 112th (Homesite 20) Pl,Redmond,WA,98052,1221858,3,3,Rose Hill,1499,,2024,1,815,297,Pending,,,https://www.redfin.com/WA/Redmond/11143-NE-112th-St-98052/home/187872228,NWMLS as Distributed by MLS Grid,2169782,N,Y,47.7008653,-122.1312428
PAST SALE,,Condo/Co-op,13381 NE 112th (Homesite 12) Pl,Redmond,WA,98052,1221995,3,3,Rose Hill,1492,,2025,178,819,297,Pending,,,https://www.redfin.com/WA/Redmond/13381-NE-112th-Pl-98052/home/188637656,NWMLS as Distributed by MLS Grid,2180183,N,Y,47.7015024,-122.1616835
PAST SALE,July-8-2022,Single Family Residential,7840 133rd Ave NE,Redmond,WA,98052,3798999,5,4.5,Rose Hill,4648,10160,2024,1,817,,Pending,,,https://www.redfin.com/WA/Redmond/7840-133rd-Ave-NE-98052/home/515732,NWMLS as Distributed by MLS Grid,2202389,N,Y,47.674511,-122.1622895
PAST SALE,,Single Family Residential,13615 NE 94th St,Redmond,WA,98052,1549950,4,2.5,North Rose Hill,2250,7557,1995,1,689,17,Pending,,,https://www.redfin.com/WA/Redmond/13615-NE-94th-St-98052/home/513011,NWMLS as Distributed by MLS Grid,2235372,N,Y,47.6848789,-122.1576179
PAST SALE,,Condo/Co-op,13363 NE 112th (Homesite 14) Pl,Redmond,WA,98052,1141995,2,2,Rose Hill,1259,,2024,159,907,297,Pending,,,https://www.redfin.com/WA/Redmond/13363-NE-112th-Pl-98052/home/188862870,NWMLS as Distributed by MLS Grid,2179545,N,Y,47.7014782,-122.1619412
PAST SALE,,Single Family Residential,,Redmond,WA,98052,2250000,11,6.5,,4620,12480,1973,1,487,,Pending,,,https://www.redfin.com/WA/Redmond/Undisclosed-address-98052/home/190124863,NWMLS as Distributed by MLS Grid,2209688,N,Y,47.681595,-122.100717
PAST SALE,,Condo/Co-op,13357 NE 112th (Homesite 15) Pl,Redmond,WA,98052,1186020,3,3,Rose Hill,1488,,2024,207,797,297,Pending,,,https://www.redfin.com/WA/Redmond/13357-NE-112th-Pl-98052/home/188148805,NWMLS as Distributed by MLS Grid,2170067,N,Y,47.7014715,-122.162019
PAST SALE,,Condo/Co-op,11149 134th (Homesite 21) Ct NE,Redmond,WA,98052,1196995,3,3,Rose Hill,1488,,2024,1,804,297,Pending,,,https://www.redfin.com/WA/Redmond/11149-134th-Homesite-21-CT-NE-98052/home/187473165,NWMLS as Distributed by MLS Grid,2159840,N,Y,47.701231,-122.161311
MLS Listing,,Single Family Residential,9026 172nd Ave NE,Redmond,WA,98052,2250000,11,6.5,Education Hill,4620,12480,1973,1,487,,Active,,,https://www.redfin.com/WA/Redmond/9026-172nd-Ave-NE-98052/home/324462,NWMLS as Distributed by MLS Grid,2236895,N,Y,47.6825968,-122.1105611
MLS Listing,,Single Family Residential,13480 NE 110th Pl,Redmond,WA,98052,3360000,6,5,North Rose Hill,4604,7952,2019,1,730,90,Active,May-17-2024 04:00 PM,May-17-2024 07:00 PM,https://www.redfin.com/WA/Redmond/13480-NE-110th-Pl-98052/home/145710239,NWMLS as Distributed by MLS Grid,2238812,N,Y,47.6996161,-122.1615701
MLS Listing,,Single Family Residential,2408 175th Ave NE,Redmond,WA,98052,890000,4,3,Microsoft,1950,2587,1968,1,456,516,Active,May-17-2024 11:00 AM,May-17-2024 01:00 PM,https://www.redfin.com/WA/Redmond/2408-175th-Ave-NE-98052/home/503678,NWMLS as Distributed by MLS Grid,2229456,N,Y,47.6316848,-122.1061866
MLS Listing,,Single Family Residential,17104 NE 86th Ct,Redmond,WA,98052,1450000,5,3,Education Hill,2371,7784,1974,1,612,,Active,May-17-2024 02:00 PM,May-17-2024 04:00 PM,https://www.redfin.com/WA/Redmond/17104-NE-86th-Ct-98052/home/324110,NWMLS as Distributed by MLS Grid,2236804,N,Y,47.6793015,-122.1106967
MLS Listing,,Single Family Residential,13251 NE 110th Ct,Redmond,WA,98052,1599000,4,3,North Rose Hill,2531,14489,1986,1,632,,Active,May-17-2024 05:00 PM,May-17-2024 07:00 PM,https://www.redfin.com/WA/Redmond/13251-NE-110th-Ct-98052/home/511535,NWMLS as Distributed by MLS Grid,2236307,N,Y,47.6988656,-122.1623256
MLS Listing,,Single Family Residential,6828 140 Pl NE,Redmond,WA,98052,2395000,3,2.5,Grass Lawn Park,3320,7704,1977,1,721,,Active,May-18-2024 12:00 PM,May-18-2024 03:00 PM,https://www.redfin.com/WA/Redmond/6828-140th-Pl-NE-98052/home/515386,NWMLS as Distributed by MLS Grid,2238709,N,Y,47.6668292,-122.1523664
MLS Listing,,Single Family Residential,14320 173rd Pl NE,Redmond,WA,98052,2250000,4,3.5,English Hill,3786,42003,1985,1,594,16,Active,May-16-2024 04:00 PM,May-16-2024 06:00 PM,https://www.redfin.com/WA/Redmond/14320-173rd-Pl-NE-98052/home/449986,NWMLS as Distributed by MLS Grid,2233922,N,Y,47.7307749,-122.1079492
MLS Listing,,Single Family Residential,6857 156th Pl NE,Redmond,WA,98052,1495000,3,2.5,Grass Lawn Park,2510,2556,2007,1,596,84,Active,May-17-2024 04:00 PM,May-17-2024 06:00 PM,https://www.redfin.com/WA/Redmond/6857-156th-Pl-NE-98052/home/12090290,NWMLS as Distributed by MLS Grid,2238286,N,Y,47.6665948,-122.1323181
MLS Listing,,Single Family Residential,9611 186th Ct NE #4,Redmond,WA,98052,2252000,4,3.5,Avondale,2622,5887,2022,1,859,186,Active,May-18-2024 01:00 PM,May-18-2024 03:00 PM,https://www.redfin.com/WA/Redmond/9611-186th-Ct-NE-98052/unit-4/home/178700454,NWMLS as Distributed by MLS Grid,2207568,N,Y,47.6863782,-122.0916247
MLS Listing,,Single Family Residential,17217 NE 86th Pl,Redmond,WA,98052,1290000,4,2,Education Hill,2150,7000,1975,1,600,,Active,May-18-2024 01:30 PM,May-18-2024 03:30 PM,https://www.redfin.com/WA/Redmond/17217-NE-86th-Pl-98052/home/324830,NWMLS as Distributed by MLS Grid,2237867,N,Y,47.680396,-122.1062339
MLS Listing,,Condo/Co-op,7250 Old Redmond Rd Unit M148,Redmond,WA,98052,865000,2,2.5,Grass Lawn Park,1895,,1989,1,456,895,Active,May-18-2024 01:00 PM,May-18-2024 04:00 PM,https://www.redfin.com/WA/Redmond/7250-Old-Redmond-Rd-98052/unit-M148/home/18811,NWMLS as Distributed by MLS Grid,2236630,N,Y,47.6691445,-122.1326502
PAST SALE,April-3-2013,Single Family Residential,6781 194th Pl NE,Redmond,WA,98052,1749000,4,3,Redmond,2410,3887,2005,1,726,63,Pending,,,https://www.redfin.com/WA/Redmond/6781-194th-Pl-NE-98052/home/2072922,NWMLS as Distributed by MLS Grid,2230767,N,Y,47.6655717,-122.0815094
MLS Listing,,Condo/Co-op,13801 Old Redmond Rd Unit B203,Redmond,WA,98052,475000,2,2,Grass Lawn Park,980,,1987,1,485,746,Active,,,https://www.redfin.com/WA/Redmond/13801-Old-Redmond-Rd-98052/unit-B203/home/15340,NWMLS as Distributed by MLS Grid,2235084,N,Y,47.6664975,-122.1554439
MLS Listing,,Condo/Co-op,9009 Avondale Rd NE Unit A201,Redmond,WA,98052,529999,2,2,Avondale,958,267903,1987,1,553,655,Active,May-17-2024 05:00 PM,May-17-2024 07:00 PM,https://www.redfin.com/WA/Redmond/9009-Avondale-Rd-NE-98052/unit-A201/home/45263,NWMLS as Distributed by MLS Grid,2224151,N,Y,47.6829733,-122.1017058
MLS Listing,,Single Family Residential,14349 172nd Ave NE,Redmond,WA,98052,2200000,4,3.5,English Hill,3470,35100,1985,1,634,16,Active,May-18-2024 12:00 PM,May-18-2024 03:00 PM,https://www.redfin.com/WA/Redmond/14349-172nd-Ave-NE-98052/home/451489,NWMLS as Distributed by MLS Grid,2233846,N,Y,47.7311802,-122.1109039
MLS Listing,,Single Family Residential,18727 NE 133rd St,Woodinville,WA,98052,1748000,3,3,English Hill,2720,54048,1985,1,643,,Active,May-18-2024 01:00 PM,May-18-2024 04:00 PM,https://www.redfin.com/WA/Woodinville/18727-NE-133rd-St-98072/home/450650,NWMLS as Distributed by MLS Grid,2235411,N,Y,47.7181468,-122.0893332
MLS Listing,,Single Family Residential,10212 184th Ave NE,Redmond,WA,98052,1850000,5,4,Education Hill,3074,13020,1981,1,602,,Active,May-17-2024 12:00 PM,May-17-2024 02:30 PM,https://www.redfin.com/WA/Redmond/10212-184th-Ave-NE-98052/home/322637,NWMLS as Distributed by MLS Grid,2235698,N,Y,47.6914153,-122.095345
PAST SALE,April-5-2011,Single Family Residential,16433 NE 106th Pl,Redmond,WA,98052,1189000,4,2.5,Education Hill,1680,7191,1977,2,708,,Pending,,,https://www.redfin.com/WA/Redmond/16433-NE-106th-Pl-98052/home/322912,NWMLS as Distributed by MLS Grid,2227331,N,Y,47.694851,-122.1197032
PAST SALE,May-12-1978,Single Family Residential,10568 158th Ave NE,Redmond,WA,98052,1298000,4,3,Education Hill,1900,7658,1978,2,683,,Pending,,,https://www.redfin.com/WA/Redmond/10568-158th-Ave-NE-98052/home/325578,NWMLS as Distributed by MLS Grid,2229126,N,Y,47.6947862,-122.1288188
PAST SALE,May-29-1979,Condo/Co-op,13820 NE 65th St #536,Redmond,WA,98052,379800,1,1,Bridle Trails,822,,1972,2,462,399,Pending,,,https://www.redfin.com/WA/Redmond/13820-NE-65th-St-98052/unit-536/home/30080,NWMLS as Distributed by MLS Grid,2231747,N,Y,47.6648565,-122.1557751
MLS Listing,,Townhouse,15209 NE 81st Way #103,Redmond,WA,98052,900000,2,2,Downtown Redmond,1205,156656,2008,2,747,308,Active,,,https://www.redfin.com/WA/Redmond/15209-NE-81st-Way-98052/unit-103/home/22713785,NWMLS as Distributed by MLS Grid,2237937,N,Y,47.6753939,-122.1375765
MLS Listing,,Single Family Residential,17032 NE 114th Ct,Redmond,WA,98052,1698000,4,2.5,Redmond,2950,6770,2004,2,576,65,Active,,,https://www.redfin.com/WA/Redmond/17032-NE-114th-Ct-98052/home/2062381,NWMLS as Distributed by MLS Grid,2220998,N,Y,47.7027549,-122.1126785
MLS Listing,,Condo/Co-op,3834 175th Ave NE #308,Redmond,WA,98052,559950,2,1,West Lake Sammamish,896,,1967,2,625,521,Active,,,https://www.redfin.com/WA/Redmond/3834-175th-Ave-NE-98052/unit-308/home/62926,NWMLS as Distributed by MLS Grid,2228703,N,Y,47.6449116,-122.1048253
PAST SALE,September-17-2015,Single Family Residential,13724 NE 87th St,Redmond,WA,98052,789000,2,2.5,Rose Hill,1350,3206,1984,3,584,145,Pending,,,https://www.redfin.com/WA/Redmond/13724-NE-87th-St-98052/home/513347,NWMLS as Distributed by MLS Grid,2215935,N,Y,47.6802856,-122.1557405
PAST SALE,May-7-2001,Condo/Co-op,13801 Old Redmond Rd Unit G213,Redmond,WA,98052,475000,2,2,Grass Lawn Park,945,,1987,3,503,746,Pending,,,https://www.redfin.com/WA/Redmond/13801-Old-Redmond-Rd-98052/unit-G213/home/34710,NWMLS as Distributed by MLS Grid,2228902,N,Y,47.6664975,-122.1554439
PAST SALE,July-31-2007,Single Family Residential,17249 NE 125th St,Redmond,WA,98052,2150000,3,3,English Hill,3656,49222,1983,3,588,,Pending,,,https://www.redfin.com/WA/Redmond/17249-NE-125th-St-98052/home/451600,NWMLS as Distributed by MLS Grid,2224664,N,Y,47.7116048,-122.108434
PAST SALE,December-2-2013,Single Family Residential,17180 NE 123rd St,Redmond,WA,98052,2199990,4,4,English Hill,3127,5500,2014,3,704,105,Pending,,,https://www.redfin.com/WA/Redmond/17180-NE-123rd-St-98052/home/44657329,NWMLS as Distributed by MLS Grid,2227213,N,Y,47.7103958,-122.1112221
PAST SALE,December-27-2017,Condo/Co-op,6702 139th Ave NE #762,Redmond,WA,98052,600000,2,2,Bridle Trails,1212,,1972,3,495,606,Pending,,,https://www.redfin.com/WA/Redmond/6702-139th-Ave-NE-98052/unit-762/home/73977,NWMLS as Distributed by MLS Grid,2235881,N,Y,47.6657594,-122.1539384
PAST SALE,March-15-2006,Single Family Residential,15731 NE 117th St,Redmond,WA,98052,2039888,4,3,Education Hill,3052,10248,2003,3,668,38,Pending,May-18-2024 01:00 PM,May-18-2024 04:00 PM,https://www.redfin.com/WA/Redmond/15731-NE-117th-St-98052/home/450947,NWMLS as Distributed by MLS Grid,2234241,N,Y,47.7043323,-122.1292409
PAST SALE,November-10-2004,Townhouse,8619 139th Ave NE,Redmond,WA,98052,779000,3,2.5,Rose Hill,1280,2935,1984,4,609,145,Pending,,,https://www.redfin.com/WA/Redmond/8619-139th-Ave-NE-98052/home/512432,NWMLS as Distributed by MLS Grid,2232787,N,Y,47.6798977,-122.1546549
PAST SALE,January-8-2001,Single Family Residential,5312 155th Ave NE,Redmond,WA,98052,1350000,4,3,Microsoft,2270,9068,1963,4,595,,Pending,,,https://www.redfin.com/WA/Redmond/5312-155th-Ave-NE-98052/home/505648,NWMLS as Distributed by MLS Grid,2230948,N,Y,47.6562253,-122.1337309
PAST SALE,,Single Family Residential,12016 176th Ave NE,Redmond,WA,98052,2650000,5,3.5,Education Hill,3990,13519,2005,4,664,58,Pending,,,https://www.redfin.com/WA/Redmond/12016-176th-Ave-NE-98052/home/2096445,NWMLS as Distributed by MLS Grid,2230727,N,Y,47.7077941,-122.1045926
PAST SALE,June-15-2005,Single Family Residential,19303 NE 64th Way,Redmond,WA,98052,2399500,4,2.5,Redmond,3250,5014,2005,4,738,63,Pending,,,https://www.redfin.com/WA/Redmond/19303-NE-64th-Way-98052/home/2073406,NWMLS as Distributed by MLS Grid,2226039,N,Y,47.664059,-122.0808356
PAST SALE,April-23-2019,Single Family Residential,14830 NE 73rd Way,Redmond,WA,98052,2350000,4,2.5,Grass Lawn Park,3290,6601,2001,4,714,42,Pending,,,https://www.redfin.com/WA/Redmond/14830-NE-73rd-Way-98052/home/515796,NWMLS as Distributed by MLS Grid,2231987,N,Y,47.6705702,-122.1427349
PAST SALE,March-17-1998,Single Family Residential,13404 NE 70th St,Redmond,WA,98052,1399950,4,2,Redmond,1830,8400,1971,4,765,,Pending,,,https://www.redfin.com/WA/Redmond/13404-NE-70th-St-98052/home/517423,NWMLS as Distributed by MLS Grid,2232016,N,Y,47.6677961,-122.1607655
PAST SALE,June-15-1984,Single Family Residential,18015 NE 33rd St,Redmond,WA,98052,1448000,3,3,Microsoft,2640,11332,1975,4,548,,Pending,,,https://www.redfin.com/WA/Redmond/18015-NE-33rd-St-98052/home/503043,NWMLS as Distributed by MLS Grid,2229005,N,Y,47.6386761,-122.0994104
PAST SALE,September-16-2013,Single Family Residential,11307 177th Pl NE,Redmond,WA,98052,1698000,4,2.5,Education Hill,2390,3541,2013,4,710,100,Pending,,,https://www.redfin.com/WA/Redmond/11307-177th-Pl-NE-98052/home/22808298,NWMLS as Distributed by MLS Grid,2224470,N,Y,47.7007398,-122.1039081
PAST SALE,May-27-2016,Single Family Residential,10334 155th Ave NE,Redmond,WA,98052,1895000,4,3,Education Hill,2722,4972,2006,4,696,100,Pending,,,https://www.redfin.com/WA/Redmond/10334-155th-Ave-NE-98052/home/2116473,NWMLS as Distributed by MLS Grid,2236003,N,Y,47.6929342,-122.1325512
PAST SALE,July-29-2003,Single Family Residential,8518 172nd Ave NE,Redmond,WA,98052,1160000,3,2,Education Hill,1580,8750,1976,5,734,,Pending,,,https://www.redfin.com/WA/Redmond/8518-172nd-Ave-NE-98052/home/323921,NWMLS as Distributed by MLS Grid,2224210,N,Y,47.6795716,-122.1095581
PAST SALE,September-16-2005,Single Family Residential,18208 NE 102 Ct,Redmond,WA,98052,1500000,3,2.5,Education Hill,2480,10800,1984,5,605,,Pending,,,https://www.redfin.com/WA/Redmond/18208-NE-102nd-Ct-98052/home/325573,NWMLS as Distributed by MLS Grid,2231269,N,Y,47.6920694,-122.0975004
PAST SALE,September-13-2004,Condo/Co-op,15818 NE Leary Way Unit 5-204,Redmond,WA,98052,339000,1,1,Downtown Redmond,530,,1984,5,640,279,Pending,,,https://www.redfin.com/WA/Redmond/15818-NE-Leary-Way-98052/unit-5-204/home/18587,NWMLS as Distributed by MLS Grid,2228626,N,Y,47.67027,-122.129795
PAST SALE,June-27-1979,Single Family Residential,9620 162nd Ave NE,Redmond,WA,98052,1500000,4,3,Education Hill,2410,10660,1977,5,622,,Pending,,,https://www.redfin.com/WA/Redmond/9620-162nd-Ave-NE-98052/home/324847,NWMLS as Distributed by MLS Grid,2223163,N,Y,47.687295,-122.1238831
PAST SALE,October-31-2017,Single Family Residential,16715 NE 91st Pl,Redmond,WA,98052,1600000,5,3,Education Hill,2840,8311,1965,5,563,,Pending,,,https://www.redfin.com/WA/Redmond/16715-NE-91st-Pl-98052/home/324799,NWMLS as Distributed by MLS Grid,2234570,N,Y,47.6830306,-122.1164337
PAST SALE,May-24-2010,Townhouse,4629 168th Ct NE,Redmond,WA,98052,975000,3,2.5,Marymoor,1546,,1998,5,631,481,Pending,,,https://www.redfin.com/WA/Redmond/4629-168th-Ct-NE-98052/home/3227,NWMLS as Distributed by MLS Grid,2228129,N,Y,47.651207,-122.11456
PAST SALE,,Single Family Residential,17520 NE 33rd Pl,Redmond,WA,98052,1695000,4,3,Idylwood,2389,9512,1977,5,710,,Pending,,,https://www.redfin.com/WA/Redmond/17520-NE-33rd-Pl-98052/home/502668,NWMLS as Distributed by MLS Grid,2221040,N,Y,47.6402769,-122.1057861
PAST SALE,July-12-1984,Single Family Residential,9129 168th Pl NE,Redmond,WA,98052,940000,3,2.5,Education Hill,1770,8827,1969,5,531,,Pending,,,https://www.redfin.com/WA/Redmond/9129-168th-Pl-NE-98052/home/325523,NWMLS as Distributed by MLS Grid,2217364,N,Y,47.683681,-122.1159963
PAST SALE,April-25-2022,Single Family Residential,10002 179th Ave NE,Redmond,WA,98052,1499000,3,2.5,Education Hill,1850,7941,1986,5,810,,Pending,,,https://www.redfin.com/WA/Redmond/10002-179th-Ave-NE-98052/home/323287,NWMLS as Distributed by MLS Grid,2221320,N,Y,47.6905618,-122.100889
PAST SALE,January-10-2018,Townhouse,16034 NE 94th Way,Redmond,WA,98052,998000,3,2.5,Downtown Redmond,1917,698086,1997,5,521,886,Pending,,,https://www.redfin.com/WA/Redmond/16034-NE-94th-Way-98052/home/144409481,NWMLS as Distributed by MLS Grid,2212964,N,Y,47.6850506,-122.1270428
PAST SALE,May-10-2024,Townhouse,4523 170th Pl NE,Redmond,WA,98052,785000,4,2.5,Marymoor,1980,1,1974,5,396,775,Pending,,,https://www.redfin.com/WA/Redmond/4523-170th-Pl-NE-98052/home/103980696,NWMLS as Distributed by MLS Grid,2219030,N,Y,47.650035,-122.1123772
PAST SALE,June-27-2019,Townhouse,15658 NE 93rd Way,Redmond,WA,98052,975000,3,2.5,Downtown Redmond,1518,,1995,5,642,623,Pending,,,https://www.redfin.com/WA/Redmond/15658-NE-93rd-Way-98052/home/179747276,NWMLS as Distributed by MLS Grid,2235554,N,Y,47.6846846,-122.1306445
MLS Listing,,Condo/Co-op,12295 138th Pl NE #106,Redmond,WA,98052,1518900,2,2.5,Totem Lake,2429,,2024,5,625,186,Active,,,https://www.redfin.com/WA/Redmond/12295-138th-PL-NE-98052/unit-106/home/190757628,NWMLS as Distributed by MLS Grid,2236116,N,Y,47.710583,-122.157384
MLS Listing,,Townhouse,19344 NE 69th Cir #101,Redmond,WA,98052,1339990,3,3.5,Union Hill,1769,,2024,5,757,282,Active,,,https://www.redfin.com/WA/Redmond/19344-NE-69th-Cir-98052/unit-101/home/190757501,NWMLS as Distributed by MLS Grid,2236268,N,Y,47.6667704,-122.0818499
MLS Listing,,Condo/Co-op,12295 138th Pl NE #104,Redmond,WA,98052,1048900,2,2.5,Totem Lake,1539,,2024,5,682,186,Active,,,https://www.redfin.com/WA/Redmond/12295-138th-PL-NE-98052/unit-104/home/190756726,NWMLS as Distributed by MLS Grid,2234415,N,Y,47.710553,-122.157673
MLS Listing,,Condo/Co-op,12295 138th Pl NE #103,Redmond,WA,98052,1393900,4,3.5,Totem Lake,2188,,2024,6,637,186,Active,,,https://www.redfin.com/WA/Redmond/12295-138th-PL-NE-98052/unit-103/home/190750893,NWMLS as Distributed by MLS Grid,2236122,N,Y,47.71082,-122.157115
PAST SALE,,Single Family Residential,18244 NE 111th St,Redmond,WA,98052,1600000,3,2.5,Education Hill,2470,4189,2008,6,648,35,Pending,,,https://www.redfin.com/WA/Redmond/18244-NE-111th-St-98052/home/21617676,NWMLS as Distributed by MLS Grid,2224642,N,Y,47.6990569,-122.0970589
PAST SALE,August-16-2006,Single Family Residential,6120 145th Ave NE,Redmond,WA,98052,1695000,4,2.5,Grass Lawn Park,2510,9100,1979,6,675,,Pending,,,https://www.redfin.com/WA/Redmond/6120-145th-Ave-NE-98052/home/517484,NWMLS as Distributed by MLS Grid,2233036,N,Y,47.6621939,-122.1466625
PAST SALE,April-15-1992,Single Family Residential,14707 NE 61st Ct,Redmond,WA,98052,1650000,4,3,East Bellevue,2260,8120,1978,6,730,,Pending,,,https://www.redfin.com/WA/Redmond/14707-NE-61st-Ct-98052/home/516324,NWMLS as Distributed by MLS Grid,2211463,N,Y,47.6623708,-122.1445925
PAST SALE,May-31-2017,Townhouse,18211 NE 95th Way #105,Redmond,WA,98052,749980,2,2.5,Redmond,1204,,2002,6,623,606,Pending,,,https://www.redfin.com/WA/Redmond/18211-NE-95th-Way-98052/unit-105/home/113810340,NWMLS as Distributed by MLS Grid,2232671,N,Y,47.6858254,-122.0976201
PAST SALE,June-14-2012,Single Family Residential,5418 156th Dr NE,Redmond,WA,98052,1420000,4,2,Microsoft,1800,8438,1966,6,789,,Pending,,,https://www.redfin.com/WA/Redmond/5418-156th-Dr-NE-98052/home/502739,NWMLS as Distributed by MLS Grid,2231980,N,Y,47.6568578,-122.1315711
PAST SALE,,Single Family Residential,13227 NE 114th St,Redmond,WA,98052,1650000,4,2.5,Rose Hill,2380,25157,1984,6,693,,Pending,,,https://www.redfin.com/WA/Redmond/13227-NE-114th-St-98052/home/512274,NWMLS as Distributed by MLS Grid,2227568,N,Y,47.7026906,-122.1633799
MLS Listing,,Townhouse,6218 188th Pl NE #102,Redmond,WA,98052,770000,2,2,Redmond,1145,,2002,6,672,599,Active,,,https://www.redfin.com/WA/Redmond/6218-188th-Pl-NE-98052/unit-102/home/28446033,NWMLS as Distributed by MLS Grid,2223184,N,Y,47.6623165,-122.0871884
MLS Listing,,Vacant Land,9032 Avondale Rd NE,Redmond,WA,98052,1350000,,,Redmond,,31938,,6,,,Active,,,https://www.redfin.com/WA/Redmond/9032-Avondale-Rd-NE-98052/home/444391,NWMLS as Distributed by MLS Grid,2235959,N,Y,47.6823193,-122.0981569
MLS Listing,,Condo/Co-op,7395 Old Redmond Rd #217,Redmond,WA,98052,550000,2,2,Grass Lawn Park,1195,,1979,6,460,749,Active,May-17-2024 05:00 PM,May-17-2024 07:00 PM,https://www.redfin.com/WA/Redmond/7395-Old-Redmond-Rd-98052/unit-217/home/49692,NWMLS as Distributed by MLS Grid,2236014,N,Y,47.671841,-122.135885
MLS Listing,,Condo/Co-op,19319 NE 69th Cir #204,Redmond,WA,98052,949990,2,2,Union Hill,1504,,2024,6,632,372,Active,,,https://www.redfin.com/WA/Redmond/19319-NE-69th-Cir-98052/unit-204/home/190745344,NWMLS as Distributed by MLS Grid,2235767,N,Y,47.6665356,-122.0822413
MLS Listing,,Condo/Co-op,19273 NE 69th Cir #201,Redmond,WA,98052,949990,2,2,Union Hill,1504,,2024,6,632,372,Active,,,https://www.redfin.com/WA/Redmond/19273-NE-69th-Cir-98052/unit-201/home/190745343,NWMLS as Distributed by MLS Grid,2235746,N,Y,47.6665148,-122.0827941
MLS Listing,,Condo/Co-op,19319 NE 69th Cir #203,Redmond,WA,98052,839990,2,2,Union Hill,1215,,2024,6,691,372,Active,,,https://www.redfin.com/WA/Redmond/19319-NE-69th-Cir-98052/unit-203/home/190745289,NWMLS as Distributed by MLS Grid,2236237,N,Y,47.6665356,-122.0822413
MLS Listing,,Condo/Co-op,19273 NE 69th Cir #101,Redmond,WA,98052,829990,2,2,Union Hill,1367,,2024,6,607,372,Active,,,https://www.redfin.com/WA/Redmond/19273-NE-69th-Cir-98052/unit-101/home/190745281,NWMLS as Distributed by MLS Grid,2235720,N,Y,47.6665148,-122.0827941
MLS Listing,,Single Family Residential,14128 NE 72nd St,Redmond,WA,98052,1895000,4,3,Grass Lawn Park,2350,8142,1965,6,806,,Active,May-17-2024 05:00 PM,May-17-2024 07:00 PM,https://www.redfin.com/WA/Redmond/14128-NE-72nd-St-98052/home/516771,NWMLS as Distributed by MLS Grid,2236109,N,Y,47.6695814,-122.1509576
MLS Listing,,Single Family Residential,17102 NE 98th Ct,Redmond,WA,98052,1750000,6,4.5,Education Hill,3470,9654,1979,6,504,,Active,,,https://www.redfin.com/WA/Redmond/17102-NE-98th-Ct-98052/home/325003,NWMLS as Distributed by MLS Grid,2235993,N,Y,47.6880642,-122.111832
MLS Listing,,Single Family Residential,6707 149th Ave NE,Redmond,WA,98052,1950000,6,3,Grass Lawn Park,3690,10925,1975,6,528,,Active,May-17-2024 05:00 PM,May-17-2024 07:00 PM,https://www.redfin.com/WA/Redmond/6707-149th-Ave-NE-98052/home/514429,NWMLS as Distributed by MLS Grid,2235580,N,Y,47.6659649,-122.1420642
MLS Listing,,Condo/Co-op,6355 137th Ave NE #286,Redmond,WA,98052,539900,2,2,Bridle Trails,1142,,1969,6,473,632,Active,,,https://www.redfin.com/WA/Redmond/6355-137th-Ave-NE-98052/unit-286/home/49554,NWMLS as Distributed by MLS Grid,2236051,N,Y,47.6625889,-122.1577781
PAST SALE,,Vacant Land,0 xxxxx 154th Pl NE,Redmond,WA,98052,40000,,,Education Hill,,27387,,7,,,Pending,,,https://www.redfin.com/WA/Redmond/0-xxxxx-154th-Pl-NE-98052/home/189026451,NWMLS as Distributed by MLS Grid,2230667,N,Y,47.648412,-122.13442
PAST SALE,,Townhouse,19344 NE 69th Cir #103,Redmond,WA,98052,1014990,2,2.5,Union Hill,1448,,2024,7,701,282,Pending,,,https://www.redfin.com/WA/Redmond/19344-NE-69th-Cir-98052/unit-103/home/190680821,NWMLS as Distributed by MLS Grid,2232631,N,Y,47.6667704,-122.0818499
PAST SALE,August-9-2012,Single Family Residential,10914 154th Ave NE,Redmond,WA,98052,2295000,4,3.5,Education Hill,3868,49658,1981,7,593,58,Pending,,,https://www.redfin.com/WA/Redmond/10914-154th-Ave-NE-98052/home/323160,NWMLS as Distributed by MLS Grid,2218006,N,Y,47.6981923,-122.1332643
PAST SALE,September-15-2014,Single Family Residential,2211 W Lake Sammamish Pkwy NE,Redmond,WA,98052,1550000,5,3,West Lake Sammamish,2590,15200,1975,7,598,,Pending,,,https://www.redfin.com/WA/Redmond/2211-W-Lake-Sammamish-Pkwy-NE-98052/home/503186,NWMLS as Distributed by MLS Grid,2221403,N,Y,47.6295261,-122.0891402
PAST SALE,November-5-1987,Single Family Residential,9126 168th Pl NE,Redmond,WA,98052,949500,4,3,Education Hill,1840,9114,1969,7,516,,Pending,,,https://www.redfin.com/WA/Redmond/9126-168th-Pl-NE-98052/home/323540,NWMLS as Distributed by MLS Grid,2221427,N,Y,47.6836742,-122.1154699
PAST SALE,,Single Family Residential,10617 161st Ct NE,Redmond,WA,98052,1298000,4,3,Education Hill,1880,7125,1981,7,690,,Pending,,,https://www.redfin.com/WA/Redmond/10617-161st-Ct-NE-98052/home/325137,NWMLS as Distributed by MLS Grid,2228049,N,Y,47.6953765,-122.1236427
PAST SALE,,Townhouse,19344 NE 69th Cir #105,Redmond,WA,98052,1329990,3,3.5,Union Hill,1769,,2024,7,752,282,Pending,,,https://www.redfin.com/WA/Redmond/19344-NE-69th-Cir-98052/unit-105/home/190680916,NWMLS as Distributed by MLS Grid,2232613,N,Y,47.6667704,-122.0818499
MLS Listing,,Single Family Residential,13704 NE 94th St,Redmond,WA,98052,1698000,4,2.5,Rose Hill,2530,13130,1995,7,671,20,Active,May-18-2024 05:00 PM,May-18-2024 07:00 PM,https://www.redfin.com/WA/Redmond/13704-NE-94th-St-98052/home/512910,NWMLS as Distributed by MLS Grid,2220382,N,Y,47.6851843,-122.1571892
MLS Listing,,Townhouse,7250 NE Old Redmond Rd Unit H-128,Redmond,WA,98052,885000,2,2.5,Redmond,1895,,1989,7,467,894,Active,,,https://www.redfin.com/WA/Redmond/7250-Old-Redmond-Rd-98052/unit-H128/home/57642,NWMLS as Distributed by MLS Grid,2235404,N,Y,47.6691445,-122.1326502
MLS Listing,,Single Family Residential,17218 NE 113th Ct,Redmond,WA,98052,3139000,6,5,Redmond,4410,6908,2022,7,712,100,Active,,,https://www.redfin.com/WA/Redmond/17218-NE-113th-Ct-98052/home/175701558,NWMLS as Distributed by MLS Grid,2235201,N,Y,47.7016561,-122.1104773
MLS Listing,,Townhouse,15825 NE 90th Way #803,Redmond,WA,98052,785000,2,2.5,Redmond,1258,,1995,7,624,527,Active,,,https://www.redfin.com/WA/Redmond/15825-NE-90th-Way-98052/unit-803/home/32251,NWMLS as Distributed by MLS Grid,2228822,N,Y,47.6824758,-122.1284466
PAST SALE,,Condo/Co-op,19319 NE 69th Cir #201,Redmond,WA,98052,899990,2,2,Union Hill,1504,,2024,8,598,372,Pending,,,https://www.redfin.com/WA/Redmond/19319-NE-69th-Cir-98052/unit-201/home/190553326,NWMLS as Distributed by MLS Grid,2221618,N,Y,47.6665356,-122.0822413
PAST SALE,June-8-2018,Condo/Co-op,17310 NE 45th St #123,Redmond,WA,98052,475000,2,2,West Lake Sammamish,974,,1968,8,488,667,Pending,,,https://www.redfin.com/WA/Redmond/17310-NE-45th-St-98052/unit-123/home/68923,NWMLS as Distributed by MLS Grid,2217221,N,Y,47.6500797,-122.1098457
PAST SALE,,Condo/Co-op,19319 NE 69th Cir #202,Redmond,WA,98052,794990,2,2,Union Hill,1215,,2024,8,654,372,Pending,,,https://www.redfin.com/WA/Redmond/19319-NE-69th-Cir-98052/unit-202/home/190553353,NWMLS as Distributed by MLS Grid,2221032,N,Y,47.6665356,-122.0822413
PAST SALE,,Townhouse,19340 NE 69th Cir #106,Redmond,WA,98052,937990,2,2.5,Union Hill,1424,,2024,8,659,282,Pending,,,https://www.redfin.com/WA/Redmond/19340-NE-69th-Cir-98052/unit-106/home/187484757,NWMLS as Distributed by MLS Grid,2162274,N,Y,47.6674591,-122.0818966
PAST SALE,,Townhouse,19340 NE 69th Cir #104,Redmond,WA,98052,949990,2,2.5,Union Hill,1448,,2024,8,656,282,Pending,,,https://www.redfin.com/WA/Redmond/19340-NE-69th-Cir-98052/unit-104/home/189512621,NWMLS as Distributed by MLS Grid,2194230,N,Y,47.6674591,-122.0818966
MLS Listing,,Single Family Residential,12009 Avondale Pl NE,Redmond,WA,98052,1400000,3,3.5,Avondale,2440,39926,1932,8,574,,Active,May-16-2024 04:00 PM,May-16-2024 06:00 PM,https://www.redfin.com/WA/Redmond/12009-Avondale-Pl-NE-98052/home/443039,NWMLS as Distributed by MLS Grid,2234127,N,Y,47.7068731,-122.0902619
MLS Listing,,Townhouse,9206 162nd Pl NE,Redmond,WA,98052,799950,2,2.5,Downtown Redmond,1430,,1998,8,559,757,Active,May-18-2024 01:00 PM,May-18-2024 03:00 PM,https://www.redfin.com/WA/Redmond/9206-162nd-Pl-NE-98052/home/4314,NWMLS as Distributed by MLS Grid,2230394,N,Y,47.6840523,-122.1261071
PAST SALE,,Condo/Co-op,19396 NE 69th Cir #302,Redmond,WA,98052,749990,2,2,Union Hill,1224,,2024,9,613,372,Pending,,,https://www.redfin.com/WA/Redmond/19396-NE-69th-Cir-98052/unit-302/home/187579763,NWMLS as Distributed by MLS Grid,2161716,N,Y,47.6667646,-122.0805389
PAST SALE,,Condo/Co-op,19347 NE 69th Cir #203,Redmond,WA,98052,789990,2,2,Union Hill,1220,,2024,9,648,372,Pending,,,https://www.redfin.com/WA/Redmond/19347-NE-69th-Cir-98052/unit-203/home/190192083,NWMLS as Distributed by MLS Grid,2209489,N,Y,47.6665304,-122.0816568
MLS Listing,,Single Family Residential,16645 NE 85th St,Redmond,WA,98052,1380000,3,2,Downtown Redmond,2960,7200,1904,9,466,,Active,,,https://www.redfin.com/WA/Redmond/16645-NE-85th-St-98052/home/2096814,NWMLS as Distributed by MLS Grid,2212990,N,Y,47.6783185,-122.1182705
PAST SALE,,Condo/Co-op,19347 NE 69th Cir #201,Redmond,WA,98052,884990,2,2,Union Hill,1504,,2024,10,588,372,Pending,,,https://www.redfin.com/WA/Redmond/19347-NE-69th-Cir-98052/unit-201/home/190192075,NWMLS as Distributed by MLS Grid,2209547,N,Y,47.6665304,-122.0816568
PAST SALE,,Townhouse,19374 NE 69th Cir #105,Redmond,WA,98052,999990,2,2.5,Union Hill,1442,,2024,10,693,282,Pending,,,https://www.redfin.com/WA/Redmond/19374-NE-69th-Cir-98052/unit-105/home/190333919,NWMLS as Distributed by MLS Grid,2213560,N,Y,47.6674638,-122.0811757
PAST SALE,,Condo/Co-op,19391 NE 69th Cir #202,Redmond,WA,98052,769990,2,2,Union Hill,1224,,2024,10,629,372,Pending,,,https://www.redfin.com/WA/Redmond/19391-NE-69th-Cir-98052/unit-202/home/187579762,NWMLS as Distributed by MLS Grid,2161737,N,Y,47.6665298,-122.0805722
PAST SALE,August-24-2018,Townhouse,7250 NE Old Redmond Rd Unit M149,Redmond,WA,98052,885000,2,2.5,Redmond,1895,,1989,10,467,895,Pending,,,https://www.redfin.com/WA/Redmond/7250-Old-Redmond-Rd-98052/unit-M149/home/7612,NWMLS as Distributed by MLS Grid,2225588,N,Y,47.6691445,-122.1326502
PAST SALE,,Condo/Co-op,19347 NE 69th Cir #102,Redmond,WA,98052,814990,2,2,Union Hill,1367,,2024,10,596,372,Pending,,,https://www.redfin.com/WA/Redmond/19347-NE-69th-Cir-98052/unit-102/home/190192084,NWMLS as Distributed by MLS Grid,2209521,N,Y,47.6665304,-122.0816568
PAST SALE,,Townhouse,19340 NE 69th Cir #102,Redmond,WA,98052,974990,2,2.5,Union Hill,1461,1,2024,11,667,282,Pending,,,https://www.redfin.com/WA/Redmond/19340-NE-69th-Cir-98052/unit-102/home/186486552,NWMLS as Distributed by MLS Grid,2158526,N,Y,47.6674591,-122.0818966
PAST SALE,,Condo/Co-op,19347 NE 69th Cir #101,Redmond,WA,98052,799990,2,2,Union Hill,1367,,2024,11,585,372,Pending,,,https://www.redfin.com/WA/Redmond/19347-NE-69th-Cir-98052/unit-101/home/190192085,NWMLS as Distributed by MLS Grid,2209463,N,Y,47.6665304,-122.0816568
MLS Listing,,Single Family Residential,17431 NE 28th St,Redmond,WA,98052,2630000,6,3.5,Microsoft,2940,4786,1991,11,895,79,Active,May-18-2024 11:00 AM,May-18-2024 03:00 PM,https://www.redfin.com/WA/Redmond/17431-NE-28th-St-98052/home/503923,NWMLS as Distributed by MLS Grid,2233292,N,Y,47.6367706,-122.1083855
PAST SALE,,Townhouse,19344 NE 69th Cir #104,Redmond,WA,98052,1014990,2,2.5,Union Hill,1398,,2024,12,726,282,Pending,,,https://www.redfin.com/WA/Redmond/19344-NE-69th-Cir-98052/unit-104/home/190680915,NWMLS as Distributed by MLS Grid,2213514,N,Y,47.6667704,-122.0818499
PAST SALE,,Condo/Co-op,19375 NE 69th Cir #201,Redmond,WA,98052,849990,2,2,Union Hill,1504,,2024,12,565,372,Pending,,,https://www.redfin.com/WA/Redmond/19375-NE-69th-Cir-98052/unit-201/home/189152174,NWMLS as Distributed by MLS Grid,2190966,N,Y,47.6665272,-122.0811187
PAST SALE,,Condo/Co-op,19396 NE 69th Cir #301,Redmond,WA,98052,849990,2,2,Union Hill,1504,,2024,12,565,372,Pending,,,https://www.redfin.com/WA/Redmond/19396-NE-69th-Cir-98052/unit-301/home/187579782,NWMLS as Distributed by MLS Grid,2161453,N,Y,47.6667646,-122.0805389
PAST SALE,,Townhouse,19345 NE 69th Cir #103,Redmond,WA,98052,939990,2,2.5,Union Hill,1448,,2024,12,649,282,Pending,,,https://www.redfin.com/WA/Redmond/19345-NE-69th-Cir-98052/unit-103/home/187804345,NWMLS as Distributed by MLS Grid,2168341,N,Y,47.6670594,-122.0817511
PAST SALE,,Townhouse,19329 NE 69th Cir #106,Redmond,WA,98052,1049990,3,3.5,Union Hill,1769,,2023,12,594,282,Pending,,,https://www.redfin.com/WA/Redmond/19329-NE-69th-Cir-98052/unit-106/home/186199389,NWMLS as Distributed by MLS Grid,2142878,N,Y,47.6670809,-122.0822586
PAST SALE,,Townhouse,19374 NE 69th Cir #102,Redmond,WA,98052,989990,2,2.5,Union Hill,1461,,2024,12,678,282,Pending,,,https://www.redfin.com/WA/Redmond/19374-NE-69th-Cir-98052/unit-102/home/189925146,NWMLS as Distributed by MLS Grid,2204630,N,Y,47.6674638,-122.0811757
PAST SALE,,Condo/Co-op,19391 NE 69th Cir #201,Redmond,WA,98052,794990,2,2,Union Hill,1504,,2024,12,529,372,Pending,,,https://www.redfin.com/WA/Redmond/19391-NE-69th-Cir-98052/unit-201/home/187579781,NWMLS as Distributed by MLS Grid,2161658,N,Y,47.6665298,-122.0805722
PAST SALE,,Townhouse,19380 NE 69th Cir #102,Redmond,WA,98052,959990,2,2.5,Union Hill,1398,,2024,12,687,282,Pending,,,https://www.redfin.com/WA/Redmond/19380-NE-69th-Cir-98052/unit-102/home/189615646,NWMLS as Distributed by MLS Grid,2195751,N,Y,47.6667615,-122.0810262
PAST SALE,,Single Family Residential,16505 NE 47th St,Redmond,WA,98052,3598000,5,3.5,Redmond,4510,9200,2019,12,798,128,Pending,,,https://www.redfin.com/WA/Redmond/16505-NE-47th-St-98052/home/168837940,NWMLS as Distributed by MLS Grid,2222774,N,Y,47.6513681,-122.1208024
PAST SALE,,Townhouse,19380 NE 69th Cir #105,Redmond,WA,98052,1199990,3,3.5,Union Hill,1769,,2024,13,678,282,Pending,,,https://www.redfin.com/WA/Redmond/19380-NE-69th-Cir-98052/unit-105/home/189082576,NWMLS as Distributed by MLS Grid,2188545,N,Y,47.6667615,-122.0810262
PAST SALE,,Townhouse,19374 NE 69th Cir #107,Redmond,WA,98052,1304990,3,3.5,Union Hill,1769,,2024,13,738,282,Pending,,,https://www.redfin.com/WA/Redmond/19374-NE-69th-Cir-98052/unit-107/home/190333929,NWMLS as Distributed by MLS Grid,2225887,N,Y,47.6674638,-122.0811757
PAST SALE,,Townhouse,19360 NE 69th Cir #101,Redmond,WA,98052,1289990,3,3.5,Union Hill,1775,,2024,13,727,282,Pending,,,https://www.redfin.com/WA/Redmond/19360-NE-69th-Cir-98052/unit-101/home/190333911,NWMLS as Distributed by MLS Grid,2213370,N,Y,47.6667609,-122.0814013
PAST SALE,,Condo/Co-op,19375 NE 69th Cir #203,Redmond,WA,98052,784990,2,2,Union Hill,1215,,2024,14,646,372,Pending,,,https://www.redfin.com/WA/Redmond/19375-NE-69th-Cir-98052/unit-203/home/189688161,NWMLS as Distributed by MLS Grid,2195197,N,Y,47.6665272,-122.0811187
PAST SALE,,Townhouse,19374 NE 69th Cir #103,Redmond,WA,98052,994990,2,2.5,Union Hill,1461,,2024,14,681,282,Pending,,,https://www.redfin.com/WA/Redmond/19374-NE-69th-Cir-98052/unit-103/home/189925142,NWMLS as Distributed by MLS Grid,2204646,N,Y,47.6674638,-122.0811757
PAST SALE,,Townhouse,19360 NE 69th Cir #104,Redmond,WA,98052,1279990,3,3.5,Union Hill,1769,,2024,14,724,282,Pending,,,https://www.redfin.com/WA/Redmond/19360-NE-69th-Cir-98052/unit-104/home/189958891,NWMLS as Distributed by MLS Grid,2204954,N,Y,47.6667609,-122.0814013
PAST SALE,,Condo/Co-op,19375 NE 69th Cir #102,Redmond,WA,98052,799990,2,2,Union Hill,1367,,2024,14,585,372,Pending,,,https://www.redfin.com/WA/Redmond/19375-NE-69th-Cir-98052/unit-102/home/189688163,NWMLS as Distributed by MLS Grid,2197453,N,Y,47.6665272,-122.0811187
PAST SALE,,Townhouse,19380 NE 69th Cir #101,Redmond,WA,98052,1249990,3,3.5,Union Hill,1769,,2024,14,707,282,Pending,,,https://www.redfin.com/WA/Redmond/19380-NE-69th-Cir-98052/unit-101/home/189615645,NWMLS as Distributed by MLS Grid,2195727,N,Y,47.6667615,-122.0810262
PAST SALE,,Townhouse,7992 170th Ave NE (Homesite #15),Redmond,WA,98052,1793000,3,3.5,Downtown Redmond,2825,3189,2023,14,635,217,Pending,,,https://www.redfin.com/WA/Redmond/7992-170th-Ave-NE-98052/home/182061181,NWMLS as Distributed by MLS Grid,2194651,N,Y,47.674654,-122.113752
PAST SALE,,Townhouse,19374 NE 69th Cir #106,Redmond,WA,98052,999990,2,2.5,Union Hill,1442,,2024,14,693,282,Pending,,,https://www.redfin.com/WA/Redmond/19374-NE-69th-Cir-98052/unit-106/home/190333918,NWMLS as Distributed by MLS Grid,2213548,N,Y,47.6674638,-122.0811757
PAST SALE,,Condo/Co-op,19347 NE 69th Cir #204,Redmond,WA,98052,909990,2,2,Union Hill,1504,,2024,14,605,372,Pending,,,https://www.redfin.com/WA/Redmond/19347-NE-69th-Cir-98052/unit-204/home/190553128,NWMLS as Distributed by MLS Grid,2221722,N,Y,47.6665304,-122.0816568
PAST SALE,,Townhouse,19380 NE 69th Cir #103,Redmond,WA,98052,959990,2,2.5,Union Hill,1448,,2024,14,663,282,Pending,,,https://www.redfin.com/WA/Redmond/19380-NE-69th-Cir-98052/unit-103/home/189615647,NWMLS as Distributed by MLS Grid,2195767,N,Y,47.6667615,-122.0810262
PAST SALE,,Townhouse,19358 NE 69th Cir #107,Redmond,WA,98052,1199990,3,3.5,Union Hill,1769,,2024,15,678,282,Pending,,,https://www.redfin.com/WA/Redmond/19358-NE-69th-Cir-98052/unit-107/home/188824968,NWMLS as Distributed by MLS Grid,2184113,N,Y,47.6674607,-122.0815726
PAST SALE,,Townhouse,19363 NE 69th Cir #101,Redmond,WA,98052,1189990,3,3.5,Union Hill,1784,,2024,15,667,282,Pending,,,https://www.redfin.com/WA/Redmond/19363-NE-69th-Cir-98052/unit-101/home/187946220,NWMLS as Distributed by MLS Grid,2170407,N,Y,47.6670761,-122.0812047
PAST SALE,,Condo/Co-op,19375 NE 69th Cir #204,Redmond,WA,98052,879990,2,2,Union Hill,1504,,2024,15,585,372,Pending,,,https://www.redfin.com/WA/Redmond/19375-NE-69th-Cir-98052/unit-204/home/189688153,NWMLS as Distributed by MLS Grid,2197554,N,Y,47.6665272,-122.0811187
PAST SALE,June-15-2022,Townhouse,16220 NE 90th Ct #2403,Redmond,WA,98052,997500,2,2.5,Downtown Redmond,1885,,1997,15,529,880,Pending,,,https://www.redfin.com/WA/Redmond/16220-NE-90th-Ct-98052/unit-2403/home/32532,NWMLS as Distributed by MLS Grid,2225648,N,Y,47.6832371,-122.1244473
PAST SALE,,Townhouse,19360 NE 69th Cir #103,Redmond,WA,98052,969990,2,2.5,Union Hill,1442,,2024,15,673,282,Pending,,,https://www.redfin.com/WA/Redmond/19360-NE-69th-Cir-98052/unit-103/home/189959286,NWMLS as Distributed by MLS Grid,2204706,N,Y,47.6667609,-122.0814013
PAST SALE,,Townhouse,19345 NE 69th Cir #106,Redmond,WA,98052,1174990,3,3.5,Union Hill,1769,,2024,16,664,282,Pending,,,https://www.redfin.com/WA/Redmond/19345-NE-69th-Cir-98052/unit-106/home/187460697,NWMLS as Distributed by MLS Grid,2161560,N,Y,47.6670594,-122.0817511
PAST SALE,,Townhouse,19358 NE 69th Cir #101,Redmond,WA,98052,1194990,3,3.5,Union Hill,1769,,2024,16,676,282,Pending,,,https://www.redfin.com/WA/Redmond/19358-NE-69th-Cir-98052/unit-101/home/188555441,NWMLS as Distributed by MLS Grid,2179685,N,Y,47.6674607,-122.0815726
PAST SALE,,Townhouse,19363 NE 69th Cir #106,Redmond,WA,98052,1189990,3,3.5,Union Hill,1769,,2024,16,673,282,Pending,,,https://www.redfin.com/WA/Redmond/19363-NE-69th-Cir-98052/unit-106/home/187901479,NWMLS as Distributed by MLS Grid,2170087,N,Y,47.6670761,-122.0812047
PAST SALE,,Condo/Co-op,19319 NE 69th Cir #101,Redmond,WA,98052,804990,2,2,Union Hill,1367,,2024,16,589,372,Pending,,,https://www.redfin.com/WA/Redmond/19319-NE-69th-Cir-98052/unit-101/home/190553321,NWMLS as Distributed by MLS Grid,2221690,N,Y,47.6665356,-122.0822413
PAST SALE,,Condo/Co-op,19391 NE 69th Cir #101,Redmond,WA,98052,799990,2,2,Union Hill,1367,,2024,16,585,372,Pending,,,https://www.redfin.com/WA/Redmond/19391-NE-69th-Cir-98052/unit-101/home/189152226,NWMLS as Distributed by MLS Grid,2190928,N,Y,47.6665298,-122.0805722
PAST SALE,,Condo/Co-op,19396 NE 69th Cir #304,Redmond,WA,98052,875990,2,2,Union Hill,1504,,2024,17,582,372,Pending,,,https://www.redfin.com/WA/Redmond/19396-NE-69th-Cir-98052/unit-304/home/187946243,NWMLS as Distributed by MLS Grid,2170430,N,Y,47.6667646,-122.0805389
PAST SALE,,Townhouse,19360 NE 69th Cir #102,Redmond,WA,98052,969990,2,2.5,Union Hill,1443,,2024,18,672,282,Pending,,,https://www.redfin.com/WA/Redmond/19360-NE-69th-Cir-98052/unit-102/home/189958890,NWMLS as Distributed by MLS Grid,2204664,N,Y,47.6667609,-122.0814013
PAST SALE,June-18-2007,Townhouse,9304 162nd Pl NE,Redmond,WA,98052,879000,2,2.5,Downtown Redmond,1430,698086,1997,19,615,758,Pending,,,https://www.redfin.com/WA/Redmond/9304-162nd-Pl-NE-98052/home/23481,NWMLS as Distributed by MLS Grid,2225114,N,Y,47.6846012,-122.1263177
PAST SALE,,Condo/Co-op,19375 NE 69th Cir #202,Redmond,WA,98052,784990,2,2,Union Hill,1215,,2024,19,646,372,Pending,,,https://www.redfin.com/WA/Redmond/19375-NE-69th-Cir-98052/unit-202/home/189160468,NWMLS as Distributed by MLS Grid,2191106,N,Y,47.6665272,-122.0811187
PAST SALE,,Condo/Co-op,19396 NE 69th Cir #303,Redmond,WA,98052,769990,2,2,Union Hill,1220,,2024,20,631,372,Pending,,,https://www.redfin.com/WA/Redmond/19396-NE-69th-Cir-98052/unit-303/home/187946146,NWMLS as Distributed by MLS Grid,2170541,N,Y,47.6667646,-122.0805389
PAST SALE,March-27-1986,Single Family Residential,17116 NE 126th Pl,Redmond,WA,98052,1849000,5,3,English Hill,2860,39170,1983,21,647,15,Pending,,,https://www.redfin.com/WA/Redmond/17116-NE-126th-Pl-98052/home/451613,NWMLS as Distributed by MLS Grid,2223791,N,Y,47.7131209,-122.11295
MLS Listing,,Condo/Co-op,9484 Redmond-Woodinville Rd NE Unit C301,Redmond,WA,98052,295000,0,1,Education Hill,384,,1980,21,768,270,Active,May-19-2024 01:00 AM,May-19-2024 03:00 PM,https://www.redfin.com/WA/Redmond/9484-Redmond-Woodinville-Rd-NE-98052/unit-C301/home/146084019,NWMLS as Distributed by MLS Grid,2226319,N,Y,47.6854602,-122.1243434
MLS Listing,,Single Family Residential,16604 NE 92nd St,Redmond,WA,98052,1399000,3,3,Redmond,1870,9600,1968,21,748,,Active,May-16-2024 04:00 PM,May-16-2024 07:00 PM,https://www.redfin.com/WA/Redmond/16604-NE-92nd-St-98052/home/324852,NWMLS as Distributed by MLS Grid,2228258,N,Y,47.6839487,-122.1187011
PAST SALE,,Condo/Co-op,11155 134th (Homesite 22) Ct NE,Redmond,WA,98052,1211995,3,3,Rose Hill,1492,,2024,22,812,297,Pending,,,https://www.redfin.com/WA/Redmond/11155-NE-22nd-Ct-98052/home/187472998,NWMLS as Distributed by MLS Grid,2157983,N,Y,47.701314,-122.161414
PAST SALE,,Townhouse,19374 NE 69th Cir #104,Redmond,WA,98052,999990,2,2.5,Union Hill,1442,,2024,22,693,282,Pending,,,https://www.redfin.com/WA/Redmond/19374-NE-69th-Cir-98052/unit-104/home/190333920,NWMLS as Distributed by MLS Grid,2213573,N,Y,47.6674638,-122.0811757
PAST SALE,,Condo/Co-op,13720 NE 123rd Way #104,Redmond,WA,98052,982900,2,2.5,Totem Lake,1539,,2024,23,639,186,Pending,,,https://www.redfin.com/WA/Redmond/13720-NE-123rd-Way-98052/unit-104/home/189121576,NWMLS as Distributed by MLS Grid,2190245,N,Y,47.7105152,-122.1169771
PAST SALE,,Condo/Co-op,13760 NE 123rd Way #104,Redmond,WA,98052,977900,2,2.5,Totem Lake,1539,,2023,23,635,186,Pending,,,https://www.redfin.com/WA/Redmond/13760-NE-123rd-WAY-98052/unit-104/home/188852367,NWMLS as Distributed by MLS Grid,2183670,N,Y,47.710317,-122.118467
PAST SALE,,Condo/Co-op,19391 NE 69th Cir #204,Redmond,WA,98052,799990,2,2,Union Hill,1504,,2024,24,532,372,Pending,,,https://www.redfin.com/WA/Redmond/19391-NE-69th-Cir-98052/unit-204/home/187904102,NWMLS as Distributed by MLS Grid,2170124,N,Y,47.6665298,-122.0805722
MLS Listing,,Single Family Residential,13424 NE 111th Ct,Redmond,WA,98052,1585000,3,3.5,North Rose Hill,2472,,2006,24,641,400,Active,May-18-2024 12:00 PM,May-18-2024 02:00 PM,https://www.redfin.com/WA/Redmond/13424-NE-111th-Ct-98052/home/12091458,NWMLS as Distributed by MLS Grid,2226459,N,Y,47.7000465,-122.1604846
MLS Listing,,Condo/Co-op,9302 Redmond Woodinville Rd NE #206,Redmond,WA,98052,719990,2,2.5,Downtown Redmond,1278,,1979,27,563,445,Active,,,https://www.redfin.com/WA/Redmond/9302-Redmond-Woodinville-Rd-NE-98052/unit-206/home/190557573,NWMLS as Distributed by MLS Grid,2225490,N,Y,47.6843019,-122.1242142
MLS Listing,,Townhouse,4107 159th Ave NE Unit 22C,Redmond,WA,98052,770000,2,2.5,Microsoft,1289,,1987,27,597,569,Active,,,https://www.redfin.com/WA/Redmond/4107-159th-Ave-NE-98052/unit-22C/home/108339637,NWMLS as Distributed by MLS Grid,2225960,N,Y,47.6470075,-122.1277404
MLS Listing,,Single Family Residential,2006 W Lake Sammamish Pkwy NE,Redmond,WA,98052,4395000,7,5.5,West Lake Sammamish,5068,9983,2011,27,867,,Active,,,https://www.redfin.com/WA/Redmond/2006-W-Lake-Sammamish-Pkwy-NE-98052/home/21884211,NWMLS as Distributed by MLS Grid,2221063,N,Y,47.6276987,-122.0878726
PAST SALE,,Townhouse,19340 NE 69th Cir #105,Redmond,WA,98052,939990,2,2.5,Union Hill,1448,,2024,28,649,282,Pending,,,https://www.redfin.com/WA/Redmond/19340-NE-69th-Cir-98052/unit-105/home/187687005,NWMLS as Distributed by MLS Grid,2166377,N,Y,47.6674591,-122.0818966
PAST SALE,,Townhouse,19374 NE 69th Cir #101,Redmond,WA,98052,1299990,3,3.5,Union Hill,1769,,2024,28,735,282,Pending,,,https://www.redfin.com/WA/Redmond/19374-NE-69th-Cir-98052/unit-101/home/189958892,NWMLS as Distributed by MLS Grid,2204737,N,Y,47.6674638,-122.0811757
PAST SALE,December-23-2010,Condo/Co-op,7449 Old Redmond Rd #312,Redmond,WA,98052,400000,1,1,Microsoft,880,,1979,29,455,547,Pending,,,https://www.redfin.com/WA/Redmond/7449-Old-Redmond-Rd-98052/unit-312/home/57617,NWMLS as Distributed by MLS Grid,2220525,N,Y,47.6718599,-122.1354775
MLS Listing,,Condo/Co-op,3834 175th Ave NE #44,Redmond,WA,98052,425000,1,1,West Lake Sammamish,628,,1967,29,677,547,Active,,,https://www.redfin.com/WA/Redmond/3834-175th-Ave-NE-98052/unit-44/home/190253242,NWMLS as Distributed by MLS Grid,2223521,N,Y,47.6449116,-122.1048253
MLS Listing,,Townhouse,7323 Old Redmond Rd Unit 10-D,Redmond,WA,98052,1029500,3,3,Microsoft,1996,,1993,29,516,595,Active,May-19-2024 01:00 PM,May-19-2024 03:00 PM,https://www.redfin.com/WA/Redmond/7323-Old-Redmond-Rd-98052/unit-10D/home/39335,NWMLS as Distributed by MLS Grid,2217481,N,Y,47.671282,-122.1341635
PAST SALE,October-12-2000,Single Family Residential,15707 NE 136th Pl,Redmond,WA,98052,4289000,4,3.5,Woodinville,4110,131987,2000,32,1044,,Pending,,,https://www.redfin.com/WA/Redmond/15707-NE-136th-Pl-98052/home/447904,NWMLS as Distributed by MLS Grid,2221431,N,Y,47.7221873,-122.1307024
PAST SALE,September-9-1999,Townhouse,13932 NE 60th St #153,Redmond,WA,98052,372500,1,1,Bridle Trails,757,,1969,34,492,363,Pending,,,https://www.redfin.com/WA/Redmond/13932-NE-60th-St-98052/unit-153/home/42376,NWMLS as Distributed by MLS Grid,2209558,N,Y,47.6608259,-122.154554
PAST SALE,,Condo/Co-op,11137 134th (Homesite 19) Ct NE,Redmond,WA,98052,1217996,3,3,Rose Hill,1492,,2024,35,816,297,Pending,,,https://www.redfin.com/WA/Redmond/11137-98052/home/187383575,NWMLS as Distributed by MLS Grid,2158683,N,Y,47.701765,-122.161239
PAST SALE,July-21-2010,Single Family Residential,17424 NE 33rd St,Redmond,WA,98052,1500000,5,3.5,Idylwood,3115,12600,1972,38,482,,Pending,,,https://www.redfin.com/WA/Redmond/17424-NE-33rd-St-98052/home/503690,NWMLS as Distributed by MLS Grid,2214787,N,Y,47.6396125,-122.1070913
PAST SALE,March-8-2019,Single Family Residential,13316 NE 89th,Redmond,WA,98052,935000,2,2.5,Redmond,1870,3269,1986,38,500,250,Pending,,,https://www.redfin.com/WA/Redmond/13316-NE-89th-St-98052/home/513469,NWMLS as Distributed by MLS Grid,2215482,N,Y,47.6819825,-122.1627617
PAST SALE,,Condo/Co-op,19391 NE 69th Cir #102,Redmond,WA,98052,799990,2,2,Union Hill,1367,,2024,40,585,372,Pending,,,https://www.redfin.com/WA/Redmond/19391-NE-69th-Cir-98052/unit-102/home/187945340,NWMLS as Distributed by MLS Grid,2170506,N,Y,47.6665298,-122.0805722
MLS Listing,,Single Family Residential,14324 Woodinville Redmond Rd NE,Redmond,WA,98052,3300000,1,1,Hollywood Hill,1150,134600,1928,42,2870,,Active,,,https://www.redfin.com/WA/Redmond/14324-Woodinville-Redmond-Rd-NE-98052/home/448762,NWMLS as Distributed by MLS Grid,2219155,N,Y,47.7301818,-122.1390508
PAST SALE,,Townhouse,19358 NE 69th Cir #102,Redmond,WA,98052,944990,2,2.5,Union Hill,1461,,2024,52,647,282,Pending,,,https://www.redfin.com/WA/Redmond/19358-NE-69th-Cir-98052/unit-102/home/188824578,NWMLS as Distributed by MLS Grid,2184081,N,Y,47.6674607,-122.0815726
MLS Listing,,Single Family Residential,2345 West Lake Sammamish Pkwy NE,Redmond,WA,98052,3695000,5,5,West Lake Sammamish,4730,13511,2023,56,781,,Active,,,https://www.redfin.com/WA/Redmond/2345-W-Lake-Sammamish-Pkwy-NE-98052/home/22224726,NWMLS as Distributed by MLS Grid,2213496,N,Y,47.630342,-122.088925
MLS Listing,,Condo/Co-op,17404 NE 45th St #170,Redmond,WA,98052,800000,3,2,Microsoft,1542,381078,1968,56,519,978,Active,,,https://www.redfin.com/WA/Redmond/17404-NE-45th-St-98052/unit-170/home/190247873,NWMLS as Distributed by MLS Grid,2197525,N,Y,47.6500601,-122.1094337
MLS Listing,,Single Family Residential,5204 154th Ave NE,Redmond,WA,98052,1999999,4,3,Redmond,2150,15458,1979,56,930,,Active,,,https://www.redfin.com/WA/Redmond/5204-154th-Ave-NE-98052/home/504959,NWMLS as Distributed by MLS Grid,2212618,N,Y,47.655707,-122.1347039
PAST SALE,,Townhouse,7994 170th Ave NE,Redmond,WA,98052,1600000,3,3.5,Downtown Redmond,2605,1471,2023,57,614,217,Pending,,,https://www.redfin.com/WA/Redmond/7994-170th-Ave-NE-98052/home/182061182,NWMLS as Distributed by MLS Grid,2186165,N,Y,47.674659,-122.113652
MLS Listing,,Single Family Residential,2002 W Lake Sammamish Pkwy NE,Redmond,WA,98052,4200000,4,2.5,Lake Sammamish,3360,10311,1982,62,1250,,Active,,,https://www.redfin.com/WA/Redmond/2002-W-Lake-Sammamish-Pkwy-NE-98052/home/326269,NWMLS as Distributed by MLS Grid,2210855,N,Y,47.6275676,-122.0879844
PAST SALE,,Townhouse,19345 NE 69th Cir #105,Redmond,WA,98052,939990,2,2.5,Union Hill,1424,,2024,63,660,282,Pending,,,https://www.redfin.com/WA/Redmond/19345-NE-69th-Cir-98052/unit-105/home/187472436,NWMLS as Distributed by MLS Grid,2161979,N,Y,47.6670594,-122.0817511
PAST SALE,July-31-1998,Single Family Residential,3408 W Lake Sammamish Pkwy NE,Redmond,WA,98052,7750000,6,5.5,West Lake Sammamish,6418,20119,1975,69,1208,,Pending,,,https://www.redfin.com/WA/Redmond/3408-W-Lake-Sammamish-Pkwy-NE-98052/home/327132,NWMLS as Distributed by MLS Grid,2197539,N,Y,47.6408417,-122.1001444
MLS Listing,,Single Family Residential,16230 NE 108th Ct,Redmond,WA,98052,1690000,5,5,Education Hill,2550,7956,1980,77,663,,Active,,,https://www.redfin.com/WA/Redmond/16230-NE-108th-Ct-98052/home/322824,NWMLS as Distributed by MLS Grid,2204567,N,Y,47.6973491,-122.1229485
PAST SALE,,Condo/Co-op,13377 NE 112th (Homesite 13) Pl,Redmond,WA,98052,1156995,2,2,Rose Hill,1259,,2025,88,919,297,Pending,,,https://www.redfin.com/WA/Redmond/13377-NE-112th-Pl-98052/home/189730562,NWMLS as Distributed by MLS Grid,2199767,N,Y,47.7014937,-122.1617595
PAST SALE,,Condo/Co-op,11131 134th (Homesite 18) Ct NE,Redmond,WA,98052,1233026,3,3,Rose Hill,1488,,2024,107,829,297,Pending,,,https://www.redfin.com/WA/Redmond/11131-134th-Ct-NE-98052/home/187609190,NWMLS as Distributed by MLS Grid,2172266,N,Y,47.7013021,-122.1621246
MLS Listing,,Vacant Land,16422 NE 43rd Ct,Redmond,WA,98052,1100000,,,Microsoft,,17415,,108,,,Active,,,https://www.redfin.com/WA/Redmond/16422-NE-43rd-Ct-98052/home/22418878,NWMLS as Distributed by MLS Grid,2166386,N,Y,47.64848,-122.120365
PAST SALE,,Vacant Land,11217 167th Ct NE,Redmond,WA,98052,445000,,,Education Hill,,40041,,126,,,Pending,,,https://www.redfin.com/WA/Redmond/11217-167th-Ct-NE-98052/home/175702110,NWMLS as Distributed by MLS Grid,1806721,N,Y,47.7009566,-122.1170919
PAST SALE,,Condo/Co-op,13339 NE 112th (Homesite 17) Pl,Redmond,WA,98052,1185420,3,3,Rose Hill,1499,,2024,131,791,297,Pending,,,https://www.redfin.com/WA/Redmond/13339-NE-112th-Pl-98052/home/187383442,NWMLS as Distributed by MLS Grid,2158748,N,Y,47.7014224,-122.1621931
PAST SALE,,Condo/Co-op,13345 NE 112th (Homesite 16) Pl,Redmond,WA,98052,1194177,3,3,Rose Hill,1499,,2024,134,797,297,Pending,,,https://www.redfin.com/WA/Redmond/13345-NE-112th-Pl-98052/home/187797382,NWMLS as Distributed by MLS Grid,2160117,N,Y,47.7014582,-122.1621748
MLS Listing,,Multi-Family (2-4 Unit),17101 NE 80th St,Redmond,WA,98052,1800000,5,3,Downtown Redmond,2220,11400,1959,161,811,,Active,,,https://www.redfin.com/WA/Redmond/17101-NE-80th-St-98052/home/2066789,NWMLS as Distributed by MLS Grid,2184423,N,Y,47.6746514,-122.1121559
PAST SALE,,Vacant Land,16113 NE 124th St,Redmond,WA,98052,300000,,,Redmond,,101059,,194,,,Pending,,,https://www.redfin.com/WA/Redmond/16113-NE-124-St-98052/home/22511714,NWMLS as Distributed by MLS Grid,2166358,N,Y,47.7105338,-122.12451
PAST SALE,August-21-2015,Single Family Residential,16012 NE 95th Ct,Redmond,WA,98052,1149000,4,3,Education Hill,2090,14701,1978,239,550,,Pending,,,https://www.redfin.com/WA/Redmond/16012-NE-95th-Ct-98052/home/324885,NWMLS as Distributed by MLS Grid,2040109,N,Y,47.6864912,-122.126377
New Construction Home,,Townhouse,19344 NE 69th Cir #102,Redmond,WA,98052,1024990,2,2.5,Redmond,1398,,2024,4,733,,Active,,,https://www.redfin.com/WA/Redmond/19344-NE-69th-Cir-98052/unit-102/home/190757519,Zillow,CACC97FC8554,N,Y,47.6667704,-122.0818499
New Construction Plan,,Townhouse,Plan 3I Plan,Redmond,WA,98052,1518900,4,3.5,Redmond,2429,,,3,625,186,Active,,,https://www.redfin.com/WA/Redmond/Redmond/Plan-3I/home/188854318,Zillow,88CF2E41FCF2,N,Y,47.710628509521484,-122.1552124
New Construction Plan,,Townhouse,Plan 2C Plan,Redmond,WA,98052,1048900,2,2.5,Redmond,1539,,,3,682,186,Active,,,https://www.redfin.com/WA/Redmond/Redmond/Plan-2C/home/188825778,Zillow,28CCAABA27BC,N,Y,47.710628509521484,-122.1552124
New Construction Plan,,Townhouse,Plan 4A Plan,Redmond,WA,98052,1393900,4,3.5,Redmond,2188,,,3,637,186,Active,,,https://www.redfin.com/WA/Redmond/Redmond/Plan-4A/home/190779980,Zillow,3E3AA82707AF,N,Y,47.710628509521484,-122.1552124
New Construction Plan,,Townhouse,E1A Plan,Redmond,WA,98052,1014990,2,2.5,Redmond,1448,,,7,701,,Active,,,https://www.redfin.com/WA/Redmond/Redmond/E1A/home/190738642,Zillow,3A8594281397,N,Y,47.6674389,-122.0827644
New Construction Plan,,Townhouse,E1B Plan,Redmond,WA,98052,1014990,2,2.5,Redmond,1398,,,7,726,,Active,,,https://www.redfin.com/WA/Redmond/Redmond/E1B/home/190738579,Zillow,049F133ABF86,N,Y,47.6674389,-122.0827644
New Construction Plan,,Townhouse,E3D Plan,Redmond,WA,98052,1329990,3,3.5,Redmond,1769,,,7,752,,Active,,,https://www.redfin.com/WA/Redmond/Redmond/E3D/home/190738432,Zillow,38CC4F87A9AF,N,Y,47.6674389,-122.0827644
New Construction Plan,,Condo/Co-op,Poppy Plan,Redmond,WA,98052,1256995,2,2,Redmond,1259,,,12,998,,Active,,,https://www.redfin.com/WA/Redmond/Redmond/Poppy/home/190690100,Zillow,C20AC827054F,N,Y,47.7022339,-122.1606168
PAST SALE,August-30-1984,Single Family Residential,18820 NE Novelty Hill Rd,Redmond,WA,98052,1250000,3,1.5,Novelty Hill,2460,55321,1942,6,508,,Pending,,,https://www.redfin.com/WA/Redmond/18820-NE-Novelty-Hill-Rd-98052/home/445594,NWMLS as Distributed by MLS Grid,2219469,N,Y,47.689687,-122.0889524
MLS Listing,,Condo/Co-op,8411 169th Pl NE #102,Redmond,WA,98052,1350000,3,3.5,Downtown Redmond,2335,,2014,55,578,710,Active,,,https://www.redfin.com/WA/Redmond/8411-196th-PL-NE-98052/unit-102/home/190263991,NWMLS as Distributed by MLS Grid,2214051,N,Y,47.67892,-122.079206
MLS Listing,,Mobile/Manufactured Home,18808 NE 106th St,Redmond,WA,98052,5200000,2,1.5,Avondale,1056,608315,2009,105,4924,,Active,,,https://www.redfin.com/WA/Redmond/18808-NE-106th-St-98052/home/189599539,NWMLS as Distributed by MLS Grid,2195452,N,Y,47.6945302,-122.0858462
